ticker,companyname,transcriptid,keydevid,headline,call_date,total_sentences,ai_sentence_count,ai_intensity,hype_period
DRI,1&1 AG,1697303.0,606394604.0,"1&1 Drillisch AG, 2018 Earnings Call, Mar 28, 2019",2019-03-28,933,0,0.0,2019 Pre-Pandemic Baseline
1U1,1&1 AG,1759569.0,613614302.0,"1&1 Drillisch AG, Q1 2019 Earnings Call, May 15, 2019",2019-05-15,500,0,0.0,2019 Pre-Pandemic Baseline
DRI,1&1 AG,1811068.0,633240865.0,"1&1 Drillisch AG, H1 2019 Earnings Call, Aug 15, 2019",2019-08-15,718,0,0.0,2019 Pre-Pandemic Baseline
1U1,1&1 AG,1876630.0,643780295.0,"1&1 Drillisch AG, Q3 2019 Earnings Call, Nov 12, 2019",2019-11-12,464,0,0.0,2019 Pre-Pandemic Baseline
ABT,Abbott Laboratories,1640280.0,595353008.0,"Abbott Laboratories, Q4 2018 Earnings Call, Jan 23, 2019",2019-01-23,563,0,0.0,2019 Pre-Pandemic Baseline
ABT,Abbott Laboratories,1701600.0,606986650.0,"Abbott Laboratories, Q1 2019 Earnings Call, Apr 17, 2019",2019-04-17,552,0,0.0,2019 Pre-Pandemic Baseline
ABT,Abbott Laboratories,1773679.0,622961692.0,"Abbott Laboratories, Q2 2019 Earnings Call, Jul 17, 2019",2019-07-17,519,0,0.0,2019 Pre-Pandemic Baseline
ABT,Abbott Laboratories,1834216.0,637508538.0,"Abbott Laboratories, Q3 2019 Earnings Call, Oct 16, 2019",2019-10-16,550,0,0.0,2019 Pre-Pandemic Baseline
ABBV,AbbVie Inc.,1642397.0,596990338.0,"AbbVie Inc., Q4 2018 Earnings Call, Jan 25, 2019",2019-01-25,458,0,0.0,2019 Pre-Pandemic Baseline
ABBV,AbbVie Inc.,1708683.0,608688882.0,"AbbVie Inc., Q1 2019 Earnings Call, Apr 25, 2019",2019-04-25,511,0,0.0,2019 Pre-Pandemic Baseline
ABBV,AbbVie Inc.,1782376.0,628996893.0,"AbbVie Inc., Q2 2019 Earnings Call, Jul 26, 2019",2019-07-26,464,0,0.0,2019 Pre-Pandemic Baseline
ABBV,AbbVie Inc.,1851146.0,639811876.0,"AbbVie Inc., Q3 2019 Earnings Call, Nov 01, 2019",2019-11-01,500,0,0.0,2019 Pre-Pandemic Baseline
ACN,Accenture plc,1694792.0,606095840.0,"Accenture plc, Q2 2019 Earnings Call, Mar 28, 2019",2019-03-28,423,10,0.0236406619385342,2019 Pre-Pandemic Baseline
ACN,Accenture plc,1768176.0,620430808.0,"Accenture plc, Q3 2019 Earnings Call, Jun 27, 2019",2019-06-27,446,5,0.0112107623318385,2019 Pre-Pandemic Baseline
ACN,Accenture plc,1829320.0,636448675.0,"Accenture plc, Q4 2019 Earnings Call, Sep 26, 2019",2019-09-26,447,4,0.0089485458612975,2019 Pre-Pandemic Baseline
ACN,Accenture plc,1886924.0,646278183.0,"Accenture plc, Q1 2020 Earnings Call, Dec 19, 2019",2019-12-19,469,1,0.0021321961620469,2019 Pre-Pandemic Baseline
ADBE,Adobe Inc.,1689535.0,583406922.0,"Adobe Systems Incorporated, Q1 2019 Earnings Call, Mar 14, 2019",2019-03-14,458,1,0.0021834061135371,2019 Pre-Pandemic Baseline
ADBE,Adobe Inc.,1767920.0,583407002.0,"Adobe Systems Incorporated, Q2 2019 Earnings Call, Jun 18, 2019",2019-06-18,378,5,0.0132275132275132,2019 Pre-Pandemic Baseline
ADBE,Adobe Inc.,1825894.0,583407020.0,"Adobe Systems Incorporated, Q3 2019 Earnings Call, Sep 17, 2019",2019-09-17,438,2,0.0045662100456621,2019 Pre-Pandemic Baseline
ADBE,Adobe Inc.,1885233.0,583407040.0,"Adobe Systems Incorporated, Q4 2019 Earnings Call, Dec 12, 2019",2019-12-12,387,1,0.0025839793281653,2019 Pre-Pandemic Baseline
AMD,"Advanced Micro Devices, Inc.",1643513.0,598582501.0,"Advanced Micro Devices, Inc., Q4 2018 Earnings Call, Jan 29, 2019",2019-01-29,447,2,0.0044742729306487,2019 Pre-Pandemic Baseline
AMD,"Advanced Micro Devices, Inc.",1716972.0,610819996.0,"Advanced Micro Devices, Inc., Q1 2019 Earnings Call, Apr 30, 2019",2019-04-30,376,4,0.0106382978723404,2019 Pre-Pandemic Baseline
AMD,"Advanced Micro Devices, Inc.",1789337.0,629694643.0,"Advanced Micro Devices, Inc., Q2 2019 Earnings Call, Jul 30, 2019",2019-07-30,458,1,0.0021834061135371,2019 Pre-Pandemic Baseline
AMD,"Advanced Micro Devices, Inc.",1846373.0,640605287.0,"Advanced Micro Devices, Inc., Q3 2019 Earnings Call, Oct 29, 2019",2019-10-29,445,0,0.0,2019 Pre-Pandemic Baseline
ARE,Aecon Group Inc.,1710100.0,601900740.0,"Aecon Group Inc., Q4 2018 Earnings Call, Mar 06, 2019",2019-03-06,227,0,0.0,2019 Pre-Pandemic Baseline
ARE,Aecon Group Inc.,1716993.0,607087563.0,"Aecon Group Inc., Q1 2019 Earnings Call, Apr 26, 2019",2019-04-26,378,0,0.0,2019 Pre-Pandemic Baseline
ARE,Aecon Group Inc.,1784584.0,626132555.0,"Aecon Group Inc., Q2 2019 Earnings Call, Jul 26, 2019",2019-07-26,354,0,0.0,2019 Pre-Pandemic Baseline
ARE,Aecon Group Inc.,1851299.0,634816200.0,"Aecon Group Inc., Q3 2019 Earnings Call, Nov 01, 2019",2019-11-01,332,0,0.0,2019 Pre-Pandemic Baseline
AFL,Aflac Incorporated,1647229.0,595150780.0,"Aflac Incorporated, Q4 2018 Earnings Call, Feb 01, 2019",2019-02-01,471,0,0.0,2019 Pre-Pandemic Baseline
AFL,Aflac Incorporated,1712266.0,595150784.0,"Aflac Incorporated, Q1 2019 Earnings Call, Apr 26, 2019",2019-04-26,439,0,0.0,2019 Pre-Pandemic Baseline
AFL,Aflac Incorporated,1782387.0,595150796.0,"Aflac Incorporated, Q2 2019 Earnings Call, Jul 26, 2019",2019-07-26,522,0,0.0,2019 Pre-Pandemic Baseline
AFL,Aflac Incorporated,2087675.0,595150838.0,"Aflac Incorporated, Q3 2019 Earnings Call, Oct 25, 2019",2019-10-25,373,0,0.0,2019 Pre-Pandemic Baseline
A,"Agilent Technologies, Inc.",1671092.0,598751479.0,"Agilent Technologies, Inc., Q1 2019 Earnings Call, Feb 20, 2019",2019-02-20,655,0,0.0,2019 Pre-Pandemic Baseline
A,"Agilent Technologies, Inc.",1748146.0,610742442.0,"Agilent Technologies, Inc., Q2 2019 Earnings Call, May 14, 2019",2019-05-14,621,0,0.0,2019 Pre-Pandemic Baseline
A,"Agilent Technologies, Inc.",1808745.0,630887832.0,"Agilent Technologies, Inc., Q3 2019 Earnings Call, Aug 14, 2019",2019-08-14,645,0,0.0,2019 Pre-Pandemic Baseline
A,"Agilent Technologies, Inc.",1876419.0,641411528.0,"Agilent Technologies, Inc., Q4 2019 Earnings Call, Nov 25, 2019",2019-11-25,651,0,0.0,2019 Pre-Pandemic Baseline
APD,"Air Products and Chemicals, Inc.",1641437.0,596859634.0,"Air Products and Chemicals, Inc., Q1 2019 Earnings Call, Jan 25, 2019",2019-01-25,612,0,0.0,2019 Pre-Pandemic Baseline
APD,"Air Products and Chemicals, Inc.",1778815.0,607552592.0,"Air Products and Chemicals, Inc., Q2 2019 Earnings Call, Apr 24, 2019",2019-04-24,535,0,0.0,2019 Pre-Pandemic Baseline
APD,"Air Products and Chemicals, Inc.",1782048.0,625876599.0,"Air Products and Chemicals, Inc., Q3 2019 Earnings Call, Jul 25, 2019",2019-07-25,383,0,0.0,2019 Pre-Pandemic Baseline
APD,"Air Products and Chemicals, Inc.",1864277.0,638928143.0,"Air Products and Chemicals, Inc., Q4 2019 Earnings Call, Nov 07, 2019",2019-11-07,574,0,0.0,2019 Pre-Pandemic Baseline
AKAM,"Akamai Technologies, Inc.",1659154.0,597816737.0,"Akamai Technologies, Inc., Q4 2018 Earnings Call, Feb 12, 2019",2019-02-12,558,0,0.0,2019 Pre-Pandemic Baseline
AKAM,"Akamai Technologies, Inc.",1716628.0,608833316.0,"Akamai Technologies, Inc., Q1 2019 Earnings Call, Apr 30, 2019",2019-04-30,608,1,0.0016447368421052,2019 Pre-Pandemic Baseline
AKAM,"Akamai Technologies, Inc.",1812112.0,626543461.0,"Akamai Technologies, Inc., Q2 2019 Earnings Call, Jul 30, 2019",2019-07-30,631,0,0.0,2019 Pre-Pandemic Baseline
AKAM,"Akamai Technologies, Inc.",1849497.0,639141421.0,"Akamai Technologies, Inc., Q3 2019 Earnings Call, Oct 28, 2019",2019-10-28,590,0,0.0,2019 Pre-Pandemic Baseline
ALB,Albemarle Corporation,1665720.0,598582543.0,"Albemarle Corporation, Q4 2018 Earnings Call, Feb 21, 2019",2019-02-21,490,0,0.0,2019 Pre-Pandemic Baseline
ALB,Albemarle Corporation,1741438.0,608869688.0,"Albemarle Corporation, Q1 2019 Earnings Call, May 09, 2019",2019-05-09,570,0,0.0,2019 Pre-Pandemic Baseline
ALB,Albemarle Corporation,1803244.0,629100053.0,"Albemarle Corporation, Q2 2019 Earnings Call, Aug 08, 2019",2019-08-08,524,0,0.0,2019 Pre-Pandemic Baseline
ALB,Albemarle Corporation,1869235.0,640146007.0,"Albemarle Corporation, Q3 2019 Earnings Call, Nov 07, 2019",2019-11-07,508,0,0.0,2019 Pre-Pandemic Baseline
ARE,"Alexandria Real Estate Equities, Inc.",1651109.0,594568362.0,"Alexandria Real Estate Equities, Inc., Q4 2018 Earnings Call, Feb 05, 2019",2019-02-05,470,1,0.002127659574468,2019 Pre-Pandemic Baseline
ARE,"Alexandria Real Estate Equities, Inc.",1814626.0,605327298.0,"Alexandria Real Estate Equities, Inc., Q1 2019 Earnings Call, Apr 30, 2019",2019-04-30,436,0,0.0,2019 Pre-Pandemic Baseline
ARE,"Alexandria Real Estate Equities, Inc.",1788804.0,620516365.0,"Alexandria Real Estate Equities, Inc., Q2 2019 Earnings Call, Jul 30, 2019",2019-07-30,465,0,0.0,2019 Pre-Pandemic Baseline
ARE,"Alexandria Real Estate Equities, Inc.",1849517.0,637513448.0,"Alexandria Real Estate Equities, Inc., Q3 2019 Earnings Call, Oct 29, 2019",2019-10-29,372,0,0.0,2019 Pre-Pandemic Baseline
ALGN,"Align Technology, Inc.",1643172.0,596852943.0,"Align Technology, Inc., Q4 2018 Earnings Call, Jan 29, 2019",2019-01-29,632,0,0.0,2019 Pre-Pandemic Baseline
ALGN,"Align Technology, Inc.",1715149.0,608382945.0,"Align Technology, Inc., Q1 2019 Earnings Call, Apr 24, 2019",2019-04-24,612,0,0.0,2019 Pre-Pandemic Baseline
ALGN,"Align Technology, Inc.",1780433.0,626543389.0,"Align Technology, Inc., Q2 2019 Earnings Call, Jul 24, 2019",2019-07-24,623,0,0.0,2019 Pre-Pandemic Baseline
ALGN,"Align Technology, Inc.",1839608.0,639047603.0,"Align Technology, Inc., Q3 2019 Earnings Call, Oct 23, 2019",2019-10-23,534,0,0.0,2019 Pre-Pandemic Baseline
ALLE,Allegion plc,1662919.0,599276888.0,"Allegion plc, Q4 2018 Earnings Call, Feb 19, 2019",2019-02-19,485,0,0.0,2019 Pre-Pandemic Baseline
ALLE,Allegion plc,1708802.0,607941856.0,"Allegion plc, Q1 2019 Earnings Call, Apr 25, 2019",2019-04-25,366,0,0.0,2019 Pre-Pandemic Baseline
ALLE,Allegion plc,1781873.0,626254236.0,"Allegion plc, Q2 2019 Earnings Call, Jul 25, 2019",2019-07-25,429,0,0.0,2019 Pre-Pandemic Baseline
ALLE,Allegion plc,1841881.0,638517219.0,"Allegion plc, Q3 2019 Earnings Call, Oct 24, 2019",2019-10-24,371,0,0.0,2019 Pre-Pandemic Baseline
AMZN,"Amazon.com, Inc.",1645771.0,598708760.0,"Amazon.com, Inc., Q4 2018 Earnings Call, Jan 31, 2019",2019-01-31,272,0,0.0,2019 Pre-Pandemic Baseline
AMZN,"Amazon.com, Inc.",1732356.0,610035066.0,"Amazon.com, Inc., Q1 2019 Earnings Call, Apr 25, 2019",2019-04-25,317,0,0.0,2019 Pre-Pandemic Baseline
AMZN,"Amazon.com, Inc.",1781312.0,629095391.0,"Amazon.com, Inc., Q2 2019 Earnings Call, Jul 25, 2019",2019-07-25,281,5,0.0177935943060498,2019 Pre-Pandemic Baseline
AMZN,"Amazon.com, Inc.",1840684.0,640141071.0,"Amazon.com, Inc., Q3 2019 Earnings Call, Oct 24, 2019",2019-10-24,244,2,0.0081967213114754,2019 Pre-Pandemic Baseline
AMCR,Amcor plc,1810852.0,631926449.0,"Amcor plc, 2019 Earnings Call, Aug 20, 2019",2019-08-20,538,0,0.0,2019 Pre-Pandemic Baseline
AMCR,Amcor plc,1861919.0,641391815.0,"Amcor plc, Q1 2020 Earnings Call, Nov 07, 2019",2019-11-07,555,0,0.0,2019 Pre-Pandemic Baseline
AEE,Ameren Corporation,1660109.0,598683843.0,"Ameren Corporation, Q4 2018 Earnings Call, Feb 14, 2019",2019-02-14,425,0,0.0,2019 Pre-Pandemic Baseline
AEE,Ameren Corporation,1735462.0,610765793.0,"Ameren Corporation, Q1 2019 Earnings Call, May 09, 2019",2019-05-09,309,0,0.0,2019 Pre-Pandemic Baseline
AEE,Ameren Corporation,1848440.0,628621338.0,"Ameren Corporation, Q2 2019 Earnings Call, Aug 02, 2019",2019-08-02,378,0,0.0,2019 Pre-Pandemic Baseline
AEE,Ameren Corporation,1865255.0,639068457.0,"Ameren Corporation, Q3 2019 Earnings Call, Nov 08, 2019",2019-11-08,392,0,0.0,2019 Pre-Pandemic Baseline
AEP,"American Electric Power Company, Inc.",1641000.0,598383799.0,"American Electric Power Company, Inc., Q4 2018 Earnings Call, Jan 24, 2019",2019-01-24,513,0,0.0,2019 Pre-Pandemic Baseline
AEP,"American Electric Power Company, Inc.",1715709.0,610682374.0,"American Electric Power Company, Inc., Q1 2019 Earnings Call, Apr 25, 2019",2019-04-25,412,0,0.0,2019 Pre-Pandemic Baseline
AEP,"American Electric Power Company, Inc.",1784503.0,629625489.0,"American Electric Power Company, Inc., Q2 2019 Earnings Call, Jul 25, 2019",2019-07-25,502,0,0.0,2019 Pre-Pandemic Baseline
AEP,"American Electric Power Company, Inc.",1841900.0,638915171.0,"American Electric Power Company, Inc., Q3 2019 Earnings Call, Oct 24, 2019",2019-10-24,528,0,0.0,2019 Pre-Pandemic Baseline
AXP,American Express Company,1638709.0,595602290.0,"American Express Company, Q4 2018 Earnings Call, Jan 17, 2019",2019-01-17,489,1,0.0020449897750511,2019 Pre-Pandemic Baseline
AXP,American Express Company,1701781.0,606868865.0,"American Express Company, Q1 2019 Earnings Call, Apr 18, 2019",2019-04-18,480,0,0.0,2019 Pre-Pandemic Baseline
AXP,American Express Company,1775619.0,622970335.0,"American Express Company, Q2 2019 Earnings Call, Jul 19, 2019",2019-07-19,463,1,0.0021598272138228,2019 Pre-Pandemic Baseline
AXP,American Express Company,1836291.0,637498316.0,"American Express Company, Q3 2019 Earnings Call, Oct 18, 2019",2019-10-18,539,0,0.0,2019 Pre-Pandemic Baseline
AIG,"American International Group, Inc.",1664742.0,599273971.0,"American International Group, Inc., Q4 2018 Earnings Call, Feb 14, 2019",2019-02-14,732,0,0.0,2019 Pre-Pandemic Baseline
AIG,"American International Group, Inc.",1732636.0,608836870.0,"American International Group, Inc., Q1 2019 Earnings Call, May 07, 2019",2019-05-07,510,0,0.0,2019 Pre-Pandemic Baseline
AIG,"American International Group, Inc.",1801570.0,626005206.0,"American International Group, Inc., Q2 2019 Earnings Call, Aug 08, 2019",2019-08-08,457,0,0.0,2019 Pre-Pandemic Baseline
AIG,"American International Group, Inc.",1851726.0,640896279.0,"American International Group, Inc., Q3 2019 Earnings Call, Nov 01, 2019",2019-11-01,525,0,0.0,2019 Pre-Pandemic Baseline
AMT,American Tower Corporation,1676858.0,598436119.0,"American Tower Corporation (REIT), Q4 2018 Earnings Call, Feb 27, 2019",2019-02-27,418,0,0.0,2019 Pre-Pandemic Baseline
AMT,American Tower Corporation,1722488.0,608196241.0,"American Tower Corporation (REIT), Q1 2019 Earnings Call, May 03, 2019",2019-05-03,468,0,0.0,2019 Pre-Pandemic Baseline
AMT,American Tower Corporation,1790923.0,626210564.0,"American Tower Corporation (REIT), Q2 2019 Earnings Call, Jul 31, 2019",2019-07-31,477,0,0.0,2019 Pre-Pandemic Baseline
AMT,American Tower Corporation,1878019.0,639074871.0,"American Tower Corporation (REIT), Q3 2019 Earnings Call, Oct 31, 2019",2019-10-31,470,0,0.0,2019 Pre-Pandemic Baseline
AMP,"Ameriprise Financial, Inc.",1646056.0,594928034.0,"Ameriprise Financial, Inc., Q4 2018 Earnings Call, Jan 31, 2019",2019-01-31,555,0,0.0,2019 Pre-Pandemic Baseline
AMP,"Ameriprise Financial, Inc.",1708127.0,609967314.0,"Ameriprise Financial, Inc., Q1 2019 Earnings Call, Apr 25, 2019",2019-04-25,527,0,0.0,2019 Pre-Pandemic Baseline
AMP,"Ameriprise Financial, Inc.",1782014.0,629693172.0,"Ameriprise Financial, Inc., Q2 2019 Earnings Call, Jul 25, 2019",2019-07-25,547,0,0.0,2019 Pre-Pandemic Baseline
AMP,"Ameriprise Financial, Inc.",1842546.0,640117786.0,"Ameriprise Financial, Inc., Q3 2019 Earnings Call, Oct 24, 2019",2019-10-24,566,0,0.0,2019 Pre-Pandemic Baseline
AME,"AMETEK, Inc.",1650443.0,598410050.0,"AMETEK, Inc., Q4 2018 Earnings Call, Feb 05, 2019",2019-02-05,602,0,0.0,2019 Pre-Pandemic Baseline
AME,"AMETEK, Inc.",1744623.0,609964770.0,"AMETEK, Inc., Q1 2019 Earnings Call, May 01, 2019",2019-05-01,519,0,0.0,2019 Pre-Pandemic Baseline
AME,"AMETEK, Inc.",1786802.0,629201618.0,"AMETEK, Inc., Q2 2019 Earnings Call, Jul 30, 2019",2019-07-30,459,0,0.0,2019 Pre-Pandemic Baseline
AME,"AMETEK, Inc.",1850595.0,640102112.0,"AMETEK, Inc., Q3 2019 Earnings Call, Oct 31, 2019",2019-10-31,572,0,0.0,2019 Pre-Pandemic Baseline
APH,Amphenol Corporation,1640455.0,569556871.0,"Amphenol Corporation, Q4 2018 Earnings Call, Jan 23, 2019",2019-01-23,654,0,0.0,2019 Pre-Pandemic Baseline
APH,Amphenol Corporation,1706403.0,602462239.0,"Amphenol Corporation, Q1 2019 Earnings Call, Apr 24, 2019",2019-04-24,519,0,0.0,2019 Pre-Pandemic Baseline
APH,Amphenol Corporation,1780232.0,615840878.0,"Amphenol Corporation, Q2 2019 Earnings Call, Jul 24, 2019",2019-07-24,665,0,0.0,2019 Pre-Pandemic Baseline
APH,Amphenol Corporation,1850465.0,635462931.0,"Amphenol Corporation, Q3 2019 Earnings Call, Oct 23, 2019",2019-10-23,602,0,0.0,2019 Pre-Pandemic Baseline
AMP,Amplifon S.p.A.,1684837.0,593500301.0,"Amplifon SpA, 2018 Earnings Call, Mar 05, 2019",2019-03-05,633,1,0.0015797788309636,2019 Pre-Pandemic Baseline
AMP,Amplifon S.p.A.,1751284.0,593500298.0,"Amplifon SpA, Q1 2019 Earnings Call, May 07, 2019",2019-05-07,258,0,0.0,2019 Pre-Pandemic Baseline
AMP,Amplifon S.p.A.,1790161.0,593500289.0,"Amplifon SpA, H1 2019 Earnings Call, Jul 30, 2019",2019-07-30,338,0,0.0,2019 Pre-Pandemic Baseline
AMP,Amplifon S.p.A.,1856089.0,593500286.0,"Amplifon SpA, Q3 2019 Earnings Call, Oct 30, 2019",2019-10-30,328,0,0.0,2019 Pre-Pandemic Baseline
ADI,"Analog Devices, Inc.",1664515.0,599409955.0,"Analog Devices, Inc., Q1 2019 Earnings Call, Feb 20, 2019",2019-02-20,429,0,0.0,2019 Pre-Pandemic Baseline
ADI,"Analog Devices, Inc.",1808984.0,611521543.0,"Analog Devices, Inc., Q2 2019 Earnings Call, May 22, 2019",2019-05-22,404,0,0.0,2019 Pre-Pandemic Baseline
ADI,"Analog Devices, Inc.",1818919.0,630919294.0,"Analog Devices, Inc., Q3 2019 Earnings Call, Aug 21, 2019",2019-08-21,424,0,0.0,2019 Pre-Pandemic Baseline
ADI,"Analog Devices, Inc.",1880345.0,642381248.0,"Analog Devices, Inc., Q4 2019 Earnings Call, Nov 26, 2019",2019-11-26,412,0,0.0,2019 Pre-Pandemic Baseline
AON,Aon plc,1646270.0,598046996.0,"Aon plc, Q4 2018 Earnings Call, Feb 01, 2019",2019-02-01,674,0,0.0,2019 Pre-Pandemic Baseline
AON,Aon plc,1715893.0,609892433.0,"Aon plc, Q1 2019 Earnings Call, Apr 26, 2019",2019-04-26,443,0,0.0,2019 Pre-Pandemic Baseline
AON,Aon plc,1782657.0,628843820.0,"Aon plc, Q2 2019 Earnings Call, Jul 26, 2019",2019-07-26,435,2,0.0045977011494252,2019 Pre-Pandemic Baseline
AON,Aon plc,1842005.0,640004162.0,"Aon plc, Q3 2019 Earnings Call, Oct 25, 2019",2019-10-25,524,1,0.0019083969465648,2019 Pre-Pandemic Baseline
AOS,A. O. Smith Corporation,1642992.0,597177183.0,"A. O. Smith Corporation, Q4 2018 Earnings Call, Jan 29, 2019",2019-01-29,507,0,0.0,2019 Pre-Pandemic Baseline
AOS,A. O. Smith Corporation,1718477.0,608475776.0,"A. O. Smith Corporation, Q1 2019 Earnings Call, Apr 30, 2019",2019-04-30,460,0,0.0,2019 Pre-Pandemic Baseline
AOS,A. O. Smith Corporation,1788795.0,628402604.0,"A. O. Smith Corporation, Q2 2019 Earnings Call, Jul 30, 2019",2019-07-30,369,0,0.0,2019 Pre-Pandemic Baseline
AOS,A. O. Smith Corporation,1846512.0,639287963.0,"A. O. Smith Corporation, Q3 2019 Earnings Call, Oct 29, 2019",2019-10-29,401,0,0.0,2019 Pre-Pandemic Baseline
APA,APA Corporation,1678354.0,599548193.0,"Apache Corporation, Q4 2018 Earnings Call, Feb 28, 2019",2019-02-28,501,0,0.0,2019 Pre-Pandemic Baseline
APA,APA Corporation,1731334.0,609892568.0,"Apache Corporation, Q1 2019 Earnings Call, May 02, 2019",2019-05-02,527,0,0.0,2019 Pre-Pandemic Baseline
APA,APA Corporation,1796303.0,629966686.0,"Apache Corporation, Q2 2019 Earnings Call, Aug 01, 2019",2019-08-01,422,0,0.0,2019 Pre-Pandemic Baseline
APA,APA Corporation,1850993.0,640757190.0,"Apache Corporation, Q3 2019 Earnings Call, Oct 31, 2019",2019-10-31,492,0,0.0,2019 Pre-Pandemic Baseline
APO,"Apollo Global Management, Inc.",1701683.0,598421073.0,"Apollo Global Management, LLC, Q4 2018 Earnings Call, Jan 31, 2019",2019-01-31,343,0,0.0,2019 Pre-Pandemic Baseline
APO,"Apollo Global Management, Inc.",1731418.0,609748853.0,"Apollo Global Management, LLC, Q1 2019 Earnings Call, May 02, 2019",2019-05-02,371,0,0.0,2019 Pre-Pandemic Baseline
APO,"Apollo Global Management, Inc.",1788595.0,628706237.0,"Apollo Global Management, LLC, Q2 2019 Earnings Call, Jul 31, 2019",2019-07-31,350,0,0.0,2019 Pre-Pandemic Baseline
APO,"Apollo Global Management, Inc.",1867954.0,638085239.0,"Apollo Global Management, Inc., Q3 2019 Earnings Call, Oct 31, 2019",2019-10-31,347,0,0.0,2019 Pre-Pandemic Baseline
AAPL,Apple Inc.,1643659.0,596879715.0,"Apple Inc., Q1 2019 Earnings Call, Jan 29, 2019",2019-01-29,422,1,0.0023696682464454,2019 Pre-Pandemic Baseline
AAPL,Apple Inc.,1716751.0,609759753.0,"Apple Inc., Q2 2019 Earnings Call, Apr 30, 2019",2019-04-30,384,0,0.0,2019 Pre-Pandemic Baseline
AAPL,Apple Inc.,1829669.0,626871270.0,"Apple Inc., Q3 2019 Earnings Call, Jul 30, 2019",2019-07-30,422,2,0.0047393364928909,2019 Pre-Pandemic Baseline
AAPL,Apple Inc.,1860712.0,639037114.0,"Apple Inc., Q4 2019 Earnings Call, Oct 30, 2019",2019-10-30,440,0,0.0,2019 Pre-Pandemic Baseline
AMAT,"Applied Materials, Inc.",1659736.0,600557702.0,"Applied Materials, Inc., Q1 2019 Earnings Call, Feb 14, 2019",2019-02-14,445,7,0.0157303370786516,2019 Pre-Pandemic Baseline
AMAT,"Applied Materials, Inc.",1752564.0,612246382.0,"Applied Materials, Inc., Q2 2019 Earnings Call, May 16, 2019",2019-05-16,494,11,0.0222672064777327,2019 Pre-Pandemic Baseline
AMAT,"Applied Materials, Inc.",1810108.0,631743002.0,"Applied Materials, Inc., Q3 2019 Earnings Call, Aug 15, 2019",2019-08-15,476,6,0.0126050420168067,2019 Pre-Pandemic Baseline
AMAT,"Applied Materials, Inc.",1878063.0,642469217.0,"Applied Materials, Inc., Q4 2019 Earnings Call, Nov 14, 2019",2019-11-14,531,6,0.0112994350282485,2019 Pre-Pandemic Baseline
APTV,Aptiv PLC,1645112.0,598436128.0,"Aptiv PLC, Q4 2018 Earnings Call, Jan 31, 2019",2019-01-31,683,1,0.0014641288433382,2019 Pre-Pandemic Baseline
APTV,Aptiv PLC,2090429.0,609978221.0,"Aptiv PLC, Q1 2019 Earnings Call, May 02, 2019",2019-05-02,601,1,0.0016638935108153,2019 Pre-Pandemic Baseline
APTV,Aptiv PLC,1790910.0,626545185.0,"Aptiv PLC, Q2 2019 Earnings Call, Jul 31, 2019",2019-07-31,672,0,0.0,2019 Pre-Pandemic Baseline
APTV,Aptiv PLC,1849552.0,639176833.0,"Aptiv PLC, Q3 2019 Earnings Call, Oct 30, 2019",2019-10-30,543,0,0.0,2019 Pre-Pandemic Baseline
ACGL,Arch Capital Group Ltd.,1657991.0,597693288.0,"Arch Capital Group Ltd., Q4 2018 Earnings Call, Feb 13, 2019",2019-02-13,468,0,0.0,2019 Pre-Pandemic Baseline
ACGL,Arch Capital Group Ltd.,1720502.0,607658759.0,"Arch Capital Group Ltd., Q1 2019 Earnings Call, May 01, 2019",2019-05-01,346,0,0.0,2019 Pre-Pandemic Baseline
ACGL,Arch Capital Group Ltd.,1790020.0,626723360.0,"Arch Capital Group Ltd., Q2 2019 Earnings Call, Jul 30, 2019",2019-07-30,279,0,0.0,2019 Pre-Pandemic Baseline
ACGL,Arch Capital Group Ltd.,1849477.0,637700392.0,"Arch Capital Group Ltd., Q3 2019 Earnings Call, Oct 30, 2019",2019-10-30,424,0,0.0,2019 Pre-Pandemic Baseline
ADM,Archer-Daniels-Midland Company,1647933.0,598417678.0,"Archer-Daniels-Midland Company, Q4 2018 Earnings Call, Feb 05, 2019",2019-02-05,500,0,0.0,2019 Pre-Pandemic Baseline
ADM,Archer-Daniels-Midland Company,1713789.0,608962340.0,"Archer-Daniels-Midland Company, Q1 2019 Earnings Call, Apr 26, 2019",2019-04-26,661,0,0.0,2019 Pre-Pandemic Baseline
ADM,Archer-Daniels-Midland Company,1791133.0,626314416.0,"Archer-Daniels-Midland Company, Q2 2019 Earnings Call, Aug 01, 2019",2019-08-01,548,0,0.0,2019 Pre-Pandemic Baseline
ADM,Archer-Daniels-Midland Company,1850585.0,640117084.0,"Archer-Daniels-Midland Company, Q3 2019 Earnings Call, Oct 31, 2019",2019-10-31,610,1,0.001639344262295,2019 Pre-Pandemic Baseline
ARES,Ares Management Corporation,1660320.0,598582815.0,"Ares Management Corporation, Q4 2018 Earnings Call, Feb 14, 2019",2019-02-14,453,0,0.0,2019 Pre-Pandemic Baseline
ARES,Ares Management Corporation,1721443.0,608334127.0,"Ares Management Corporation, Q1 2019 Earnings Call, May 02, 2019",2019-05-02,344,0,0.0,2019 Pre-Pandemic Baseline
ARES,Ares Management Corporation,1809401.0,628779959.0,"Ares Management Corporation, Q2 2019 Earnings Call, Jul 31, 2019",2019-07-31,372,0,0.0,2019 Pre-Pandemic Baseline
ARES,Ares Management Corporation,1851364.0,639613217.0,"Ares Management Corporation, Q3 2019 Earnings Call, Oct 31, 2019",2019-10-31,362,0,0.0,2019 Pre-Pandemic Baseline
ANET,"Arista Networks, Inc.",1689557.0,598710060.0,"Arista Networks, Inc., Q4 2018 Earnings Call, Feb 14, 2019",2019-02-14,562,0,0.0,2019 Pre-Pandemic Baseline
ANET,"Arista Networks, Inc.",2092295.0,608871246.0,"Arista Networks, Inc., Q1 2019 Earnings Call, May 02, 2019",2019-05-02,592,0,0.0,2019 Pre-Pandemic Baseline
ANET,"Arista Networks, Inc.",1813616.0,626868841.0,"Arista Networks, Inc., Q2 2019 Earnings Call, Aug 01, 2019",2019-08-01,523,0,0.0,2019 Pre-Pandemic Baseline
ANET,"Arista Networks, Inc.",1851273.0,639254017.0,"Arista Networks, Inc., Q3 2019 Earnings Call, Oct 31, 2019",2019-10-31,548,1,0.0018248175182481,2019 Pre-Pandemic Baseline
AJG,Arthur J. Gallagher & Co.,1652904.0,598310551.0,"Arthur J. Gallagher & Co., Q4 2018 Earnings Call, Jan 31, 2019",2019-01-31,488,0,0.0,2019 Pre-Pandemic Baseline
AJG,Arthur J. Gallagher & Co.,1711509.0,610030245.0,"Arthur J. Gallagher & Co., Q1 2019 Earnings Call, Apr 25, 2019",2019-04-25,427,0,0.0,2019 Pre-Pandemic Baseline
AJG,Arthur J. Gallagher & Co.,1781297.0,629072030.0,"Arthur J. Gallagher & Co., Q2 2019 Earnings Call, Jul 25, 2019",2019-07-25,407,0,0.0,2019 Pre-Pandemic Baseline
AJG,Arthur J. Gallagher & Co.,1840724.0,639076391.0,"Arthur J. Gallagher & Co., Q3 2019 Earnings Call, Oct 24, 2019",2019-10-24,346,0,0.0,2019 Pre-Pandemic Baseline
AIZ,"Assurant, Inc.",1658915.0,598321350.0,"Assurant, Inc., Q4 2018 Earnings Call, Feb 13, 2019",2019-02-13,501,1,0.0019960079840319,2019 Pre-Pandemic Baseline
AIZ,"Assurant, Inc.",1731879.0,609771776.0,"Assurant, Inc., Q1 2019 Earnings Call, May 07, 2019",2019-05-07,319,0,0.0,2019 Pre-Pandemic Baseline
AIZ,"Assurant, Inc.",1816969.0,628718897.0,"Assurant, Inc., Q2 2019 Earnings Call, Aug 07, 2019",2019-08-07,497,0,0.0,2019 Pre-Pandemic Baseline
AIZ,"Assurant, Inc.",1863501.0,639722800.0,"Assurant, Inc., Q3 2019 Earnings Call, Nov 06, 2019",2019-11-06,430,0,0.0,2019 Pre-Pandemic Baseline
ATO,Atmos Energy Corporation,1651617.0,597399085.0,"Atmos Energy Corporation, Q1 2019 Earnings Call, Feb 06, 2019",2019-02-06,235,0,0.0,2019 Pre-Pandemic Baseline
ATO,Atmos Energy Corporation,1761591.0,610530937.0,"Atmos Energy Corporation, Q2 2019 Earnings Call, May 08, 2019",2019-05-08,318,0,0.0,2019 Pre-Pandemic Baseline
ATO,Atmos Energy Corporation,1804951.0,628633435.0,"Atmos Energy Corporation, Q3 2019 Earnings Call, Aug 08, 2019",2019-08-08,297,0,0.0,2019 Pre-Pandemic Baseline
ATO,Atmos Energy Corporation,1863938.0,639832447.0,"Atmos Energy Corporation, Q4 2019 Earnings Call, Nov 07, 2019",2019-11-07,169,0,0.0,2019 Pre-Pandemic Baseline
ADSK,"Autodesk, Inc.",1678350.0,600558906.0,"Autodesk, Inc., Q4 2019 Earnings Call, Feb 28, 2019",2019-02-28,534,1,0.0018726591760299,2019 Pre-Pandemic Baseline
ADSK,"Autodesk, Inc.",1751341.0,612148322.0,"Autodesk, Inc., Q1 2020 Earnings Call, May 23, 2019",2019-05-23,583,0,0.0,2019 Pre-Pandemic Baseline
ADSK,"Autodesk, Inc.",1813982.0,631622716.0,"Autodesk, Inc., Q2 2020 Earnings Call, Aug 27, 2019",2019-08-27,589,0,0.0,2019 Pre-Pandemic Baseline
ADSK,"Autodesk, Inc.",1880429.0,642471512.0,"Autodesk, Inc., Q3 2020 Earnings Call, Nov 26, 2019",2019-11-26,597,4,0.0067001675041876,2019 Pre-Pandemic Baseline
ADP,"Automatic Data Processing, Inc.",1644778.0,595699574.0,"Automatic Data Processing, Inc., Q2 2019 Earnings Call, Jan 30, 2019",2019-01-30,524,0,0.0,2019 Pre-Pandemic Baseline
ADP,"Automatic Data Processing, Inc.",1719882.0,606986674.0,"Automatic Data Processing, Inc., Q3 2019 Earnings Call, May 01, 2019",2019-05-01,508,0,0.0,2019 Pre-Pandemic Baseline
ADP,"Automatic Data Processing, Inc.",1790842.0,625815020.0,"Automatic Data Processing, Inc., Q4 2019 Earnings Call, Jul 31, 2019",2019-07-31,610,1,0.001639344262295,2019 Pre-Pandemic Baseline
ADP,"Automatic Data Processing, Inc.",1849551.0,637164506.0,"Automatic Data Processing, Inc., Q1 2020 Earnings Call, Oct 30, 2019",2019-10-30,492,1,0.0020325203252032,2019 Pre-Pandemic Baseline
AZO,"AutoZone, Inc.",1672468.0,601950538.0,"AutoZone, Inc., Q2 2019 Earnings Call, Feb 26, 2019",2019-02-26,466,0,0.0,2019 Pre-Pandemic Baseline
AZO,"AutoZone, Inc.",1752340.0,612724224.0,"AutoZone, Inc., Q3 2019 Earnings Call, May 21, 2019",2019-05-21,492,0,0.0,2019 Pre-Pandemic Baseline
AZO,"AutoZone, Inc.",1828408.0,634110705.0,"AutoZone, Inc., Q4 2019 Earnings Call, Sep 24, 2019",2019-09-24,458,0,0.0,2019 Pre-Pandemic Baseline
AZO,"AutoZone, Inc.",1886559.0,645796914.0,"AutoZone, Inc., Q1 2020 Earnings Call, Dec 10, 2019",2019-12-10,498,0,0.0,2019 Pre-Pandemic Baseline
AVB,"AvalonBay Communities, Inc.",1653432.0,596877473.0,"AvalonBay Communities, Inc., Q4 2018 Earnings Call, Feb 05, 2019",2019-02-05,652,0,0.0,2019 Pre-Pandemic Baseline
AVB,"AvalonBay Communities, Inc.",1711277.0,607941108.0,"AvalonBay Communities, Inc., Q1 2019 Earnings Call, Apr 25, 2019",2019-04-25,499,1,0.002004008016032,2019 Pre-Pandemic Baseline
AVB,"AvalonBay Communities, Inc.",1831322.0,626209329.0,"AvalonBay Communities, Inc., Q2 2019 Earnings Call, Aug 01, 2019",2019-08-01,523,1,0.0019120458891013,2019 Pre-Pandemic Baseline
AVB,"AvalonBay Communities, Inc.",1853145.0,638353163.0,"AvalonBay Communities, Inc., Q3 2019 Earnings Call, Oct 29, 2019",2019-10-29,789,3,0.0038022813688212,2019 Pre-Pandemic Baseline
AVY,Avery Dennison Corporation,1643707.0,598585258.0,"Avery Dennison Corporation, Q4 2018 Earnings Call, Jan 30, 2019",2019-01-30,390,0,0.0,2019 Pre-Pandemic Baseline
AVY,Avery Dennison Corporation,1706355.0,609936517.0,"Avery Dennison Corporation, Q1 2019 Earnings Call, Apr 24, 2019",2019-04-24,318,0,0.0,2019 Pre-Pandemic Baseline
AVY,Avery Dennison Corporation,1778168.0,629287738.0,"Avery Dennison Corporation, Q2 2019 Earnings Call, Jul 23, 2019",2019-07-23,313,0,0.0,2019 Pre-Pandemic Baseline
AVY,Avery Dennison Corporation,1839988.0,640761587.0,"Avery Dennison Corporation, Q3 2019 Earnings Call, Oct 23, 2019",2019-10-23,412,0,0.0,2019 Pre-Pandemic Baseline
AAXN,"Axon Enterprise, Inc.",1680045.0,602255989.0,"Axon Enterprise, Inc., Q4 2018 Earnings Call, Feb 26, 2019",2019-02-26,500,2,0.004,2019 Pre-Pandemic Baseline
AAXN,"Axon Enterprise, Inc.",2206171.0,610898707.0,"Axon Enterprise, Inc., Q1 2019 Earnings Call, May 09, 2019",2019-05-09,375,5,0.0133333333333333,2019 Pre-Pandemic Baseline
AAXN,"Axon Enterprise, Inc.",1805373.0,630848058.0,"Axon Enterprise, Inc., Q2 2019 Earnings Call, Aug 08, 2019",2019-08-08,374,1,0.0026737967914438,2019 Pre-Pandemic Baseline
AAXN,"Axon Enterprise, Inc.",2206192.0,641568814.0,"Axon Enterprise, Inc., Q3 2019 Earnings Call, Nov 07, 2019",2019-11-07,326,1,0.0030674846625766,2019 Pre-Pandemic Baseline
BHGE,Baker Hughes Company,1645120.0,597138306.0,"Baker Hughes, a GE company, Q4 2018 Earnings Call, Jan 31, 2019",2019-01-31,505,1,0.0019801980198019,2019 Pre-Pandemic Baseline
BHGE,Baker Hughes Company,1718857.0,608964845.0,"Baker Hughes, a GE company, Q1 2019 Earnings Call, Apr 30, 2019",2019-04-30,487,0,0.0,2019 Pre-Pandemic Baseline
BHGE,Baker Hughes Company,1791047.0,626899381.0,"Baker Hughes, a GE company, Q2 2019 Earnings Call, Jul 31, 2019",2019-07-31,500,11,0.022,2019 Pre-Pandemic Baseline
BKR,Baker Hughes Company,1849448.0,638947646.0,"Baker Hughes, a GE company, Q3 2019 Earnings Call, Oct 30, 2019",2019-10-30,505,6,0.0118811881188118,2019 Pre-Pandemic Baseline
BAC,Bank of America Corporation,1637141.0,571373191.0,"Bank of America Corporation, Q4 2018 Earnings Call, Jan 16, 2019",2019-01-16,670,0,0.0,2019 Pre-Pandemic Baseline
BAC,Bank of America Corporation,1700392.0,571373521.0,"Bank of America Corporation, Q1 2019 Earnings Call, Apr 16, 2019",2019-04-16,747,0,0.0,2019 Pre-Pandemic Baseline
BAC,Bank of America Corporation,1773466.0,571373756.0,"Bank of America Corporation, Q2 2019 Earnings Call, Jul 17, 2019",2019-07-17,891,0,0.0,2019 Pre-Pandemic Baseline
BAC,Bank of America Corporation,1834118.0,571373816.0,"Bank of America Corporation, Q3 2019 Earnings Call, Oct 16, 2019",2019-10-16,756,1,0.0013227513227513,2019 Pre-Pandemic Baseline
BG,BAWAG Group AG,1663078.0,602753025.0,"BAWAG Group AG, 2018 Earnings Call, Feb 19, 2019",2019-02-19,451,0,0.0,2019 Pre-Pandemic Baseline
BG,BAWAG Group AG,1739487.0,613333895.0,"BAWAG Group AG, Q1 2019 Earnings Call, May 14, 2019",2019-05-14,365,0,0.0,2019 Pre-Pandemic Baseline
BG,BAWAG Group AG,1790250.0,630215450.0,"BAWAG Group AG, Q2 2019 Earnings Call, Jul 30, 2019",2019-07-30,373,0,0.0,2019 Pre-Pandemic Baseline
BG,BAWAG Group AG,1850551.0,641541654.0,"BAWAG Group AG, Q3 2019 Earnings Call, Oct 29, 2019",2019-10-29,313,0,0.0,2019 Pre-Pandemic Baseline
BAX,Baxter International Inc.,1668266.0,595843512.0,"Baxter International Inc., Q4 2018 Earnings Call, Jan 31, 2019",2019-01-31,611,0,0.0,2019 Pre-Pandemic Baseline
BAX,Baxter International Inc.,1708582.0,604625739.0,"Baxter International Inc., Q1 2019 Earnings Call, Apr 25, 2019",2019-04-25,511,0,0.0,2019 Pre-Pandemic Baseline
BAX,Baxter International Inc.,1784497.0,604625872.0,"Baxter International Inc., Q2 2019 Earnings Call, Jul 25, 2019",2019-07-25,488,0,0.0,2019 Pre-Pandemic Baseline
BAX,Baxter International Inc.,1839410.0,627004465.0,"Baxter International Inc., Q3 2019 Earnings Call, Oct 24, 2019",2019-10-24,532,0,0.0,2019 Pre-Pandemic Baseline
BDX,"Becton, Dickinson and Company",1650925.0,597539994.0,"Becton, Dickinson and Company, Q1 2019 Earnings Call, Feb 05, 2019",2019-02-05,634,0,0.0,2019 Pre-Pandemic Baseline
BDX,"Becton, Dickinson and Company",1734328.0,608871183.0,"Becton, Dickinson and Company, Q2 2019 Earnings Call, May 09, 2019",2019-05-09,593,0,0.0,2019 Pre-Pandemic Baseline
BDX,"Becton, Dickinson and Company",1816888.0,626752826.0,"Becton, Dickinson and Company, Q3 2019 Earnings Call, Aug 06, 2019",2019-08-06,600,0,0.0,2019 Pre-Pandemic Baseline
BDX,"Becton, Dickinson and Company",1870878.0,639302911.0,"Becton, Dickinson and Company, Q4 2019 Earnings Call, Nov 05, 2019",2019-11-05,632,0,0.0,2019 Pre-Pandemic Baseline
BBY,"Best Buy Co., Inc.",1676709.0,597410592.0,"Best Buy Co., Inc., Q4 2019 Earnings Call, Feb 27, 2019",2019-02-27,450,0,0.0,2019 Pre-Pandemic Baseline
BBY,"Best Buy Co., Inc.",2087497.0,611384534.0,"Best Buy Co., Inc., Q1 2020 Earnings Call, May 23, 2019",2019-05-23,416,0,0.0,2019 Pre-Pandemic Baseline
BBY,"Best Buy Co., Inc.",1814774.0,626549125.0,"Best Buy Co., Inc., Q2 2020 Earnings Call, Aug 29, 2019",2019-08-29,495,0,0.0,2019 Pre-Pandemic Baseline
BBY,"Best Buy Co., Inc.",1880310.0,640600626.0,"Best Buy Co., Inc., Q3 2020 Earnings Call, Nov 26, 2019",2019-11-26,470,0,0.0,2019 Pre-Pandemic Baseline
BIIB,Biogen Inc.,1643455.0,594480124.0,"Biogen Inc., Q4 2018 Earnings Call, Jan 29, 2019",2019-01-29,506,0,0.0,2019 Pre-Pandemic Baseline
BIIB,Biogen Inc.,1704769.0,606314778.0,"Biogen Inc., Q1 2019 Earnings Call, Apr 24, 2019",2019-04-24,537,0,0.0,2019 Pre-Pandemic Baseline
BIIB,Biogen Inc.,1828933.0,623081556.0,"Biogen Inc., Q2 2019 Earnings Call, Jul 23, 2019",2019-07-23,489,0,0.0,2019 Pre-Pandemic Baseline
BIIB,Biogen Inc.,1837531.0,636659489.0,"Biogen Inc., Q3 2019 Earnings Call, Oct 22, 2019",2019-10-22,530,0,0.0,2019 Pre-Pandemic Baseline
BLK,"BlackRock, Inc.",1637165.0,596859740.0,"BlackRock, Inc., Q4 2018 Earnings Call, Jan 16, 2019",2019-01-16,375,0,0.0,2019 Pre-Pandemic Baseline
BLK,"BlackRock, Inc.",1699933.0,608493583.0,"BlackRock, Inc., Q1 2019 Earnings Call, Apr 16, 2019",2019-04-16,398,1,0.0025125628140703,2019 Pre-Pandemic Baseline
BLK,"BlackRock, Inc.",1775445.0,626528513.0,"BlackRock, Inc., Q2 2019 Earnings Call, Jul 19, 2019",2019-07-19,342,0,0.0,2019 Pre-Pandemic Baseline
BLK,"BlackRock, Inc.",1833340.0,639059421.0,"BlackRock, Inc., Q3 2019 Earnings Call, Oct 15, 2019",2019-10-15,411,0,0.0,2019 Pre-Pandemic Baseline
BX,Blackstone Inc.,1645084.0,597020372.0,"The Blackstone Group L.P., Q4 2018 Earnings Call, Jan 31, 2019",2019-01-31,420,0,0.0,2019 Pre-Pandemic Baseline
BX,Blackstone Inc.,1702458.0,607542665.0,"The Blackstone Group L.P., Q1 2019 Earnings Call, Apr 18, 2019",2019-04-18,444,0,0.0,2019 Pre-Pandemic Baseline
BX,Blackstone Inc.,1775565.0,626012976.0,"The Blackstone Group L.P., Q2 2019 Earnings Call, Jul 18, 2019",2019-07-18,378,0,0.0,2019 Pre-Pandemic Baseline
BX,Blackstone Inc.,1839427.0,639158529.0,"The Blackstone Group Inc., Q3 2019 Earnings Call, Oct 23, 2019",2019-10-23,317,0,0.0,2019 Pre-Pandemic Baseline
BKNG,Booking Holdings Inc.,1676809.0,600445338.0,"Booking Holdings Inc., Q4 2018 Earnings Call, Feb 27, 2019",2019-02-27,601,3,0.0049916805324459,2019 Pre-Pandemic Baseline
BKNG,Booking Holdings Inc.,1762043.0,612169663.0,"Booking Holdings Inc., Q1 2019 Earnings Call, May 09, 2019",2019-05-09,494,2,0.0040485829959514,2019 Pre-Pandemic Baseline
BKNG,Booking Holdings Inc.,1832304.0,631252319.0,"Booking Holdings Inc., Q2 2019 Earnings Call, Aug 07, 2019",2019-08-07,534,2,0.0037453183520599,2019 Pre-Pandemic Baseline
BKNG,Booking Holdings Inc.,1873493.0,641935702.0,"Booking Holdings Inc., Q3 2019 Earnings Call, Nov 07, 2019",2019-11-07,566,1,0.0017667844522968,2019 Pre-Pandemic Baseline
BSX,Boston Scientific Corporation,1651587.0,597154071.0,"Boston Scientific Corporation, Q4 2018 Earnings Call, Feb 06, 2019",2019-02-06,467,0,0.0,2019 Pre-Pandemic Baseline
BSX,Boston Scientific Corporation,1750209.0,607812860.0,"Boston Scientific Corporation, Q1 2019 Earnings Call, Apr 24, 2019",2019-04-24,496,0,0.0,2019 Pre-Pandemic Baseline
BSX,Boston Scientific Corporation,1779521.0,626523352.0,"Boston Scientific Corporation, Q2 2019 Earnings Call, Jul 24, 2019",2019-07-24,505,0,0.0,2019 Pre-Pandemic Baseline
BSX,Boston Scientific Corporation,1839133.0,639053580.0,"Boston Scientific Corporation, Q3 2019 Earnings Call, Oct 23, 2019",2019-10-23,494,0,0.0,2019 Pre-Pandemic Baseline
BMY,Bristol-Myers Squibb Company,1642412.0,593891237.0,"Bristol-Myers Squibb Company, Q4 2018 Earnings Call, Jan 24, 2019",2019-01-24,540,0,0.0,2019 Pre-Pandemic Baseline
BMY,Bristol-Myers Squibb Company,1708138.0,605655396.0,"Bristol-Myers Squibb Company, Q1 2019 Earnings Call, Apr 25, 2019",2019-04-25,498,0,0.0,2019 Pre-Pandemic Baseline
BMY,Bristol-Myers Squibb Company,1781409.0,618855428.0,"Bristol-Myers Squibb Company, Q2 2019 Earnings Call, Jul 25, 2019",2019-07-25,420,0,0.0,2019 Pre-Pandemic Baseline
BMY,Bristol-Myers Squibb Company,1868548.0,636727648.0,"Bristol-Myers Squibb Company, Q3 2019 Earnings Call, Oct 31, 2019",2019-10-31,389,0,0.0,2019 Pre-Pandemic Baseline
BR,"Broadridge Financial Solutions, Inc.",1654256.0,598587581.0,"Broadridge Financial Solutions, Inc., Q2 2019 Earnings Call, Feb 07, 2019",2019-02-07,474,3,0.0063291139240506,2019 Pre-Pandemic Baseline
BR,"Broadridge Financial Solutions, Inc.",1741166.0,611911217.0,"Broadridge Financial Solutions, Inc., Q3 2019 Earnings Call, May 07, 2019",2019-05-07,412,0,0.0,2019 Pre-Pandemic Baseline
BR,"Broadridge Financial Solutions, Inc.",1793346.0,630576047.0,"Broadridge Financial Solutions, Inc., Q4 2019 Earnings Call, Aug 01, 2019",2019-08-01,462,2,0.0043290043290043,2019 Pre-Pandemic Baseline
BR,"Broadridge Financial Solutions, Inc.",1861278.0,641500014.0,"Broadridge Financial Solutions, Inc., Q1 2020 Earnings Call, Nov 06, 2019",2019-11-06,363,0,0.0,2019 Pre-Pandemic Baseline
BRO,"Brown & Brown, Inc.",1645913.0,596881211.0,"Brown & Brown, Inc., Q4 2018 Earnings Call, Jan 29, 2019",2019-01-29,651,0,0.0,2019 Pre-Pandemic Baseline
BRO,"Brown & Brown, Inc.",1702984.0,608154869.0,"Brown & Brown, Inc., Q1 2019 Earnings Call, Apr 23, 2019",2019-04-23,534,0,0.0,2019 Pre-Pandemic Baseline
BRO,"Brown & Brown, Inc.",1793893.0,626308057.0,"Brown & Brown, Inc., Q2 2019 Earnings Call, Jul 23, 2019",2019-07-23,502,0,0.0,2019 Pre-Pandemic Baseline
BRO,"Brown & Brown, Inc.",1848681.0,638082234.0,"Brown & Brown, Inc., Q3 2019 Earnings Call, Oct 29, 2019",2019-10-29,407,0,0.0,2019 Pre-Pandemic Baseline
BLDR,"Builders FirstSource, Inc.",1682880.0,597539811.0,"Builders FirstSource, Inc., Q4 2018 Earnings Call, Mar 01, 2019",2019-03-01,491,0,0.0,2019 Pre-Pandemic Baseline
BLDR,"Builders FirstSource, Inc.",1726727.0,608870761.0,"Builders FirstSource, Inc., Q1 2019 Earnings Call, May 03, 2019",2019-05-03,414,0,0.0,2019 Pre-Pandemic Baseline
BLDR,"Builders FirstSource, Inc.",1800686.0,628632312.0,"Builders FirstSource, Inc., Q2 2019 Earnings Call, Aug 02, 2019",2019-08-02,514,0,0.0,2019 Pre-Pandemic Baseline
BLDR,"Builders FirstSource, Inc.",1851138.0,639834621.0,"Builders FirstSource, Inc., Q3 2019 Earnings Call, Nov 01, 2019",2019-11-01,513,0,0.0,2019 Pre-Pandemic Baseline
BG,Bunge Global SA,1667219.0,599546926.0,"Bunge Limited, Q4 2018 Earnings Call, Feb 21, 2019",2019-02-21,495,0,0.0,2019 Pre-Pandemic Baseline
BG,Bunge Global SA,1732883.0,609890155.0,"Bunge Limited, Q1 2019 Earnings Call, May 08, 2019",2019-05-08,428,0,0.0,2019 Pre-Pandemic Baseline
BG,Bunge Global SA,1814004.0,628843971.0,"Bunge Limited, Q2 2019 Earnings Call, Jul 31, 2019",2019-07-31,348,0,0.0,2019 Pre-Pandemic Baseline
BG,Bunge Global SA,1848590.0,639177034.0,"Bunge Limited, Q3 2019 Earnings Call, Oct 30, 2019",2019-10-30,294,0,0.0,2019 Pre-Pandemic Baseline
BXP,"BXP, Inc.",1644879.0,571963268.0,"Boston Properties, Inc., Q4 2018 Earnings Call, Jan 30, 2019",2019-01-30,614,0,0.0,2019 Pre-Pandemic Baseline
BXP,"BXP, Inc.",1732100.0,611072751.0,"Boston Properties, Inc., Q1 2019 Earnings Call, May 01, 2019",2019-05-01,625,0,0.0,2019 Pre-Pandemic Baseline
BXP,"BXP, Inc.",2489301.0,629693396.0,"Boston Properties, Inc., Q2 2019 Earnings Call, Jul 31, 2019",2019-07-31,553,0,0.0,2019 Pre-Pandemic Baseline
BXP,"BXP, Inc.",1860978.0,639719043.0,"Boston Properties, Inc., Q3 2019 Earnings Call, Oct 30, 2019",2019-10-30,727,0,0.0,2019 Pre-Pandemic Baseline
CDNS,"Cadence Design Systems, Inc.",1662443.0,597035880.0,"Cadence Design Systems, Inc., Q4 2018 Earnings Call, Feb 19, 2019",2019-02-19,439,11,0.0250569476082004,2019 Pre-Pandemic Baseline
CDNS,"Cadence Design Systems, Inc.",1702287.0,608981002.0,"Cadence Design Systems, Inc., Q1 2019 Earnings Call, Apr 22, 2019",2019-04-22,326,10,0.0306748466257668,2019 Pre-Pandemic Baseline
CDNS,"Cadence Design Systems, Inc.",1776490.0,628632146.0,"Cadence Design Systems, Inc., Q2 2019 Earnings Call, Jul 22, 2019",2019-07-22,332,5,0.0150602409638554,2019 Pre-Pandemic Baseline
CDNS,"Cadence Design Systems, Inc.",1837539.0,639419334.0,"Cadence Design Systems, Inc., Q3 2019 Earnings Call, Oct 21, 2019",2019-10-21,463,18,0.038876889848812,2019 Pre-Pandemic Baseline
CPT,Camden Property Trust,1652393.0,597427791.0,"Camden Property Trust, Q4 2018 Earnings Call, Feb 01, 2019",2019-02-01,543,0,0.0,2019 Pre-Pandemic Baseline
CPT,Camden Property Trust,1726791.0,608569516.0,"Camden Property Trust, Q1 2019 Earnings Call, May 03, 2019",2019-05-03,449,0,0.0,2019 Pre-Pandemic Baseline
CPT,Camden Property Trust,1784345.0,625696131.0,"Camden Property Trust, Q2 2019 Earnings Call, Jul 26, 2019",2019-07-26,483,0,0.0,2019 Pre-Pandemic Baseline
CPT,Camden Property Trust,1855818.0,639078535.0,"Camden Property Trust, Q3 2019 Earnings Call, Nov 01, 2019",2019-11-01,566,0,0.0,2019 Pre-Pandemic Baseline
CF,Canaccord Genuity Group Inc.,1660930.0,600347673.0,"Canaccord Genuity Group Inc., Q3 2019 Earnings Call, Feb 14, 2019",2019-02-14,343,0,0.0,2019 Pre-Pandemic Baseline
CCI,Canaccord Genuity Group Inc.,1763753.0,614562937.0,"Canaccord Genuity Group Inc., Q4 2019 Earnings Call, Jun 06, 2019",2019-06-06,353,0,0.0,2019 Pre-Pandemic Baseline
CF,Canaccord Genuity Group Inc.,1813148.0,630578517.0,"Canaccord Genuity Group Inc., Q1 2020 Earnings Call, Aug 07, 2019",2019-08-07,274,0,0.0,2019 Pre-Pandemic Baseline
CF,Canaccord Genuity Group Inc.,1872865.0,641478449.0,"Canaccord Genuity Group Inc., Q2 2020 Earnings Call, Nov 07, 2019",2019-11-07,267,0,0.0,2019 Pre-Pandemic Baseline
COF,Capital One Financial Corporation,1639236.0,595504355.0,"Capital One Financial Corporation, Q4 2018 Earnings Call, Jan 22, 2019",2019-01-22,458,0,0.0,2019 Pre-Pandemic Baseline
COF,Capital One Financial Corporation,1711576.0,607125571.0,"Capital One Financial Corporation, Q1 2019 Earnings Call, Apr 25, 2019",2019-04-25,471,1,0.0021231422505307,2019 Pre-Pandemic Baseline
COF,Capital One Financial Corporation,1775382.0,622700226.0,"Capital One Financial Corporation, Q2 2019 Earnings Call, Jul 18, 2019",2019-07-18,391,0,0.0,2019 Pre-Pandemic Baseline
COF,Capital One Financial Corporation,1840666.0,638192329.0,"Capital One Financial Corporation, Q3 2019 Earnings Call, Oct 24, 2019",2019-10-24,463,0,0.0,2019 Pre-Pandemic Baseline
CAH,"Cardinal Health, Inc.",1651773.0,598290761.0,"Cardinal Health, Inc., Q2 2019 Earnings Call, Feb 07, 2019",2019-02-07,536,0,0.0,2019 Pre-Pandemic Baseline
CAH,"Cardinal Health, Inc.",1750557.0,610454897.0,"Cardinal Health, Inc., Q3 2019 Earnings Call, May 09, 2019",2019-05-09,480,0,0.0,2019 Pre-Pandemic Baseline
CAH,"Cardinal Health, Inc.",1804648.0,628571033.0,"Cardinal Health, Inc., Q4 2019 Earnings Call, Aug 08, 2019",2019-08-08,470,0,0.0,2019 Pre-Pandemic Baseline
CAH,"Cardinal Health, Inc.",1872640.0,639810484.0,"Cardinal Health, Inc., Q1 2020 Earnings Call, Nov 07, 2019",2019-11-07,510,1,0.0019607843137254,2019 Pre-Pandemic Baseline
CCL,Carnival Corporation & plc,1693850.0,606877439.0,"Carnival Corporation, Q1 2019 Earnings Call, Mar 26, 2019",2019-03-26,515,0,0.0,2019 Pre-Pandemic Baseline
CCL,Carnival Corporation & plc,2059736.0,623142433.0,"Carnival Corporation, Q2 2019 Earnings Call, Jun 20, 2019",2019-06-20,542,0,0.0,2019 Pre-Pandemic Baseline
CCL,Carnival Corporation & plc,1829645.0,638076119.0,"Carnival Corporation & Plc, Q3 2019 Earnings Call, Sep 26, 2019",2019-09-26,480,0,0.0,2019 Pre-Pandemic Baseline
CCL,Carnival Corporation & plc,2059733.0,648277706.0,"Carnival Corporation & Plc, Q4 2019 Earnings Call, Dec 20, 2019",2019-12-20,577,0,0.0,2019 Pre-Pandemic Baseline
CVNA,Carvana Co.,1698611.0,599351469.0,"Carvana Co., Q4 2018 Earnings Call, Feb 27, 2019",2019-02-27,622,0,0.0,2019 Pre-Pandemic Baseline
CVNA,Carvana Co.,1739388.0,609889729.0,"Carvana Co., Q1 2019 Earnings Call, May 08, 2019",2019-05-08,461,3,0.0065075921908893,2019 Pre-Pandemic Baseline
CVNA,Carvana Co.,1803678.0,628845150.0,"Carvana Co., Q2 2019 Earnings Call, Aug 07, 2019",2019-08-07,534,0,0.0,2019 Pre-Pandemic Baseline
CVNA,Carvana Co.,1861477.0,640008370.0,"Carvana Co., Q3 2019 Earnings Call, Nov 06, 2019",2019-11-06,500,0,0.0,2019 Pre-Pandemic Baseline
CASY,"Casey's General Stores, Inc.",1688389.0,604577514.0,"Casey's General Stores, Inc., Q3 2019 Earnings Call, Mar 12, 2019",2019-03-12,543,0,0.0,2019 Pre-Pandemic Baseline
CASY,"Casey's General Stores, Inc.",1762314.0,618797295.0,"Casey's General Stores, Inc., Q4 2019 Earnings Call, Jun 11, 2019",2019-06-11,656,0,0.0,2019 Pre-Pandemic Baseline
CASY,"Casey's General Stores, Inc.",1827241.0,636303964.0,"Casey's General Stores, Inc., Q1 2020 Earnings Call, Sep 10, 2019",2019-09-10,500,0,0.0,2019 Pre-Pandemic Baseline
CASY,"Casey's General Stores, Inc.",1886843.0,646208002.0,"Casey's General Stores, Inc., Q2 2020 Earnings Call, Dec 10, 2019",2019-12-10,509,0,0.0,2019 Pre-Pandemic Baseline
CAT,Caterpillar Inc.,1643338.0,598298271.0,"Caterpillar Inc., Q4 2018 Earnings Call, Jan 28, 2019",2019-01-28,517,0,0.0,2019 Pre-Pandemic Baseline
CAT,Caterpillar Inc.,1705952.0,609869507.0,"Caterpillar Inc., Q1 2019 Earnings Call, Apr 24, 2019",2019-04-24,517,0,0.0,2019 Pre-Pandemic Baseline
CAT,Caterpillar Inc.,1780921.0,628787645.0,"Caterpillar Inc., Q2 2019 Earnings Call, Jul 24, 2019",2019-07-24,579,0,0.0,2019 Pre-Pandemic Baseline
CAT,Caterpillar Inc.,1837685.0,639940897.0,"Caterpillar Inc., Q3 2019 Earnings Call, Oct 23, 2019",2019-10-23,549,0,0.0,2019 Pre-Pandemic Baseline
CBOE,"Cboe Global Markets, Inc.",1654026.0,595357505.0,"Cboe Global Markets, Inc., Q4 2018 Earnings Call, Feb 08, 2019",2019-02-08,566,0,0.0,2019 Pre-Pandemic Baseline
CBOE,"Cboe Global Markets, Inc.",1750105.0,607676490.0,"Cboe Global Markets, Inc., Q1 2019 Earnings Call, May 03, 2019",2019-05-03,469,0,0.0,2019 Pre-Pandemic Baseline
CBOE,"Cboe Global Markets, Inc.",1799422.0,620761174.0,"Cboe Global Markets, Inc., Q2 2019 Earnings Call, Aug 02, 2019",2019-08-02,484,0,0.0,2019 Pre-Pandemic Baseline
CBOE,"Cboe Global Markets, Inc.",1852137.0,638056579.0,"Cboe Global Markets, Inc., Q3 2019 Earnings Call, Nov 01, 2019",2019-11-01,488,0,0.0,2019 Pre-Pandemic Baseline
CBRE,"CBRE Group, Inc.",1659029.0,598297512.0,"CBRE Group, Inc., Q4 2018 Earnings Call, Feb 13, 2019",2019-02-13,413,0,0.0,2019 Pre-Pandemic Baseline
CBRE,"CBRE Group, Inc.",1733070.0,608687903.0,"CBRE Group, Inc., Q1 2019 Earnings Call, May 08, 2019",2019-05-08,341,0,0.0,2019 Pre-Pandemic Baseline
CBRE,"CBRE Group, Inc.",1809459.0,628781700.0,"CBRE Group, Inc., Q2 2019 Earnings Call, Aug 01, 2019",2019-08-01,330,0,0.0,2019 Pre-Pandemic Baseline
CBRE,"CBRE Group, Inc.",1860969.0,639937033.0,"CBRE Group, Inc., Q3 2019 Earnings Call, Nov 06, 2019",2019-11-06,340,0,0.0,2019 Pre-Pandemic Baseline
CDW,CDW Corporation,1656457.0,599502089.0,"CDW Corporation, Q4 2018 Earnings Call, Feb 07, 2019",2019-02-07,491,0,0.0,2019 Pre-Pandemic Baseline
CDW,CDW Corporation,1720327.0,610894771.0,"CDW Corporation, Q1 2019 Earnings Call, May 01, 2019",2019-05-01,497,0,0.0,2019 Pre-Pandemic Baseline
CDW,CDW Corporation,1812182.0,629762097.0,"CDW Corporation, Q2 2019 Earnings Call, Jul 31, 2019",2019-07-31,525,3,0.0057142857142857,2019 Pre-Pandemic Baseline
CDW,CDW Corporation,2090775.0,640837681.0,"CDW Corporation, Q3 2019 Earnings Call, Oct 31, 2019",2019-10-31,597,1,0.0016750418760469,2019 Pre-Pandemic Baseline
CNC,Centene Corporation,1647842.0,595025302.0,"Centene Corporation, Q4 2018 Earnings Call, Feb 05, 2019",2019-02-05,661,0,0.0,2019 Pre-Pandemic Baseline
CNC,Centene Corporation,1703300.0,604718597.0,"Centene Corporation, Q1 2019 Earnings Call, Apr 23, 2019",2019-04-23,717,0,0.0,2019 Pre-Pandemic Baseline
CNC,Centene Corporation,1831843.0,607526927.0,"Centene Corporation, Q2 2019 Earnings Call, Jul 23, 2019",2019-07-23,655,0,0.0,2019 Pre-Pandemic Baseline
CNC,Centene Corporation,1837572.0,607527470.0,"Centene Corporation, Q3 2019 Earnings Call, Oct 22, 2019",2019-10-22,719,0,0.0,2019 Pre-Pandemic Baseline
CNP,"CenterPoint Energy, Inc.",1681508.0,598321892.0,"CenterPoint Energy, Inc., Q4 2018 Earnings Call, Feb 28, 2019",2019-02-28,428,0,0.0,2019 Pre-Pandemic Baseline
CNP,"CenterPoint Energy, Inc.",1731240.0,607672233.0,"CenterPoint Energy, Inc., Q1 2019 Earnings Call, May 09, 2019",2019-05-09,404,0,0.0,2019 Pre-Pandemic Baseline
CNP,"CenterPoint Energy, Inc.",1803145.0,623083091.0,"CenterPoint Energy, Inc., Q2 2019 Earnings Call, Aug 07, 2019",2019-08-07,446,0,0.0,2019 Pre-Pandemic Baseline
CNP,"CenterPoint Energy, Inc.",1864884.0,637235340.0,"CenterPoint Energy, Inc., Q3 2019 Earnings Call, Nov 07, 2019",2019-11-07,409,0,0.0,2019 Pre-Pandemic Baseline
CF,"CF Industries Holdings, Inc.",1679805.0,601484007.0,"CF Industries Holdings, Inc., Q4 2018 Earnings Call, Feb 14, 2019",2019-02-14,437,0,0.0,2019 Pre-Pandemic Baseline
CF,"CF Industries Holdings, Inc.",1731122.0,611316849.0,"CF Industries Holdings, Inc., Q1 2019 Earnings Call, May 02, 2019",2019-05-02,424,0,0.0,2019 Pre-Pandemic Baseline
CF,"CF Industries Holdings, Inc.",1794012.0,629963452.0,"CF Industries Holdings, Inc., Q2 2019 Earnings Call, Aug 01, 2019",2019-08-01,512,0,0.0,2019 Pre-Pandemic Baseline
CF,"CF Industries Holdings, Inc.",1851372.0,641062779.0,"CF Industries Holdings, Inc., Q3 2019 Earnings Call, Oct 31, 2019",2019-10-31,393,0,0.0,2019 Pre-Pandemic Baseline
CRL,"Charles River Laboratories International, Inc.",1670854.0,598672007.0,"Charles River Laboratories International, Inc., Q4 2018 Earnings Call, Feb 13, 2019",2019-02-13,582,2,0.0034364261168384,2019 Pre-Pandemic Baseline
CRL,"Charles River Laboratories International, Inc.",1740964.0,609966244.0,"Charles River Laboratories International, Inc., Q1 2019 Earnings Call, May 07, 2019",2019-05-07,451,1,0.0022172949002217,2019 Pre-Pandemic Baseline
CRL,"Charles River Laboratories International, Inc.",1831027.0,629693365.0,"Charles River Laboratories International, Inc., Q2 2019 Earnings Call, Jul 31, 2019",2019-07-31,566,0,0.0,2019 Pre-Pandemic Baseline
CRL,"Charles River Laboratories International, Inc.",2086146.0,641259435.0,"Charles River Laboratories International, Inc., Q3 2019 Earnings Call, Nov 06, 2019",2019-11-06,581,0,0.0,2019 Pre-Pandemic Baseline
CHTR,"Charter Communications, Inc.",1645094.0,596264018.0,"Charter Communications, Inc., Q4 2018 Earnings Call, Jan 31, 2019",2019-01-31,421,0,0.0,2019 Pre-Pandemic Baseline
CHTR,"Charter Communications, Inc.",3034004.0,608186000.0,"Charter Communications, Inc., Q1 2019 Earnings Call, Apr 30, 2019",2019-04-30,459,0,0.0,2019 Pre-Pandemic Baseline
CHTR,"Charter Communications, Inc.",1782868.0,626225270.0,"Charter Communications, Inc., Q2 2019 Earnings Call, Jul 26, 2019",2019-07-26,437,0,0.0,2019 Pre-Pandemic Baseline
CHTR,"Charter Communications, Inc.",1841851.0,636920275.0,"Charter Communications, Inc., Q3 2019 Earnings Call, Oct 25, 2019",2019-10-25,429,0,0.0,2019 Pre-Pandemic Baseline
CVX,Chevron Corporation,1646408.0,597010054.0,"Chevron Corporation, Q4 2018 Earnings Call, Feb 01, 2019",2019-02-01,543,0,0.0,2019 Pre-Pandemic Baseline
CVX,Chevron Corporation,1716017.0,608505587.0,"Chevron Corporation, Q1 2019 Earnings Call, Apr 26, 2019",2019-04-26,516,0,0.0,2019 Pre-Pandemic Baseline
CVX,Chevron Corporation,1796202.0,626733532.0,"Chevron Corporation, Q2 2019 Earnings Call, Aug 02, 2019",2019-08-02,503,0,0.0,2019 Pre-Pandemic Baseline
CVX,Chevron Corporation,1872470.0,639068648.0,"Chevron Corporation, Q3 2019 Earnings Call, Nov 01, 2019",2019-11-01,606,0,0.0,2019 Pre-Pandemic Baseline
CMG,"Chipotle Mexican Grill, Inc.",1650738.0,593797090.0,"Chipotle Mexican Grill, Inc., Q4 2018 Earnings Call, Feb 06, 2019",2019-02-06,474,0,0.0,2019 Pre-Pandemic Baseline
CMG,"Chipotle Mexican Grill, Inc.",1706319.0,605368703.0,"Chipotle Mexican Grill, Inc., Q1 2019 Earnings Call, Apr 24, 2019",2019-04-24,496,0,0.0,2019 Pre-Pandemic Baseline
CMG,"Chipotle Mexican Grill, Inc.",1778968.0,618430565.0,"Chipotle Mexican Grill, Inc., Q2 2019 Earnings Call, Jul 23, 2019",2019-07-23,463,0,0.0,2019 Pre-Pandemic Baseline
CMG,"Chipotle Mexican Grill, Inc.",1837608.0,635545595.0,"Chipotle Mexican Grill, Inc., Q3 2019 Earnings Call, Oct 22, 2019",2019-10-22,491,0,0.0,2019 Pre-Pandemic Baseline
CHRW,"C.H. Robinson Worldwide, Inc.",1643669.0,597400953.0,"C.H. Robinson Worldwide, Inc., Q4 2018 Earnings Call, Jan 30, 2019",2019-01-30,482,0,0.0,2019 Pre-Pandemic Baseline
CHRW,"C.H. Robinson Worldwide, Inc.",1755916.0,608728965.0,"C.H. Robinson Worldwide, Inc., Q1 2019 Earnings Call, May 01, 2019",2019-05-01,533,1,0.0018761726078799,2019 Pre-Pandemic Baseline
CHRW,"C.H. Robinson Worldwide, Inc.",1812180.0,626545155.0,"C.H. Robinson Worldwide, Inc., Q2 2019 Earnings Call, Jul 31, 2019",2019-07-31,497,0,0.0,2019 Pre-Pandemic Baseline
CHRW,"C.H. Robinson Worldwide, Inc.",1852619.0,639176081.0,"C.H. Robinson Worldwide, Inc., Q3 2019 Earnings Call, Oct 30, 2019",2019-10-30,469,0,0.0,2019 Pre-Pandemic Baseline
CB,Chubb Limited,1651075.0,580104234.0,"Chubb Limited, Q4 2018 Earnings Call, Feb 06, 2019",2019-02-06,441,0,0.0,2019 Pre-Pandemic Baseline
CB,Chubb Limited,1750604.0,596943255.0,"Chubb Limited, Q1 2019 Earnings Call, May 01, 2019",2019-05-01,409,0,0.0,2019 Pre-Pandemic Baseline
CB,Chubb Limited,1781992.0,596944051.0,"Chubb Limited, Q2 2019 Earnings Call, Jul 24, 2019",2019-07-24,345,0,0.0,2019 Pre-Pandemic Baseline
CB,Chubb Limited,1851250.0,596944293.0,"Chubb Limited, Q3 2019 Earnings Call, Oct 30, 2019",2019-10-30,466,0,0.0,2019 Pre-Pandemic Baseline
CIEN,Ciena Corporation,1682457.0,602259114.0,"Ciena Corporation, Q1 2019 Earnings Call, Mar 05, 2019",2019-03-05,445,3,0.0067415730337078,2019 Pre-Pandemic Baseline
CIEN,Ciena Corporation,1760350.0,612668280.0,"Ciena Corporation, Q2 2019 Earnings Call, Jun 06, 2019",2019-06-06,460,1,0.0021739130434782,2019 Pre-Pandemic Baseline
CIEN,Ciena Corporation,2028035.0,632911425.0,"Ciena Corporation, Q3 2019 Earnings Call, Sep 05, 2019",2019-09-05,522,0,0.0,2019 Pre-Pandemic Baseline
CIEN,Ciena Corporation,1887720.0,644216340.0,"Ciena Corporation, Q4 2019 Earnings Call, Dec 12, 2019",2019-12-12,533,3,0.0056285178236397,2019 Pre-Pandemic Baseline
CINF,Cincinnati Financial Corporation,1654228.0,597497738.0,"Cincinnati Financial Corporation, Q4 2018 Earnings Call, Feb 07, 2019",2019-02-07,436,0,0.0,2019 Pre-Pandemic Baseline
CINF,Cincinnati Financial Corporation,1708883.0,608477554.0,"Cincinnati Financial Corporation, Q1 2019 Earnings Call, Apr 25, 2019",2019-04-25,442,0,0.0,2019 Pre-Pandemic Baseline
CINF,Cincinnati Financial Corporation,1789812.0,628689330.0,"Cincinnati Financial Corporation, Q2 2019 Earnings Call, Jul 31, 2019",2019-07-31,417,0,0.0,2019 Pre-Pandemic Baseline
CINF,Cincinnati Financial Corporation,1842795.0,639175782.0,"Cincinnati Financial Corporation, Q3 2019 Earnings Call, Oct 25, 2019",2019-10-25,414,0,0.0,2019 Pre-Pandemic Baseline
CTAS,Cintas Corporation,1693291.0,606387618.0,"Cintas Corporation, Q3 2019 Earnings Call, Mar 21, 2019",2019-03-21,458,0,0.0,2019 Pre-Pandemic Baseline
CTAS,Cintas Corporation,1772728.0,628697606.0,"Cintas Corporation, Q4 2019 Earnings Call, Jul 16, 2019",2019-07-16,451,0,0.0,2019 Pre-Pandemic Baseline
CTAS,Cintas Corporation,1828485.0,637357864.0,"Cintas Corporation, Q1 2020 Earnings Call, Sep 24, 2019",2019-09-24,515,0,0.0,2019 Pre-Pandemic Baseline
CTAS,Cintas Corporation,1887160.0,647595544.0,"Cintas Corporation, Q2 2020 Earnings Call, Dec 17, 2019",2019-12-17,449,0,0.0,2019 Pre-Pandemic Baseline
CSCO,"Cisco Systems, Inc.",1658304.0,592252050.0,"Cisco Systems, Inc., Q2 2019 Earnings Call, Feb 13, 2019",2019-02-13,458,1,0.0021834061135371,2019 Pre-Pandemic Baseline
CSCO,"Cisco Systems, Inc.",1740216.0,603326109.0,"Cisco Systems, Inc., Q3 2019 Earnings Call, May 15, 2019",2019-05-15,496,3,0.0060483870967741,2019 Pre-Pandemic Baseline
CSCO,"Cisco Systems, Inc.",1827421.0,614520533.0,"Cisco Systems, Inc., Q4 2019 Earnings Call, Aug 14, 2019",2019-08-14,459,7,0.0152505446623093,2019 Pre-Pandemic Baseline
CSCO,"Cisco Systems, Inc.",1868958.0,633881783.0,"Cisco Systems, Inc., Q1 2020 Earnings Call, Nov 13, 2019",2019-11-13,390,3,0.0076923076923076,2019 Pre-Pandemic Baseline
C,Citigroup Inc.,1636501.0,565559321.0,"Citigroup Inc., Q4 2018 Earnings Call, Jan 14, 2019",2019-01-14,863,0,0.0,2019 Pre-Pandemic Baseline
C,Citigroup Inc.,1699836.0,565559381.0,"Citigroup Inc., Q1 2019 Earnings Call, Apr 15, 2019",2019-04-15,526,0,0.0,2019 Pre-Pandemic Baseline
C,Citigroup Inc.,1772170.0,565559427.0,"Citigroup Inc., Q2 2019 Earnings Call, Jul 15, 2019",2019-07-15,739,0,0.0,2019 Pre-Pandemic Baseline
C,Citigroup Inc.,1833635.0,565559725.0,"Citigroup Inc., Q3 2019 Earnings Call, Oct 15, 2019",2019-10-15,665,0,0.0,2019 Pre-Pandemic Baseline
CFG,"Citizens Financial Group, Inc.",1637544.0,545389483.0,"Citizens Financial Group, Inc., Q4 2018 Earnings Call, Jan 18, 2019",2019-01-18,641,0,0.0,2019 Pre-Pandemic Baseline
CFG,"Citizens Financial Group, Inc.",1701780.0,597536530.0,"Citizens Financial Group, Inc., Q1 2019 Earnings Call, Apr 18, 2019",2019-04-18,558,1,0.0017921146953405,2019 Pre-Pandemic Baseline
CFG,"Citizens Financial Group, Inc.",1775691.0,619385779.0,"Citizens Financial Group, Inc., Q2 2019 Earnings Call, Jul 19, 2019",2019-07-19,568,2,0.0035211267605633,2019 Pre-Pandemic Baseline
CFG,"Citizens Financial Group, Inc.",3027902.0,633301185.0,"Citizens Financial Group, Inc., Q3 2019 Earnings Call, Oct 18, 2019",2019-10-18,575,0,0.0,2019 Pre-Pandemic Baseline
CME,CME Group Inc.,1659925.0,597026111.0,"CME Group Inc., Q4 2018 Earnings Call, Feb 14, 2019",2019-02-14,490,0,0.0,2019 Pre-Pandemic Baseline
CME,CME Group Inc.,1721944.0,607090691.0,"CME Group Inc., Q1 2019 Earnings Call, May 01, 2019",2019-05-01,458,0,0.0,2019 Pre-Pandemic Baseline
CME,CME Group Inc.,1791595.0,623081851.0,"CME Group Inc., Q2 2019 Earnings Call, Jul 31, 2019",2019-07-31,518,0,0.0,2019 Pre-Pandemic Baseline
CME,CME Group Inc.,1849400.0,637707049.0,"CME Group Inc., Q3 2019 Earnings Call, Oct 30, 2019",2019-10-30,541,0,0.0,2019 Pre-Pandemic Baseline
CMS,CMS Energy Corporation,1645967.0,598714043.0,"CMS Energy Corporation, Q4 2018 Earnings Call, Jan 31, 2019",2019-01-31,506,2,0.0039525691699604,2019 Pre-Pandemic Baseline
CMS,CMS Energy Corporation,3036075.0,610037314.0,"CMS Energy Corporation, Q1 2019 Earnings Call, Apr 25, 2019",2019-04-25,400,0,0.0,2019 Pre-Pandemic Baseline
CMS,CMS Energy Corporation,1787172.0,629110014.0,"CMS Energy Corporation, Q2 2019 Earnings Call, Jul 25, 2019",2019-07-25,503,0,0.0,2019 Pre-Pandemic Baseline
CMS,CMS Energy Corporation,1848443.0,640142415.0,"CMS Energy Corporation, Q3 2019 Earnings Call, Oct 24, 2019",2019-10-24,458,0,0.0,2019 Pre-Pandemic Baseline
CTSH,Cognizant Technology Solutions Corporation,1649749.0,597521391.0,"Cognizant Technology Solutions Corporation, Q4 2018 Earnings Call, Feb 06, 2019",2019-02-06,450,5,0.0111111111111111,2019 Pre-Pandemic Baseline
CTSH,Cognizant Technology Solutions Corporation,1724313.0,611068616.0,"Cognizant Technology Solutions Corporation, Q1 2019 Earnings Call, May 02, 2019",2019-05-02,391,1,0.0025575447570332,2019 Pre-Pandemic Baseline
CTSH,Cognizant Technology Solutions Corporation,1813241.0,628806154.0,"Cognizant Technology Solutions Corporation, Q2 2019 Earnings Call, Jul 31, 2019",2019-07-31,414,0,0.0,2019 Pre-Pandemic Baseline
CTSH,Cognizant Technology Solutions Corporation,1849597.0,639171565.0,"Cognizant Technology Solutions Corporation, Q3 2019 Earnings Call, Oct 30, 2019",2019-10-30,414,5,0.0120772946859903,2019 Pre-Pandemic Baseline
CL,Colgate-Palmolive Company,1641488.0,598022850.0,"Colgate-Palmolive Company, Q4 2018 Earnings Call, Jan 25, 2019",2019-01-25,456,0,0.0,2019 Pre-Pandemic Baseline
CL,Colgate-Palmolive Company,1714404.0,609969876.0,"Colgate-Palmolive Company, Q1 2019 Earnings Call, Apr 26, 2019",2019-04-26,462,0,0.0,2019 Pre-Pandemic Baseline
CL,Colgate-Palmolive Company,1832039.0,629772800.0,"Colgate-Palmolive Company, Q2 2019 Earnings Call, Jul 26, 2019",2019-07-26,464,0,0.0,2019 Pre-Pandemic Baseline
CL,Colgate-Palmolive Company,1872420.0,640864937.0,"Colgate-Palmolive Company, Q3 2019 Earnings Call, Nov 01, 2019",2019-11-01,470,0,0.0,2019 Pre-Pandemic Baseline
CMCSA,Comcast Corporation,1641461.0,594778606.0,"Comcast Corporation, Q4 2018 Earnings Call, Jan 23, 2019",2019-01-23,498,0,0.0,2019 Pre-Pandemic Baseline
CMCSA,Comcast Corporation,1708641.0,606735205.0,"Comcast Corporation, Q1 2019 Earnings Call, Apr 25, 2019",2019-04-25,502,0,0.0,2019 Pre-Pandemic Baseline
CMCSA,Comcast Corporation,1781743.0,621066577.0,"Comcast Corporation, Q2 2019 Earnings Call, Jul 25, 2019",2019-07-25,487,0,0.0,2019 Pre-Pandemic Baseline
CMCSA,Comcast Corporation,1840182.0,636739294.0,"Comcast Corporation, Q3 2019 Earnings Call, Oct 24, 2019",2019-10-24,549,0,0.0,2019 Pre-Pandemic Baseline
FIX,"Comfort Systems USA, Inc.",1667624.0,602664568.0,"Comfort Systems USA, Inc., Q4 2018 Earnings Call, Feb 22, 2019",2019-02-22,453,0,0.0,2019 Pre-Pandemic Baseline
FIX,"Comfort Systems USA, Inc.",1724915.0,611078086.0,"Comfort Systems USA, Inc., Q1 2019 Earnings Call, Apr 26, 2019",2019-04-26,386,0,0.0,2019 Pre-Pandemic Baseline
FIX,"Comfort Systems USA, Inc.",1784385.0,630093300.0,"Comfort Systems USA, Inc., Q2 2019 Earnings Call, Jul 26, 2019",2019-07-26,504,0,0.0,2019 Pre-Pandemic Baseline
FIX,"Comfort Systems USA, Inc.",1841841.0,641259042.0,"Comfort Systems USA, Inc., Q3 2019 Earnings Call, Oct 25, 2019",2019-10-25,365,0,0.0,2019 Pre-Pandemic Baseline
CAG,"Conagra Brands, Inc.",1693069.0,605487657.0,"Conagra Brands, Inc., Q3 2019 Earnings Call, Mar 21, 2019",2019-03-21,539,0,0.0,2019 Pre-Pandemic Baseline
CAG,"Conagra Brands, Inc.",1948761.0,618851928.0,"Conagra Brands, Inc., Q4 2019 Earnings Call, Jun 27, 2019",2019-06-27,603,0,0.0,2019 Pre-Pandemic Baseline
CAG,"Conagra Brands, Inc.",1830039.0,635815246.0,"Conagra Brands, Inc., Q1 2020 Earnings Call, Sep 26, 2019",2019-09-26,545,0,0.0,2019 Pre-Pandemic Baseline
CAG,"Conagra Brands, Inc.",1886927.0,646271268.0,"Conagra Brands, Inc., Q2 2020 Earnings Call, Dec 19, 2019",2019-12-19,479,0,0.0,2019 Pre-Pandemic Baseline
COP,ConocoPhillips,1645687.0,597876423.0,"ConocoPhillips, Q4 2018 Earnings Call, Jan 31, 2019",2019-01-31,442,0,0.0,2019 Pre-Pandemic Baseline
COP,ConocoPhillips,1718246.0,609755148.0,"ConocoPhillips, Q1 2019 Earnings Call, Apr 30, 2019",2019-04-30,421,0,0.0,2019 Pre-Pandemic Baseline
COP,ConocoPhillips,1788826.0,614204630.0,"ConocoPhillips, Q2 2019 Earnings Call, Jul 30, 2019",2019-07-30,483,0,0.0,2019 Pre-Pandemic Baseline
COP,ConocoPhillips,1846097.0,634512411.0,"ConocoPhillips, Q3 2019 Earnings Call, Oct 29, 2019",2019-10-29,337,0,0.0,2019 Pre-Pandemic Baseline
CPRT,"Copart, Inc.",1665759.0,602639216.0,"Copart, Inc., Q2 2019 Earnings Call, Feb 21, 2019",2019-02-21,415,0,0.0,2019 Pre-Pandemic Baseline
CPRT,"Copart, Inc.",1751263.0,613843063.0,"Copart, Inc., Q3 2019 Earnings Call, May 23, 2019",2019-05-23,452,0,0.0,2019 Pre-Pandemic Baseline
CPRT,"Copart, Inc.",1825911.0,635054300.0,"Copart, Inc., Q4 2019 Earnings Call, Sep 05, 2019",2019-09-05,465,0,0.0,2019 Pre-Pandemic Baseline
CPRT,"Copart, Inc.",1876282.0,644544378.0,"Copart, Inc., Q1 2020 Earnings Call, Nov 21, 2019",2019-11-21,342,0,0.0,2019 Pre-Pandemic Baseline
GLW,Corning Incorporated,1643535.0,597009556.0,"Corning Incorporated, Q4 2018 Earnings Call, Jan 29, 2019",2019-01-29,456,0,0.0,2019 Pre-Pandemic Baseline
GLW,Corning Incorporated,1718698.0,608377234.0,"Corning Incorporated, Q1 2019 Earnings Call, Apr 30, 2019",2019-04-30,431,2,0.0046403712296983,2019 Pre-Pandemic Baseline
GLW,Corning Incorporated,1786639.0,626731730.0,"Corning Incorporated, Q2 2019 Earnings Call, Jul 30, 2019",2019-07-30,452,0,0.0,2019 Pre-Pandemic Baseline
GLW,Corning Incorporated,1846500.0,637321097.0,"Corning Incorporated, Q3 2019 Earnings Call, Oct 29, 2019",2019-10-29,409,1,0.0024449877750611,2019 Pre-Pandemic Baseline
CTVA,"Corteva, Inc.",1791995.0,630734810.0,"Corteva, Inc., Q2 2019 Earnings Call, Aug 01, 2019",2019-08-01,473,0,0.0,2019 Pre-Pandemic Baseline
CTVA,"Corteva, Inc.",1862556.0,638837014.0,"Corteva, Inc., Q3 2019 Earnings Call, Oct 31, 2019",2019-10-31,439,0,0.0,2019 Pre-Pandemic Baseline
CSGP,"CoStar Group, Inc.",1673782.0,600483528.0,"CoStar Group, Inc., Q4 2018 Earnings Call, Feb 26, 2019",2019-02-26,463,0,0.0,2019 Pre-Pandemic Baseline
CSGP,"CoStar Group, Inc.",1704388.0,609659358.0,"CoStar Group, Inc., Q1 2019 Earnings Call, Apr 23, 2019",2019-04-23,388,1,0.0025773195876288,2019 Pre-Pandemic Baseline
CSGP,"CoStar Group, Inc.",1790385.0,628630274.0,"CoStar Group, Inc., Q2 2019 Earnings Call, Jul 23, 2019",2019-07-23,499,0,0.0,2019 Pre-Pandemic Baseline
CSGP,"CoStar Group, Inc.",1839186.0,639707597.0,"CoStar Group, Inc., Q3 2019 Earnings Call, Oct 22, 2019",2019-10-22,624,0,0.0,2019 Pre-Pandemic Baseline
COST,Costco Wholesale Corporation,1682511.0,595157829.0,"Costco Wholesale Corporation, Q2 2019 Earnings Call, Mar 07, 2019",2019-03-07,551,0,0.0,2019 Pre-Pandemic Baseline
COST,Costco Wholesale Corporation,1755938.0,605696943.0,"Costco Wholesale Corporation, Q3 2019 Earnings Call, May 30, 2019",2019-05-30,523,0,0.0,2019 Pre-Pandemic Baseline
COST,Costco Wholesale Corporation,1831633.0,616489232.0,"Costco Wholesale Corporation, Q4 2019 Earnings Call, Oct 03, 2019",2019-10-03,648,0,0.0,2019 Pre-Pandemic Baseline
COST,Costco Wholesale Corporation,1886782.0,643504844.0,"Costco Wholesale Corporation, Q1 2020 Earnings Call, Dec 12, 2019",2019-12-12,564,0,0.0,2019 Pre-Pandemic Baseline
CL,Cresco Labs Inc.,1712468.0,611153761.0,"Cresco Labs Inc., Q4 2018 Earnings Call, Apr 24, 2019",2019-04-24,401,0,0.0,2019 Pre-Pandemic Baseline
CL,Cresco Labs Inc.,1760826.0,614026332.0,"Cresco Labs Inc., Q1 2019 Earnings Call, May 29, 2019",2019-05-29,372,0,0.0,2019 Pre-Pandemic Baseline
CL,Cresco Labs Inc.,1811288.0,632132259.0,"Cresco Labs Inc., Q2 2019 Earnings Call, Aug 21, 2019",2019-08-21,560,0,0.0,2019 Pre-Pandemic Baseline
CL,Cresco Labs Inc.,1885113.0,643820835.0,"Cresco Labs Inc., Q3 2019 Earnings Call, Nov 26, 2019",2019-11-26,529,0,0.0,2019 Pre-Pandemic Baseline
CRWD,"CrowdStrike Holdings, Inc.",1811458.0,626262050.0,"CrowdStrike Holdings, Inc., Q1 2020 Earnings Call, Jul 18, 2019",2019-07-18,454,1,0.0022026431718061,2019 Pre-Pandemic Baseline
CRWD,"CrowdStrike Holdings, Inc.",1822736.0,632137105.0,"CrowdStrike Holdings, Inc., Q2 2020 Earnings Call, Sep 05, 2019",2019-09-05,494,4,0.0080971659919028,2019 Pre-Pandemic Baseline
CRWD,"CrowdStrike Holdings, Inc.",1889758.0,643163711.0,"CrowdStrike Holdings, Inc., Q3 2020 Earnings Call, Dec 05, 2019",2019-12-05,491,2,0.0040733197556008,2019 Pre-Pandemic Baseline
CCI,Crown Castle Inc.,1642889.0,597689118.0,"Crown Castle International Corp. (REIT), Q4 2018 Earnings Call, Jan 24, 2019",2019-01-24,538,0,0.0,2019 Pre-Pandemic Baseline
CCI,Crown Castle Inc.,1701807.0,608729044.0,"Crown Castle International Corp. (REIT), Q1 2019 Earnings Call, Apr 18, 2019",2019-04-18,444,0,0.0,2019 Pre-Pandemic Baseline
CCI,Crown Castle Inc.,1775462.0,627000361.0,"Crown Castle International Corp. (REIT), Q2 2019 Earnings Call, Jul 18, 2019",2019-07-18,383,0,0.0,2019 Pre-Pandemic Baseline
CCI,Crown Castle Inc.,1834690.0,639176090.0,"Crown Castle International Corp. (REIT), Q3 2019 Earnings Call, Oct 17, 2019",2019-10-17,546,0,0.0,2019 Pre-Pandemic Baseline
CSX,CSX Corporation,1695700.0,595357359.0,"CSX Corporation, Q4 2018 Earnings Call, Jan 16, 2019",2019-01-16,659,0,0.0,2019 Pre-Pandemic Baseline
CSX,CSX Corporation,1701510.0,606871368.0,"CSX Corporation, Q1 2019 Earnings Call, Apr 16, 2019",2019-04-16,524,0,0.0,2019 Pre-Pandemic Baseline
CSX,CSX Corporation,1775451.0,622839888.0,"CSX Corporation, Q2 2019 Earnings Call, Jul 16, 2019",2019-07-16,600,0,0.0,2019 Pre-Pandemic Baseline
CSX,CSX Corporation,1834298.0,637514550.0,"CSX Corporation, Q3 2019 Earnings Call, Oct 16, 2019",2019-10-16,620,1,0.0016129032258064,2019 Pre-Pandemic Baseline
CMI,Cummins Inc.,1662751.0,593936507.0,"Cummins Inc., Q4 2018 Earnings Call, Feb 06, 2019",2019-02-06,528,0,0.0,2019 Pre-Pandemic Baseline
CMI,Cummins Inc.,1718708.0,608719049.0,"Cummins Inc., Q1 2019 Earnings Call, Apr 30, 2019",2019-04-30,567,0,0.0,2019 Pre-Pandemic Baseline
CMI,Cummins Inc.,1788809.0,621096815.0,"Cummins Inc., Q2 2019 Earnings Call, Jul 30, 2019",2019-07-30,522,0,0.0,2019 Pre-Pandemic Baseline
CMI,Cummins Inc.,3022045.0,636637336.0,"Cummins Inc., Q3 2019 Earnings Call, Oct 29, 2019",2019-10-29,596,0,0.0,2019 Pre-Pandemic Baseline
CVS,CVS Health Corporation,1663442.0,601624413.0,"CVS Health Corporation, Q4 2018 Earnings Call, Feb 20, 2019",2019-02-20,600,0,0.0,2019 Pre-Pandemic Baseline
CVS,CVS Health Corporation,1720338.0,610942282.0,"CVS Health Corporation, Q1 2019 Earnings Call, May 01, 2019",2019-05-01,460,0,0.0,2019 Pre-Pandemic Baseline
CVS,CVS Health Corporation,1828456.0,631021806.0,"CVS Health Corporation, Q2 2019 Earnings Call, Aug 07, 2019",2019-08-07,565,1,0.0017699115044247,2019 Pre-Pandemic Baseline
CVS,CVS Health Corporation,1872020.0,641469048.0,"CVS Health Corporation, Q3 2019 Earnings Call, Nov 06, 2019",2019-11-06,503,0,0.0,2019 Pre-Pandemic Baseline
DIS,d'Amico International Shipping S.A.,1749300.0,611915198.0,"d'Amico International Shipping S.A., Q1 2019 Earnings Call, May 09, 2019",2019-05-09,213,0,0.0,2019 Pre-Pandemic Baseline
DIS,d'Amico International Shipping S.A.,1828643.0,632120870.0,"d'Amico International Shipping S.A., Q2 2019 Earnings Call, Sep 12, 2019",2019-09-12,366,0,0.0,2019 Pre-Pandemic Baseline
DIS,d'Amico International Shipping S.A.,1876044.0,642148585.0,"d'Amico International Shipping S.A., Q3 2019 Earnings Call, Nov 13, 2019",2019-11-13,258,0,0.0,2019 Pre-Pandemic Baseline
DHR,Danaher Corporation,1642508.0,596355139.0,"Danaher Corporation, Q4 2018 Earnings Call, Jan 29, 2019",2019-01-29,424,0,0.0,2019 Pre-Pandemic Baseline
DHR,Danaher Corporation,1701733.0,606889480.0,"Danaher Corporation, Q1 2019 Earnings Call, Apr 18, 2019",2019-04-18,446,0,0.0,2019 Pre-Pandemic Baseline
DHR,Danaher Corporation,1827709.0,622873717.0,"Danaher Corporation, Q2 2019 Earnings Call, Jul 18, 2019",2019-07-18,488,0,0.0,2019 Pre-Pandemic Baseline
DHR,Danaher Corporation,1840244.0,640002462.0,"Danaher Corporation, Q3 2019 Earnings Call, Oct 24, 2019",2019-10-24,433,0,0.0,2019 Pre-Pandemic Baseline
DRI,"Darden Restaurants, Inc.",1692683.0,595485602.0,"Darden Restaurants, Inc., Q3 2019 Earnings Call, Mar 21, 2019",2019-03-21,507,0,0.0,2019 Pre-Pandemic Baseline
DRI,"Darden Restaurants, Inc.",1765536.0,616038660.0,"Darden Restaurants, Inc., Q4 2019 Earnings Call, Jun 20, 2019",2019-06-20,553,0,0.0,2019 Pre-Pandemic Baseline
DRI,"Darden Restaurants, Inc.",1832062.0,635054110.0,"Darden Restaurants, Inc., Q1 2020 Earnings Call, Sep 19, 2019",2019-09-19,466,0,0.0,2019 Pre-Pandemic Baseline
DRI,"Darden Restaurants, Inc.",1887278.0,645258757.0,"Darden Restaurants, Inc., Q2 2020 Earnings Call, Dec 19, 2019",2019-12-19,736,0,0.0,2019 Pre-Pandemic Baseline
DDOG,"Datadog, Inc.",1869279.0,641389899.0,"Datadog, Inc., Q3 2019 Earnings Call, Nov 12, 2019",2019-11-12,451,1,0.0022172949002217,2019 Pre-Pandemic Baseline
DVA,DaVita Inc.,1659326.0,600309651.0,"DaVita Inc., Q4 2018 Earnings Call, Feb 14, 2019",2019-02-14,657,0,0.0,2019 Pre-Pandemic Baseline
DVA,DaVita Inc.,1725333.0,611761642.0,"DaVita Inc., Q1 2019 Earnings Call, May 07, 2019",2019-05-07,505,0,0.0,2019 Pre-Pandemic Baseline
DVA,DaVita Inc.,1794025.0,630371929.0,"DaVita Inc., Q2 2019 Earnings Call, Aug 01, 2019",2019-08-01,498,0,0.0,2019 Pre-Pandemic Baseline
DVA,DaVita Inc.,1858490.0,641566555.0,"DaVita Inc., Q3 2019 Earnings Call, Nov 05, 2019",2019-11-05,427,0,0.0,2019 Pre-Pandemic Baseline
DECK,Deckers Outdoor Corporation,1661393.0,598864293.0,"Deckers Outdoor Corporation, Q3 2019 Earnings Call, Jan 31, 2019",2019-01-31,431,0,0.0,2019 Pre-Pandemic Baseline
DECK,Deckers Outdoor Corporation,1771434.0,613299950.0,"Deckers Outdoor Corporation, Q4 2019 Earnings Call, May 23, 2019",2019-05-23,453,0,0.0,2019 Pre-Pandemic Baseline
DECK,Deckers Outdoor Corporation,1783063.0,629577992.0,"Deckers Outdoor Corporation, Q1 2020 Earnings Call, Jul 25, 2019",2019-07-25,468,0,0.0,2019 Pre-Pandemic Baseline
DECK,Deckers Outdoor Corporation,1876131.0,640506998.0,"Deckers Outdoor Corporation, Q2 2020 Earnings Call, Oct 24, 2019",2019-10-24,524,0,0.0,2019 Pre-Pandemic Baseline
DE,Deere & Company,1659601.0,592164305.0,"Deere & Company, Q1 2019 Earnings Call, Feb 15, 2019",2019-02-15,561,0,0.0,2019 Pre-Pandemic Baseline
DE,Deere & Company,1756015.0,598512409.0,"Deere & Company, Q2 2019 Earnings Call, May 17, 2019",2019-05-17,529,0,0.0,2019 Pre-Pandemic Baseline
DE,Deere & Company,1818665.0,598512379.0,"Deere & Company, Q3 2019 Earnings Call, Aug 16, 2019",2019-08-16,495,0,0.0,2019 Pre-Pandemic Baseline
DE,Deere & Company,1881993.0,598512221.0,"Deere & Company, Q4 2019 Earnings Call, Nov 27, 2019",2019-11-27,542,0,0.0,2019 Pre-Pandemic Baseline
DELL,Dell Technologies Inc.,1678085.0,602451907.0,"Dell Technologies Inc., Q4 2019 Earnings Call, Feb 28, 2019",2019-02-28,440,0,0.0,2019 Pre-Pandemic Baseline
DELL,Dell Technologies Inc.,1755939.0,613824987.0,"Dell Technologies Inc., Q1 2020 Earnings Call, May 30, 2019",2019-05-30,422,0,0.0,2019 Pre-Pandemic Baseline
DELL,Dell Technologies Inc.,1814722.0,633127240.0,"Dell Technologies Inc., Q2 2020 Earnings Call, Aug 29, 2019",2019-08-29,493,1,0.0020283975659229,2019 Pre-Pandemic Baseline
DELL,Dell Technologies Inc.,1881102.0,643939703.0,"Dell Technologies Inc., Q3 2020 Earnings Call, Nov 26, 2019",2019-11-26,462,0,0.0,2019 Pre-Pandemic Baseline
DAL,"Delta Air Lines, Inc.",1637085.0,597502289.0,"Delta Air Lines, Inc., Q4 2018 Earnings Call, Jan 15, 2019",2019-01-15,561,0,0.0,2019 Pre-Pandemic Baseline
DAL,"Delta Air Lines, Inc.",2004635.0,607793357.0,"Delta Air Lines, Inc., Q1 2019 Earnings Call, Apr 10, 2019",2019-04-10,490,0,0.0,2019 Pre-Pandemic Baseline
DAL,"Delta Air Lines, Inc.",1771365.0,626147744.0,"Delta Air Lines, Inc., Q2 2019 Earnings Call, Jul 11, 2019",2019-07-11,581,0,0.0,2019 Pre-Pandemic Baseline
DAL,"Delta Air Lines, Inc.",2087331.0,638470685.0,"Delta Air Lines, Inc., Q3 2019 Earnings Call, Oct 10, 2019",2019-10-10,575,0,0.0,2019 Pre-Pandemic Baseline
DTE,Deutsche Telekom AG,1671523.0,601579138.0,"Deutsche Telekom AG, 2018 Earnings Call, Feb 21, 2019",2019-02-21,717,0,0.0,2019 Pre-Pandemic Baseline
DTE,Deutsche Telekom AG,2096937.0,611613234.0,"Deutsche Telekom AG, Q1 2019 Earnings Call, May 09, 2019",2019-05-09,853,0,0.0,2019 Pre-Pandemic Baseline
DTE,Deutsche Telekom AG,2095134.0,630837342.0,"Deutsche Telekom AG, Q2 2019 Earnings Call, Aug 08, 2019",2019-08-08,710,0,0.0,2019 Pre-Pandemic Baseline
DTE,Deutsche Telekom AG,1861956.0,641727706.0,"Deutsche Telekom AG, Q3 2019 Earnings Call, Nov 07, 2019",2019-11-07,796,0,0.0,2019 Pre-Pandemic Baseline
DVN,Devon Energy Corporation,1664542.0,597520422.0,"Devon Energy Corporation, Q4 2018 Earnings Call, Feb 20, 2019",2019-02-20,533,0,0.0,2019 Pre-Pandemic Baseline
DVN,Devon Energy Corporation,1722810.0,609890200.0,"Devon Energy Corporation, Q1 2019 Earnings Call, May 01, 2019",2019-05-01,500,0,0.0,2019 Pre-Pandemic Baseline
DVN,Devon Energy Corporation,2090317.0,625897699.0,"Devon Energy Corporation, Q2 2019 Earnings Call, Aug 07, 2019",2019-08-07,437,0,0.0,2019 Pre-Pandemic Baseline
DVN,Devon Energy Corporation,1861390.0,638349702.0,"Devon Energy Corporation, Q3 2019 Earnings Call, Nov 06, 2019",2019-11-06,484,0,0.0,2019 Pre-Pandemic Baseline
DXCM,"DexCom, Inc.",1667349.0,597371053.0,"DexCom, Inc., Q4 2018 Earnings Call, Feb 21, 2019",2019-02-21,620,0,0.0,2019 Pre-Pandemic Baseline
DXCM,"DexCom, Inc.",3172224.0,608729215.0,"DexCom, Inc., Q1 2019 Earnings Call, May 01, 2019",2019-05-01,591,0,0.0,2019 Pre-Pandemic Baseline
DXCM,"DexCom, Inc.",1791386.0,626662698.0,"DexCom, Inc., Q2 2019 Earnings Call, Jul 31, 2019",2019-07-31,630,0,0.0,2019 Pre-Pandemic Baseline
DXCM,"DexCom, Inc.",1863535.0,640004505.0,"DexCom, Inc., Q3 2019 Earnings Call, Nov 06, 2019",2019-11-06,469,0,0.0,2019 Pre-Pandemic Baseline
FANG,"Diamondback Energy, Inc.",1664292.0,600197441.0,"Diamondback Energy, Inc., Q4 2018 Earnings Call, Feb 20, 2019",2019-02-20,462,1,0.0021645021645021,2019 Pre-Pandemic Baseline
FANG,"Diamondback Energy, Inc.",1743966.0,610529029.0,"Diamondback Energy, Inc., Q1 2019 Earnings Call, May 08, 2019",2019-05-08,415,0,0.0,2019 Pre-Pandemic Baseline
FANG,"Diamondback Energy, Inc.",1804960.0,628718863.0,"Diamondback Energy, Inc., Q2 2019 Earnings Call, Aug 07, 2019",2019-08-07,393,0,0.0,2019 Pre-Pandemic Baseline
FANG,"Diamondback Energy, Inc.",1861167.0,640002008.0,"Diamondback Energy, Inc., Q3 2019 Earnings Call, Nov 06, 2019",2019-11-06,484,0,0.0,2019 Pre-Pandemic Baseline
DLR,"Digital Realty Trust, Inc.",1648933.0,598671922.0,"Digital Realty Trust, Inc., Q4 2018 Earnings Call, Feb 05, 2019",2019-02-05,380,1,0.0026315789473684,2019 Pre-Pandemic Baseline
DLR,"Digital Realty Trust, Inc.",1711532.0,607906045.0,"Digital Realty Trust, Inc., Q1 2019 Earnings Call, Apr 25, 2019",2019-04-25,442,2,0.004524886877828,2019 Pre-Pandemic Baseline
DLR,"Digital Realty Trust, Inc.",1791418.0,626654161.0,"Digital Realty Trust, Inc., Q2 2019 Earnings Call, Jul 30, 2019",2019-07-30,465,0,0.0,2019 Pre-Pandemic Baseline
DLR,"Digital Realty Trust, Inc.",1847126.0,637319676.0,"Digital Realty Trust, Inc., Q3 2019 Earnings Call, Oct 29, 2019",2019-10-29,479,1,0.0020876826722338,2019 Pre-Pandemic Baseline
DG,Dollar General Corporation,1690102.0,604670292.0,"Dollar General Corporation, Q4 2019 Earnings Call, Mar 14, 2019",2019-03-14,522,0,0.0,2019 Pre-Pandemic Baseline
DG,Dollar General Corporation,1755792.0,613557360.0,"Dollar General Corporation, Q1 2020 Earnings Call, May 30, 2019",2019-05-30,484,0,0.0,2019 Pre-Pandemic Baseline
DG,Dollar General Corporation,1814752.0,633280983.0,"Dollar General Corporation, Q2 2020 Earnings Call, Aug 29, 2019",2019-08-29,536,0,0.0,2019 Pre-Pandemic Baseline
DG,Dollar General Corporation,1883307.0,643294567.0,"Dollar General Corporation, Q3 2020 Earnings Call, Dec 05, 2019",2019-12-05,490,0,0.0,2019 Pre-Pandemic Baseline
DLTR,"Dollar Tree, Inc.",1684118.0,593263553.0,"Dollar Tree, Inc., Q4 2019 Earnings Call, Mar 06, 2019",2019-03-06,475,0,0.0,2019 Pre-Pandemic Baseline
DLTR,"Dollar Tree, Inc.",1755742.0,613823250.0,"Dollar Tree, Inc., Q1 2020 Earnings Call, May 30, 2019",2019-05-30,489,0,0.0,2019 Pre-Pandemic Baseline
DLTR,"Dollar Tree, Inc.",1814756.0,633282062.0,"Dollar Tree, Inc., Q2 2020 Earnings Call, Aug 29, 2019",2019-08-29,507,0,0.0,2019 Pre-Pandemic Baseline
DLTR,"Dollar Tree, Inc.",1879134.0,643926995.0,"Dollar Tree, Inc., Q3 2020 Earnings Call, Nov 26, 2019",2019-11-26,497,0,0.0,2019 Pre-Pandemic Baseline
D,"Dominion Energy, Inc.",1646287.0,597900082.0,"Dominion Energy, Inc., Q4 2018 Earnings Call, Feb 01, 2019",2019-02-01,359,0,0.0,2019 Pre-Pandemic Baseline
D,"Dominion Energy, Inc.",1726829.0,608981386.0,"Dominion Energy, Inc., Q1 2019 Earnings Call, May 03, 2019",2019-05-03,316,0,0.0,2019 Pre-Pandemic Baseline
D,"Dominion Energy, Inc.",1790995.0,629272504.0,"Dominion Energy, Inc., Q2 2019 Earnings Call, Jul 31, 2019",2019-07-31,349,0,0.0,2019 Pre-Pandemic Baseline
D,"Dominion Energy, Inc.",1851160.0,639722447.0,"Dominion Energy, Inc., Q3 2019 Earnings Call, Nov 01, 2019",2019-11-01,407,0,0.0,2019 Pre-Pandemic Baseline
DPZ,"Domino's Pizza, Inc.",1667115.0,601373443.0,"Domino's Pizza, Inc., Q4 2018 Earnings Call, Feb 21, 2019",2019-02-21,453,1,0.0022075055187637,2019 Pre-Pandemic Baseline
DPZ,"Domino's Pizza, Inc.",1705037.0,609885256.0,"Domino's Pizza, Inc., Q1 2019 Earnings Call, Apr 24, 2019",2019-04-24,351,0,0.0,2019 Pre-Pandemic Baseline
DPZ,"Domino's Pizza, Inc.",3364474.0,614321346.0,"Domino's Pizza, Inc., Q2 2019 Earnings Call, Jul 16, 2019",2019-07-16,464,0,0.0,2019 Pre-Pandemic Baseline
DPZ,"Domino's Pizza, Inc.",1832539.0,638946081.0,"Domino's Pizza, Inc., Q3 2019 Earnings Call, Oct 08, 2019",2019-10-08,568,0,0.0,2019 Pre-Pandemic Baseline
DOV,Dover Corporation,1645063.0,598436226.0,"Dover Corporation, Q4 2018 Earnings Call, Jan 29, 2019",2019-01-29,498,0,0.0,2019 Pre-Pandemic Baseline
DOV,Dover Corporation,1701808.0,609769454.0,"Dover Corporation, Q1 2019 Earnings Call, Apr 18, 2019",2019-04-18,533,0,0.0,2019 Pre-Pandemic Baseline
DOV,Dover Corporation,1773962.0,628718082.0,"Dover Corporation, Q2 2019 Earnings Call, Jul 18, 2019",2019-07-18,528,0,0.0,2019 Pre-Pandemic Baseline
DOV,Dover Corporation,1948300.0,640003121.0,"Dover Corporation, Q3 2019 Earnings Call, Oct 17, 2019",2019-10-17,502,0,0.0,2019 Pre-Pandemic Baseline
DOW,Dow Inc.,1726402.0,608199486.0,"Dow Inc., Q1 2019 Earnings Call, May 02, 2019",2019-05-02,561,0,0.0,2019 Pre-Pandemic Baseline
DOW,Dow Inc.,1781927.0,630499416.0,"Dow Inc., Q2 2019 Earnings Call, Jul 25, 2019",2019-07-25,490,0,0.0,2019 Pre-Pandemic Baseline
DOW,Dow Inc.,1844433.0,640465857.0,"Dow Inc., Q3 2019 Earnings Call, Oct 24, 2019",2019-10-24,475,0,0.0,2019 Pre-Pandemic Baseline
DHI,"D.R. Horton, Inc.",1641544.0,598828219.0,"D.R. Horton, Inc., Q1 2019 Earnings Call, Jan 25, 2019",2019-01-25,414,0,0.0,2019 Pre-Pandemic Baseline
DHI,"D.R. Horton, Inc.",1712382.0,606387903.0,"D.R. Horton, Inc., Forestar Group Inc., Q2 2019 Earnings Call, Apr 25, 2019",2019-04-25,505,0,0.0,2019 Pre-Pandemic Baseline
DHI,"D.R. Horton, Inc.",1809190.0,622637336.0,"D.R. Horton, Inc., Q3 2019 Earnings Call, Jul 30, 2019",2019-07-30,546,0,0.0,2019 Pre-Pandemic Baseline
DHI,"D.R. Horton, Inc.",1867962.0,639813576.0,"D.R. Horton, Inc., Q4 2019 Earnings Call, Nov 12, 2019",2019-11-12,558,0,0.0,2019 Pre-Pandemic Baseline
DTE,DTE Energy Company,1652681.0,599510533.0,"DTE Energy Company, 2018 Earnings Call, Feb 07, 2019",2019-02-07,553,0,0.0,2019 Pre-Pandemic Baseline
DTE,DTE Energy Company,1705664.0,609869467.0,"DTE Energy Company, Q1 2019 Earnings Call, Apr 24, 2019",2019-04-24,534,0,0.0,2019 Pre-Pandemic Baseline
DTE,DTE Energy Company,1780979.0,628787897.0,"DTE Energy Company, Q2 2019 Earnings Call, Jul 24, 2019",2019-07-24,410,0,0.0,2019 Pre-Pandemic Baseline
DTE,DTE Energy Company,1848452.0,640601137.0,"DTE Energy Company, Q3 2019 Earnings Call, Oct 28, 2019",2019-10-28,438,0,0.0,2019 Pre-Pandemic Baseline
DUK,Duke Energy Corporation,1664723.0,597532537.0,"Duke Energy Corporation, Q4 2018 Earnings Call, Feb 14, 2019",2019-02-14,517,0,0.0,2019 Pre-Pandemic Baseline
DUK,Duke Energy Corporation,1740626.0,608859375.0,"Duke Energy Corporation, Q1 2019 Earnings Call, May 09, 2019",2019-05-09,406,0,0.0,2019 Pre-Pandemic Baseline
DUK,Duke Energy Corporation,1848414.0,626935480.0,"Duke Energy Corporation, Q2 2019 Earnings Call, Aug 06, 2019",2019-08-06,425,0,0.0,2019 Pre-Pandemic Baseline
DUK,Duke Energy Corporation,1863015.0,639682746.0,"Duke Energy Corporation, Q3 2019 Earnings Call, Nov 08, 2019",2019-11-08,540,0,0.0,2019 Pre-Pandemic Baseline
DWDP,"DuPont de Nemours, Inc.",1645961.0,594778351.0,"DowDuPont Inc., Q4 2018 Earnings Call, Jan 31, 2019",2019-01-31,509,0,0.0,2019 Pre-Pandemic Baseline
DD,"DuPont de Nemours, Inc.",1755400.0,607943089.0,"DowDuPont Inc., Q1 2019 Earnings Call, May 02, 2019",2019-05-02,393,0,0.0,2019 Pre-Pandemic Baseline
DD,"DuPont de Nemours, Inc.",1807037.0,630734833.0,"DuPont de Nemours, Inc., Q2 2019 Earnings Call, Aug 01, 2019",2019-08-01,482,0,0.0,2019 Pre-Pandemic Baseline
DD,"DuPont de Nemours, Inc.",1864790.0,641790950.0,"DuPont de Nemours, Inc., Q3 2019 Earnings Call, Oct 31, 2019",2019-10-31,496,0,0.0,2019 Pre-Pandemic Baseline
ETN,Eaton Corporation plc,1645077.0,597108795.0,"Eaton Corporation plc, Q4 2018 Earnings Call, Jan 31, 2019",2019-01-31,544,0,0.0,2019 Pre-Pandemic Baseline
ETN,Eaton Corporation plc,1717670.0,609571465.0,"Eaton Corporation plc, Q1 2019 Earnings Call, Apr 30, 2019",2019-04-30,525,0,0.0,2019 Pre-Pandemic Baseline
ETN,Eaton Corporation plc,1812091.0,629193239.0,"Eaton Corporation plc, Q2 2019 Earnings Call, Jul 30, 2019",2019-07-30,580,0,0.0,2019 Pre-Pandemic Baseline
ETN,Eaton Corporation plc,1880328.0,639919592.0,"Eaton Corporation plc, Q3 2019 Earnings Call, Oct 29, 2019",2019-10-29,506,0,0.0,2019 Pre-Pandemic Baseline
EBAY,eBay Inc.,1643516.0,597904274.0,"eBay Inc., Q4 2018 Earnings Call, Jan 29, 2019",2019-01-29,516,1,0.001937984496124,2019 Pre-Pandemic Baseline
EBAY,eBay Inc.,1704069.0,608875064.0,"eBay Inc., Q1 2019 Earnings Call, Apr 23, 2019",2019-04-23,437,0,0.0,2019 Pre-Pandemic Baseline
EBAY,eBay Inc.,1773656.0,626073350.0,"eBay Inc., Q2 2019 Earnings Call, Jul 17, 2019",2019-07-17,453,0,0.0,2019 Pre-Pandemic Baseline
EBAY,eBay Inc.,1839307.0,639212982.0,"eBay Inc., Q3 2019 Earnings Call, Oct 23, 2019",2019-10-23,484,0,0.0,2019 Pre-Pandemic Baseline
ECL,Ecolab Inc.,1662623.0,598321334.0,"Ecolab Inc., Q4 2018 Earnings Call, Feb 19, 2019",2019-02-19,524,0,0.0,2019 Pre-Pandemic Baseline
ECL,Ecolab Inc.,1718125.0,607706659.0,"Ecolab Inc., Q1 2019 Earnings Call, Apr 30, 2019",2019-04-30,607,0,0.0,2019 Pre-Pandemic Baseline
ECL,Ecolab Inc.,1788830.0,623081378.0,"Ecolab Inc., Q2 2019 Earnings Call, Jul 30, 2019",2019-07-30,477,0,0.0,2019 Pre-Pandemic Baseline
ECL,Ecolab Inc.,1846199.0,638193109.0,"Ecolab Inc., Q3 2019 Earnings Call, Oct 29, 2019",2019-10-29,411,0,0.0,2019 Pre-Pandemic Baseline
EIX,Edison International,1680651.0,600096193.0,"Edison International, Q4 2018 Earnings Call, Feb 28, 2019",2019-02-28,435,0,0.0,2019 Pre-Pandemic Baseline
EIX,Edison International,1719134.0,608384689.0,"Edison International, Q1 2019 Earnings Call, Apr 30, 2019",2019-04-30,454,1,0.0022026431718061,2019 Pre-Pandemic Baseline
EIX,Edison International,1781809.0,625896785.0,"Edison International, Q2 2019 Earnings Call, Jul 25, 2019",2019-07-25,461,0,0.0,2019 Pre-Pandemic Baseline
EIX,Edison International,1850488.0,639083153.0,"Edison International, Q3 2019 Earnings Call, Oct 29, 2019",2019-10-29,419,0,0.0,2019 Pre-Pandemic Baseline
EW,Edwards Lifesciences Corporation,1645713.0,597700132.0,"Edwards Lifesciences Corporation, Q4 2018 Earnings Call, Jan 31, 2019",2019-01-31,579,2,0.003454231433506,2019 Pre-Pandemic Baseline
EW,Edwards Lifesciences Corporation,1704454.0,608389769.0,"Edwards Lifesciences Corporation, Q1 2019 Earnings Call, Apr 23, 2019",2019-04-23,548,1,0.0018248175182481,2019 Pre-Pandemic Baseline
EW,Edwards Lifesciences Corporation,1778205.0,626538211.0,"Edwards Lifesciences Corporation, Q2 2019 Earnings Call, Jul 23, 2019",2019-07-23,532,0,0.0,2019 Pre-Pandemic Baseline
EW,Edwards Lifesciences Corporation,1840096.0,639294524.0,"Edwards Lifesciences Corporation, Q3 2019 Earnings Call, Oct 23, 2019",2019-10-23,526,0,0.0,2019 Pre-Pandemic Baseline
ANTM,"Elevance Health, Inc.",1644804.0,580773240.0,"Anthem, Inc., Q4 2018 Earnings Call, Jan 30, 2019",2019-01-30,475,1,0.0021052631578947,2019 Pre-Pandemic Baseline
ANTM,"Elevance Health, Inc.",1705228.0,601463914.0,"Anthem, Inc., Q1 2019 Earnings Call, Apr 24, 2019",2019-04-24,439,3,0.0068337129840546,2019 Pre-Pandemic Baseline
ELV,"Elevance Health, Inc.",1780204.0,601463941.0,"Anthem, Inc., Q2 2019 Earnings Call, Jul 24, 2019",2019-07-24,640,0,0.0,2019 Pre-Pandemic Baseline
ELV,"Elevance Health, Inc.",1840218.0,601463984.0,"Anthem, Inc., Q3 2019 Earnings Call, Oct 23, 2019",2019-10-23,557,3,0.0053859964093357,2019 Pre-Pandemic Baseline
EME,"EMCOR Group, Inc.",1667168.0,600430447.0,"EMCOR Group, Inc., Q4 2018 Earnings Call, Feb 21, 2019",2019-02-21,558,0,0.0,2019 Pre-Pandemic Baseline
EME,"EMCOR Group, Inc.",1718800.0,610760540.0,"EMCOR Group, Inc., Q1 2019 Earnings Call, Apr 30, 2019",2019-04-30,491,0,0.0,2019 Pre-Pandemic Baseline
EME,"EMCOR Group, Inc.",1788602.0,629652154.0,"EMCOR Group, Inc., Q2 2019 Earnings Call, Jul 30, 2019",2019-07-30,539,0,0.0,2019 Pre-Pandemic Baseline
EME,"EMCOR Group, Inc.",2514350.0,640571318.0,"EMCOR Group, Inc., Q3 2019 Earnings Call, Oct 29, 2019",2019-10-29,596,0,0.0,2019 Pre-Pandemic Baseline
EMR,Emerson Electric Co.,1648251.0,598313299.0,"Emerson Electric Co., Q1 2019 Earnings Call, Feb 05, 2019",2019-02-05,726,0,0.0,2019 Pre-Pandemic Baseline
EMR,Emerson Electric Co.,1732880.0,598355434.0,"Emerson Electric Co., Q2 2019 Earnings Call, May 07, 2019",2019-05-07,940,0,0.0,2019 Pre-Pandemic Baseline
EMR,Emerson Electric Co.,1803030.0,598356200.0,"Emerson Electric Co., Q3 2019 Earnings Call, Aug 06, 2019",2019-08-06,842,0,0.0,2019 Pre-Pandemic Baseline
EMR,Emerson Electric Co.,1861146.0,598356887.0,"Emerson Electric Co., Q4 2019 Earnings Call, Nov 05, 2019",2019-11-05,863,0,0.0,2019 Pre-Pandemic Baseline
EFX,Enerflex Ltd.,1669534.0,600651155.0,"Enerflex Ltd., Q4 2018 Earnings Call, Feb 22, 2019",2019-02-22,347,0,0.0,2019 Pre-Pandemic Baseline
EFX,Enerflex Ltd.,1731055.0,610040220.0,"Enerflex Ltd., Q1 2019 Earnings Call, May 03, 2019",2019-05-03,310,0,0.0,2019 Pre-Pandemic Baseline
EFX,Enerflex Ltd.,1806832.0,628720797.0,"Enerflex Ltd., Q2 2019 Earnings Call, Aug 09, 2019",2019-08-09,512,0,0.0,2019 Pre-Pandemic Baseline
EFX,Enerflex Ltd.,1867839.0,640157856.0,"Enerflex Ltd., Q3 2019 Earnings Call, Nov 08, 2019",2019-11-08,346,0,0.0,2019 Pre-Pandemic Baseline
ETR,Entergy Corporation,1680581.0,599962365.0,"Entergy Corporation, Q4 2018 Earnings Call, Feb 20, 2019",2019-02-20,423,0,0.0,2019 Pre-Pandemic Baseline
ETR,Entergy Corporation,1722177.0,608499939.0,"Entergy Corporation, Q1 2019 Earnings Call, May 01, 2019",2019-05-01,311,0,0.0,2019 Pre-Pandemic Baseline
ETR,Entergy Corporation,1791916.0,629570494.0,"Entergy Corporation, Q2 2019 Earnings Call, Jul 31, 2019",2019-07-31,317,1,0.0031545741324921,2019 Pre-Pandemic Baseline
ETR,Entergy Corporation,1850906.0,639824964.0,"Entergy Corporation, Q3 2019 Earnings Call, Oct 30, 2019",2019-10-30,308,0,0.0,2019 Pre-Pandemic Baseline
EOG,"EOG Resources, Inc.",1675550.0,598436072.0,"EOG Resources, Inc., Q4 2018 Earnings Call, Feb 27, 2019",2019-02-27,452,0,0.0,2019 Pre-Pandemic Baseline
EOG,"EOG Resources, Inc.",1725512.0,607018753.0,"EOG Resources, Inc., Q1 2019 Earnings Call, May 03, 2019",2019-05-03,580,0,0.0,2019 Pre-Pandemic Baseline
EOG,"EOG Resources, Inc.",1795886.0,622875160.0,"EOG Resources, Inc., Q2 2019 Earnings Call, Aug 02, 2019",2019-08-02,547,0,0.0,2019 Pre-Pandemic Baseline
EOG,"EOG Resources, Inc.",1864874.0,638193032.0,"EOG Resources, Inc., Q3 2019 Earnings Call, Nov 07, 2019",2019-11-07,520,0,0.0,2019 Pre-Pandemic Baseline
EPAM,"EPAM Systems, Inc.",1659273.0,598438883.0,"EPAM Systems, Inc., Q4 2018 Earnings Call, Feb 14, 2019",2019-02-14,394,1,0.0025380710659898,2019 Pre-Pandemic Baseline
EPAM,"EPAM Systems, Inc.",1740906.0,609771168.0,"EPAM Systems, Inc., Q1 2019 Earnings Call, May 09, 2019",2019-05-09,449,1,0.0022271714922048,2019 Pre-Pandemic Baseline
EPAM,"EPAM Systems, Inc.",1803457.0,628845115.0,"EPAM Systems, Inc., Q2 2019 Earnings Call, Aug 08, 2019",2019-08-08,482,0,0.0,2019 Pre-Pandemic Baseline
EPAM,"EPAM Systems, Inc.",1861839.0,639833918.0,"EPAM Systems, Inc., Q3 2019 Earnings Call, Nov 07, 2019",2019-11-07,456,0,0.0,2019 Pre-Pandemic Baseline
EQT,EQT AB (publ),1893309.0,641697462.0,"EQT AB, Q3 2019 Earnings Call, Nov 05, 2019",2019-11-05,315,0,0.0,2019 Pre-Pandemic Baseline
EQT,EQT Corporation,1659507.0,600424362.0,"EQT Corporation, Q4 2018 Earnings Call, Feb 14, 2019",2019-02-14,368,0,0.0,2019 Pre-Pandemic Baseline
EQT,EQT Corporation,1708959.0,600424513.0,"EQT Corporation, Q1 2019 Earnings Call, Apr 25, 2019",2019-04-25,411,0,0.0,2019 Pre-Pandemic Baseline
EQT,EQT Corporation,1784477.0,608819042.0,"EQT Corporation, Q2 2019 Earnings Call, Jul 25, 2019",2019-07-25,622,0,0.0,2019 Pre-Pandemic Baseline
EQT,EQT Corporation,1868599.0,600424458.0,"EQT Corporation, Q3 2019 Earnings Call, Oct 31, 2019",2019-10-31,437,0,0.0,2019 Pre-Pandemic Baseline
EFX,Equifax Inc.,1668317.0,603137358.0,"Equifax Inc., Q4 2018 Earnings Call, Feb 21, 2019",2019-02-21,850,2,0.0023529411764705,2019 Pre-Pandemic Baseline
EFX,Equifax Inc.,1735516.0,611392611.0,"Equifax Inc., Q1 2019 Earnings Call, May 10, 2019",2019-05-10,763,3,0.0039318479685452,2019 Pre-Pandemic Baseline
EFX,Equifax Inc.,1781392.0,630399980.0,"Equifax Inc., Q2 2019 Earnings Call, Jul 25, 2019",2019-07-25,682,0,0.0,2019 Pre-Pandemic Baseline
EFX,Equifax Inc.,1842359.0,640507949.0,"Equifax Inc., Q3 2019 Earnings Call, Oct 24, 2019",2019-10-24,760,1,0.0013157894736842,2019 Pre-Pandemic Baseline
EQIX,"Equinix, Inc.",1658273.0,598409865.0,"Equinix, Inc. (REIT), Equinix, Inc., Q4 2018 Earnings Call, Feb 13, 2019",2019-02-13,488,1,0.0020491803278688,2019 Pre-Pandemic Baseline
EQIX,"Equinix, Inc.",2987661.0,608956695.0,"Equinix, Inc. (REIT), Equinix, Inc., Q1 2019 Earnings Call, May 01, 2019",2019-05-01,489,1,0.0020449897750511,2019 Pre-Pandemic Baseline
EQIX,"Equinix, Inc.",1813353.0,626659197.0,"Equinix, Inc. (REIT), Equinix, Inc., Q2 2019 Earnings Call, Jul 31, 2019",2019-07-31,507,0,0.0,2019 Pre-Pandemic Baseline
EQIX,"Equinix, Inc.",1860745.0,639264977.0,"Equinix, Inc. (REIT), Equinix, Inc., Q3 2019 Earnings Call, Oct 30, 2019",2019-10-30,512,1,0.001953125,2019 Pre-Pandemic Baseline
EQR,Equity Residential,1644870.0,588143817.0,"Equity Residential, Q4 2018 Earnings Call, Jan 30, 2019",2019-01-30,752,0,0.0,2019 Pre-Pandemic Baseline
EQR,Equity Residential,1722091.0,600198476.0,"Equity Residential, Q1 2019 Earnings Call, May 01, 2019",2019-05-01,600,1,0.0016666666666666,2019 Pre-Pandemic Baseline
EQR,Equity Residential,1791500.0,612079013.0,"Equity Residential, Q2 2019 Earnings Call, Jul 31, 2019",2019-07-31,615,2,0.0032520325203252,2019 Pre-Pandemic Baseline
EQR,Equity Residential,1841850.0,631409410.0,"Equity Residential, Q3 2019 Earnings Call, Oct 23, 2019",2019-10-23,789,1,0.0012674271229404,2019 Pre-Pandemic Baseline
ESS,"Essex Property Trust, Inc.",1644840.0,597021150.0,"Essex Property Trust, Inc., Q4 2018 Earnings Call, Jan 31, 2019",2019-01-31,539,0,0.0,2019 Pre-Pandemic Baseline
ESS,"Essex Property Trust, Inc.",1711267.0,608383834.0,"Essex Property Trust, Inc., Q1 2019 Earnings Call, Apr 25, 2019",2019-04-25,736,0,0.0,2019 Pre-Pandemic Baseline
ESS,"Essex Property Trust, Inc.",1782689.0,626374774.0,"Essex Property Trust, Inc., Q2 2019 Earnings Call, Jul 25, 2019",2019-07-25,568,0,0.0,2019 Pre-Pandemic Baseline
ESS,"Essex Property Trust, Inc.",1865195.0,639081781.0,"Essex Property Trust, Inc., Q3 2019 Earnings Call, Oct 24, 2019",2019-10-24,690,0,0.0,2019 Pre-Pandemic Baseline
EVRG,"Evergy, Inc.",1667682.0,599417470.0,"Evergy, Inc., Q4 2018 Earnings Call, Feb 22, 2019",2019-02-22,549,0,0.0,2019 Pre-Pandemic Baseline
EVRG,"Evergy, Inc.",1734070.0,611075209.0,"Evergy, Inc., Q1 2019 Earnings Call, May 09, 2019",2019-05-09,267,0,0.0,2019 Pre-Pandemic Baseline
EVRG,"Evergy, Inc.",1805842.0,629944278.0,"Evergy, Inc., Q2 2019 Earnings Call, Aug 08, 2019",2019-08-08,398,0,0.0,2019 Pre-Pandemic Baseline
EVRG,"Evergy, Inc.",1863770.0,641058694.0,"Evergy, Inc., Q3 2019 Earnings Call, Nov 07, 2019",2019-11-07,549,0,0.0,2019 Pre-Pandemic Baseline
ES,Eversource Energy,1667178.0,601902570.0,"Eversource Energy, Q4 2018 Earnings Call, Feb 21, 2019",2019-02-21,597,0,0.0,2019 Pre-Pandemic Baseline
ES,Eversource Energy,1725004.0,611305596.0,"Eversource Energy, Q1 2019 Earnings Call, May 02, 2019",2019-05-02,284,0,0.0,2019 Pre-Pandemic Baseline
ES,Eversource Energy,1794130.0,630411719.0,"Eversource Energy, Q2 2019 Earnings Call, Aug 01, 2019",2019-08-01,377,0,0.0,2019 Pre-Pandemic Baseline
ES,Eversource Energy,1863474.0,641236612.0,"Eversource Energy, Q3 2019 Earnings Call, Nov 06, 2019",2019-11-06,416,0,0.0,2019 Pre-Pandemic Baseline
EXPE,"Expedia Group, Inc.",1652138.0,594803881.0,"Expedia Group, Inc., Q4 2018 Earnings Call, Feb 07, 2019",2019-02-07,500,0,0.0,2019 Pre-Pandemic Baseline
EXPE,"Expedia Group, Inc.",1727136.0,607670745.0,"Expedia Group, Inc., Q1 2019 Earnings Call, May 02, 2019",2019-05-02,453,0,0.0,2019 Pre-Pandemic Baseline
EXPE,"Expedia Group, Inc.",1825809.0,629095213.0,"Expedia Group, Inc., Q2 2019 Earnings Call, Jul 25, 2019",2019-07-25,445,2,0.0044943820224719,2019 Pre-Pandemic Baseline
EXPE,"Expedia Group, Inc.",1871824.0,640605980.0,"Expedia Group, Inc., Q3 2019 Earnings Call, Nov 06, 2019",2019-11-06,491,0,0.0,2019 Pre-Pandemic Baseline
EXE,Extendicare Inc.,1679825.0,600165731.0,"Extendicare Inc., Q4 2018 Earnings Call, Mar 01, 2019",2019-03-01,479,0,0.0,2019 Pre-Pandemic Baseline
EXE,Extendicare Inc.,1763610.0,611902077.0,"Extendicare Inc., Q1 2019 Earnings Call, May 15, 2019",2019-05-15,423,0,0.0,2019 Pre-Pandemic Baseline
EXE,Extendicare Inc.,1818561.0,629272244.0,"Extendicare Inc., Q2 2019 Earnings Call, Aug 15, 2019",2019-08-15,369,0,0.0,2019 Pre-Pandemic Baseline
EXE,Extendicare Inc.,1874664.0,639937221.0,"Extendicare Inc., Q3 2019 Earnings Call, Nov 08, 2019",2019-11-08,391,0,0.0,2019 Pre-Pandemic Baseline
EXR,Extra Space Storage Inc.,1668054.0,600093695.0,"Extra Space Storage Inc., Q4 2018 Earnings Call, Feb 21, 2019",2019-02-21,334,0,0.0,2019 Pre-Pandemic Baseline
EXR,Extra Space Storage Inc.,1722170.0,610239921.0,"Extra Space Storage Inc., Q1 2019 Earnings Call, May 01, 2019",2019-05-01,338,0,0.0,2019 Pre-Pandemic Baseline
EXR,Extra Space Storage Inc.,1809278.0,626752756.0,"Extra Space Storage Inc., Q2 2019 Earnings Call, Jul 31, 2019",2019-07-31,319,0,0.0,2019 Pre-Pandemic Baseline
EXR,Extra Space Storage Inc.,1854703.0,639419670.0,"Extra Space Storage Inc., Q3 2019 Earnings Call, Oct 30, 2019",2019-10-30,407,0,0.0,2019 Pre-Pandemic Baseline
FFIV,"F5, Inc.",1640399.0,582513176.0,"F5 Networks, Inc., Q1 2019 Earnings Call, Jan 23, 2019",2019-01-23,415,1,0.0024096385542168,2019 Pre-Pandemic Baseline
FFIV,"F5, Inc.",1707432.0,582513189.0,"F5 Networks, Inc., Q2 2019 Earnings Call, Apr 24, 2019",2019-04-24,398,0,0.0,2019 Pre-Pandemic Baseline
FFIV,"F5, Inc.",1782774.0,582513202.0,"F5 Networks, Inc., Q3 2019 Earnings Call, Jul 24, 2019",2019-07-24,437,0,0.0,2019 Pre-Pandemic Baseline
FFIV,"F5, Inc.",1842558.0,582513209.0,"F5 Networks, Inc., Q4 2019 Earnings Call, Oct 23, 2019",2019-10-23,468,0,0.0,2019 Pre-Pandemic Baseline
FDS,FactSet Research Systems Inc.,1693960.0,604331383.0,"FactSet Research Systems Inc., Q2 2019 Earnings Call, Mar 26, 2019",2019-03-26,495,0,0.0,2019 Pre-Pandemic Baseline
FDS,FactSet Research Systems Inc.,1767651.0,616276095.0,"FactSet Research Systems Inc., Q3 2019 Earnings Call, Jun 25, 2019",2019-06-25,536,0,0.0,2019 Pre-Pandemic Baseline
FDS,FactSet Research Systems Inc.,1832443.0,634956696.0,"FactSet Research Systems Inc., Q4 2019 Earnings Call, Sep 26, 2019",2019-09-26,649,1,0.0015408320493066,2019 Pre-Pandemic Baseline
FDS,FactSet Research Systems Inc.,1887283.0,645114569.0,"FactSet Research Systems Inc., Q1 2020 Earnings Call, Dec 19, 2019",2019-12-19,518,0,0.0,2019 Pre-Pandemic Baseline
FICO,Fair Isaac Corporation,1643796.0,599414659.0,"Fair Isaac Corporation, Q1 2019 Earnings Call, Jan 30, 2019",2019-01-30,248,0,0.0,2019 Pre-Pandemic Baseline
FICO,Fair Isaac Corporation,1718095.0,611153010.0,"Fair Isaac Corporation, Q2 2019 Earnings Call, Apr 30, 2019",2019-04-30,232,1,0.0043103448275862,2019 Pre-Pandemic Baseline
FICO,Fair Isaac Corporation,1813249.0,629960780.0,"Fair Isaac Corporation, Q3 2019 Earnings Call, Jul 31, 2019",2019-07-31,301,0,0.0,2019 Pre-Pandemic Baseline
FICO,Fair Isaac Corporation,1856637.0,641634029.0,"Fair Isaac Corporation, Q4 2019 Earnings Call, Nov 04, 2019",2019-11-04,290,1,0.0034482758620689,2019 Pre-Pandemic Baseline
FAST,Fastenal Company,1637492.0,596879803.0,"Fastenal Company, Q4 2018 Earnings Call, Jan 17, 2019",2019-01-17,573,0,0.0,2019 Pre-Pandemic Baseline
FAST,Fastenal Company,1699056.0,607679156.0,"Fastenal Company, Q1 2019 Earnings Call, Apr 11, 2019",2019-04-11,586,0,0.0,2019 Pre-Pandemic Baseline
FAST,Fastenal Company,1771919.0,625896894.0,"Fastenal Company, Q2 2019 Earnings Call, Jul 11, 2019",2019-07-11,516,0,0.0,2019 Pre-Pandemic Baseline
FAST,Fastenal Company,1833057.0,635670816.0,"Fastenal Company, Q3 2019 Earnings Call, Oct 11, 2019",2019-10-11,566,0,0.0,2019 Pre-Pandemic Baseline
FRT,Federal Realty Investment Trust,1659769.0,594095747.0,"Federal Realty Investment Trust, Q4 2018 Earnings Call, Feb 14, 2019",2019-02-14,582,0,0.0,2019 Pre-Pandemic Baseline
FRT,Federal Realty Investment Trust,1726716.0,606565768.0,"Federal Realty Investment Trust, Q1 2019 Earnings Call, May 03, 2019",2019-05-03,547,0,0.0,2019 Pre-Pandemic Baseline
FRT,Federal Realty Investment Trust,1795747.0,620559563.0,"Federal Realty Investment Trust, Q2 2019 Earnings Call, Aug 02, 2019",2019-08-02,391,0,0.0,2019 Pre-Pandemic Baseline
FRT,Federal Realty Investment Trust,1855459.0,638080901.0,"Federal Realty Investment Trust, Q3 2019 Earnings Call, Oct 31, 2019",2019-10-31,619,0,0.0,2019 Pre-Pandemic Baseline
FDX,FedEx Corporation,2086529.0,571251277.0,"FedEx Corporation, Q3 2019 Earnings Call, Mar 19, 2019",2019-03-19,485,1,0.002061855670103,2019 Pre-Pandemic Baseline
FDX,FedEx Corporation,1767045.0,581408700.0,"FedEx Corporation, Q4 2019 Earnings Call, Jun 25, 2019",2019-06-25,457,0,0.0,2019 Pre-Pandemic Baseline
FDX,FedEx Corporation,1825890.0,614210155.0,"FedEx Corporation, Q1 2020 Earnings Call, Sep 17, 2019",2019-09-17,515,0,0.0,2019 Pre-Pandemic Baseline
FDX,FedEx Corporation,1886925.0,614210539.0,"FedEx Corporation, Q2 2020 Earnings Call, Dec 17, 2019",2019-12-17,536,0,0.0,2019 Pre-Pandemic Baseline
FIS,"Fidelity National Information Services, Inc.",1661111.0,597495849.0,"Fidelity National Information Services, Inc., Q4 2018 Earnings Call, Feb 12, 2019",2019-02-12,588,0,0.0,2019 Pre-Pandemic Baseline
FIS,"Fidelity National Information Services, Inc.",1718544.0,609772107.0,"Fidelity National Information Services, Inc., Q1 2019 Earnings Call, Apr 30, 2019",2019-04-30,472,0,0.0,2019 Pre-Pandemic Baseline
FIS,"Fidelity National Information Services, Inc.",1799001.0,628786859.0,"Fidelity National Information Services, Inc., Q2 2019 Earnings Call, Aug 06, 2019",2019-08-06,624,0,0.0,2019 Pre-Pandemic Baseline
FIS,"Fidelity National Information Services, Inc.",1859646.0,640571417.0,"Fidelity National Information Services, Inc., Q3 2019 Earnings Call, Nov 05, 2019",2019-11-05,578,0,0.0,2019 Pre-Pandemic Baseline
FITB,Fifth Third Bancorp,1642638.0,595614344.0,"Fifth Third Bancorp, Q4 2018 Earnings Call, Jan 22, 2019",2019-01-22,557,0,0.0,2019 Pre-Pandemic Baseline
FITB,Fifth Third Bancorp,1703314.0,605170204.0,"Fifth Third Bancorp, Q1 2019 Earnings Call, Apr 23, 2019",2019-04-23,542,0,0.0,2019 Pre-Pandemic Baseline
FITB,Fifth Third Bancorp,1782870.0,605205451.0,"Fifth Third Bancorp, Q2 2019 Earnings Call, Jul 23, 2019",2019-07-23,493,0,0.0,2019 Pre-Pandemic Baseline
FITB,Fifth Third Bancorp,1839433.0,605205971.0,"Fifth Third Bancorp, Q3 2019 Earnings Call, Oct 22, 2019",2019-10-22,735,1,0.001360544217687,2019 Pre-Pandemic Baseline
FE,FirstEnergy Corp.,1664503.0,602110166.0,"FirstEnergy Corp., Q4 2018 Earnings Call, Feb 20, 2019",2019-02-20,312,0,0.0,2019 Pre-Pandemic Baseline
FE,FirstEnergy Corp.,1706186.0,610765208.0,"FirstEnergy Corp., Q1 2019 Earnings Call, Apr 24, 2019",2019-04-24,397,0,0.0,2019 Pre-Pandemic Baseline
FE,FirstEnergy Corp.,1795627.0,629674209.0,"FirstEnergy Corp., Q2 2019 Earnings Call, Jul 24, 2019",2019-07-24,296,0,0.0,2019 Pre-Pandemic Baseline
FE,FirstEnergy Corp.,1854120.0,641352604.0,"FirstEnergy Corp., Q3 2019 Earnings Call, Nov 04, 2019",2019-11-04,453,0,0.0,2019 Pre-Pandemic Baseline
FSLR,"First Solar, Inc.",1667206.0,601440658.0,"First Solar, Inc., Q4 2018 Earnings Call, Feb 21, 2019",2019-02-21,468,0,0.0,2019 Pre-Pandemic Baseline
FSLR,"First Solar, Inc.",1727261.0,611613317.0,"First Solar, Inc., Q1 2019 Earnings Call, May 02, 2019",2019-05-02,376,1,0.0026595744680851,2019 Pre-Pandemic Baseline
FSLR,"First Solar, Inc.",1811428.0,630856378.0,"First Solar, Inc., Q2 2019 Earnings Call, Aug 01, 2019",2019-08-01,481,0,0.0,2019 Pre-Pandemic Baseline
FSLR,"First Solar, Inc.",1846321.0,640843857.0,"First Solar, Inc., Q3 2019 Earnings Call, Oct 24, 2019",2019-10-24,482,0,0.0,2019 Pre-Pandemic Baseline
FISV,"Fiserv, Inc.",2717650.0,599281140.0,"Fiserv, Inc., Q4 2018 Earnings Call, Feb 07, 2019",2019-02-07,483,0,0.0,2019 Pre-Pandemic Baseline
FISV,"Fiserv, Inc.",1716451.0,610457842.0,"Fiserv, Inc., Q1 2019 Earnings Call, Apr 30, 2019",2019-04-30,429,0,0.0,2019 Pre-Pandemic Baseline
FISV,"Fiserv, Inc.",1781547.0,629579664.0,"Fiserv, Inc., Q2 2019 Earnings Call, Jul 25, 2019",2019-07-25,485,0,0.0,2019 Pre-Pandemic Baseline
FISV,"Fiserv, Inc.",1872064.0,640773694.0,"Fiserv, Inc., Q3 2019 Earnings Call, Nov 06, 2019",2019-11-06,531,0,0.0,2019 Pre-Pandemic Baseline
F,Ford Motor Company,1640245.0,591143432.0,"Ford Motor Credit Company LLC, Ford Motor Company, Q4 2018 Earnings Call, Jan 23, 2019",2019-01-23,470,0,0.0,2019 Pre-Pandemic Baseline
F,Ford Motor Company,1712238.0,591143449.0,"Ford Motor Company, Ford Motor Credit Company LLC, Q1 2019 Earnings Call, Apr 25, 2019",2019-04-25,625,2,0.0032,2019 Pre-Pandemic Baseline
F,Ford Motor Company,1827697.0,591143463.0,"Ford Motor Company, Ford Motor Credit Company LLC, Q2 2019 Earnings Call, Jul 24, 2019",2019-07-24,519,1,0.001926782273603,2019 Pre-Pandemic Baseline
F,Ford Motor Company,1839310.0,591143476.0,"Ford Motor Company, Ford Motor Credit Company LLC, Q3 2019 Earnings Call, Oct 23, 2019",2019-10-23,595,1,0.0016806722689075,2019 Pre-Pandemic Baseline
FTNT,"Fortinet, Inc.",1650303.0,596853766.0,"Fortinet, Inc., Q4 2018 Earnings Call, Feb 06, 2019",2019-02-06,509,1,0.0019646365422396,2019 Pre-Pandemic Baseline
FTNT,"Fortinet, Inc.",2718427.0,608478506.0,"Fortinet, Inc., Q1 2019 Earnings Call, May 02, 2019",2019-05-02,457,1,0.0021881838074398,2019 Pre-Pandemic Baseline
FTNT,"Fortinet, Inc.",1795133.0,626521466.0,"Fortinet, Inc., Q2 2019 Earnings Call, Aug 01, 2019",2019-08-01,483,0,0.0,2019 Pre-Pandemic Baseline
FTNT,"Fortinet, Inc.",1851274.0,639049896.0,"Fortinet, Inc., Q3 2019 Earnings Call, Oct 31, 2019",2019-10-31,549,0,0.0,2019 Pre-Pandemic Baseline
FTV,Fortive Corporation,1659919.0,597901600.0,"Fortive Corporation, Q4 2018 Earnings Call, Feb 07, 2019",2019-02-07,526,0,0.0,2019 Pre-Pandemic Baseline
FTV,Fortive Corporation,3499962.0,607939727.0,"Fortive Corporation, Q1 2019 Earnings Call, Apr 25, 2019",2019-04-25,597,0,0.0,2019 Pre-Pandemic Baseline
FTV,Fortive Corporation,1781408.0,626209436.0,"Fortive Corporation, Q2 2019 Earnings Call, Jul 25, 2019",2019-07-25,573,0,0.0,2019 Pre-Pandemic Baseline
FTV,Fortive Corporation,1840610.0,638501282.0,"Fortive Corporation, Q3 2019 Earnings Call, Oct 24, 2019",2019-10-24,549,0,0.0,2019 Pre-Pandemic Baseline
FOXA,Fox Corporation,1808351.0,629785893.0,"Fox Corporation, Q4 2019 Earnings Call, Aug 07, 2019",2019-08-07,288,0,0.0,2019 Pre-Pandemic Baseline
FOXA,Fox Corporation,1861171.0,640251747.0,"Fox Corporation, Q1 2020 Earnings Call, Nov 06, 2019",2019-11-06,250,0,0.0,2019 Pre-Pandemic Baseline
BEN,"Franklin Resources, Inc.",1643689.0,597401892.0,"Franklin Resources, Inc., Q1 2019 Earnings Call, Jan 30, 2019",2019-01-30,414,0,0.0,2019 Pre-Pandemic Baseline
BEN,"Franklin Resources, Inc.",1711372.0,608982453.0,"Franklin Resources, Inc., Q2 2019 Earnings Call, Apr 26, 2019",2019-04-26,335,1,0.0029850746268656,2019 Pre-Pandemic Baseline
BEN,"Franklin Resources, Inc.",1788997.0,628418461.0,"Franklin Resources, Inc., Q3 2019 Earnings Call, Jul 30, 2019",2019-07-30,485,0,0.0,2019 Pre-Pandemic Baseline
BEN,"Franklin Resources, Inc.",1849493.0,640551812.0,"Franklin Resources, Inc., Q4 2019 Earnings Call, Oct 25, 2019",2019-10-25,386,0,0.0,2019 Pre-Pandemic Baseline
GD,General Dynamics Corporation,1644917.0,597394105.0,"General Dynamics Corporation, Q4 2018 Earnings Call, Jan 30, 2019",2019-01-30,408,0,0.0,2019 Pre-Pandemic Baseline
GD,General Dynamics Corporation,1704537.0,609741096.0,"General Dynamics Corporation, Q1 2019 Earnings Call, Apr 24, 2019",2019-04-24,399,0,0.0,2019 Pre-Pandemic Baseline
GD,General Dynamics Corporation,1780037.0,629201428.0,"General Dynamics Corporation, Q2 2019 Earnings Call, Jul 24, 2019",2019-07-24,378,0,0.0,2019 Pre-Pandemic Baseline
GD,General Dynamics Corporation,1837848.0,639827634.0,"General Dynamics Corporation, Q3 2019 Earnings Call, Oct 23, 2019",2019-10-23,357,0,0.0,2019 Pre-Pandemic Baseline
GE,General Electric Company,1646466.0,595613996.0,"General Electric Company, Q4 2018 Earnings Call, Jan 31, 2019",2019-01-31,738,0,0.0,2019 Pre-Pandemic Baseline
GE,General Electric Company,1718444.0,608973889.0,"General Electric Company, Q1 2019 Earnings Call, Apr 30, 2019",2019-04-30,604,0,0.0,2019 Pre-Pandemic Baseline
GE,General Electric Company,1790160.0,623293707.0,"General Electric Company, Q2 2019 Earnings Call, Jul 31, 2019",2019-07-31,530,0,0.0,2019 Pre-Pandemic Baseline
GE,General Electric Company,1851175.0,631509368.0,"General Electric Company, Q3 2019 Earnings Call, Oct 30, 2019",2019-10-30,535,2,0.0037383177570093,2019 Pre-Pandemic Baseline
GIS,"General Mills, Inc.",1692827.0,604547308.0,"General Mills, Inc., Q3 2019 Earnings Call, Mar 20, 2019",2019-03-20,545,0,0.0,2019 Pre-Pandemic Baseline
GIS,"General Mills, Inc.",1769150.0,618790730.0,"General Mills, Inc., Q4 2019 Earnings Call, Jun 26, 2019",2019-06-26,539,0,0.0,2019 Pre-Pandemic Baseline
GIS,"General Mills, Inc.",1827316.0,633944846.0,"General Mills, Inc., Q1 2020 Earnings Call, Sep 18, 2019",2019-09-18,620,0,0.0,2019 Pre-Pandemic Baseline
GIS,"General Mills, Inc.",1887270.0,645513324.0,"General Mills, Inc., Q2 2020 Earnings Call, Dec 18, 2019",2019-12-18,595,0,0.0,2019 Pre-Pandemic Baseline
GILD,"Gilead Sciences, Inc.",1647662.0,597010620.0,"Gilead Sciences, Inc., Q4 2018 Earnings Call, Feb 04, 2019",2019-02-04,524,0,0.0,2019 Pre-Pandemic Baseline
GILD,"Gilead Sciences, Inc.",1724674.0,608377603.0,"Gilead Sciences, Inc., Q1 2019 Earnings Call, May 02, 2019",2019-05-02,539,1,0.0018552875695732,2019 Pre-Pandemic Baseline
GILD,"Gilead Sciences, Inc.",1788853.0,626539453.0,"Gilead Sciences, Inc., Q2 2019 Earnings Call, Jul 30, 2019",2019-07-30,464,0,0.0,2019 Pre-Pandemic Baseline
GILD,"Gilead Sciences, Inc.",1840626.0,639071327.0,"Gilead Sciences, Inc., Q3 2019 Earnings Call, Oct 24, 2019",2019-10-24,488,0,0.0,2019 Pre-Pandemic Baseline
TMK,Globe Life Inc.,1649977.0,599415219.0,"Torchmark Corporation, Q4 2018 Earnings Call, Feb 06, 2019",2019-02-06,265,0,0.0,2019 Pre-Pandemic Baseline
TMK,Globe Life Inc.,1704457.0,609962652.0,"Torchmark Corporation, Q1 2019 Earnings Call, Apr 18, 2019",2019-04-18,203,0,0.0,2019 Pre-Pandemic Baseline
TMK,Globe Life Inc.,1782846.0,629810132.0,"Torchmark Corporation, Q2 2019 Earnings Call, Jul 25, 2019",2019-07-25,209,0,0.0,2019 Pre-Pandemic Baseline
GL,Globe Life Inc.,1842628.0,641029496.0,"Globe Life Inc., Q3 2019 Earnings Call, Oct 24, 2019",2019-10-24,289,0,0.0,2019 Pre-Pandemic Baseline
GDDY,GoDaddy Inc.,1664916.0,598863941.0,"GoDaddy Inc., Q4 2018 Earnings Call, Feb 20, 2019",2019-02-20,378,0,0.0,2019 Pre-Pandemic Baseline
GDDY,GoDaddy Inc.,1722415.0,608964692.0,"GoDaddy Inc., Q1 2019 Earnings Call, May 02, 2019",2019-05-02,365,0,0.0,2019 Pre-Pandemic Baseline
GDDY,GoDaddy Inc.,1809482.0,628719309.0,"GoDaddy Inc., Q2 2019 Earnings Call, Aug 01, 2019",2019-08-01,355,0,0.0,2019 Pre-Pandemic Baseline
GDDY,GoDaddy Inc.,1885411.0,640571478.0,"GoDaddy Inc., Q3 2019 Earnings Call, Nov 06, 2019",2019-11-06,343,0,0.0,2019 Pre-Pandemic Baseline
MU,"Micron Technology, Inc.",1692312.0,603389267.0,"Micron Technology, Inc., Q2 2019 Earnings Call, Mar 20, 2019",2019-03-20,391,2,0.0051150895140664,2019 Pre-Pandemic Baseline
MU,"Micron Technology, Inc.",3029007.0,614567308.0,"Micron Technology, Inc., Q3 2019 Earnings Call, Jun 25, 2019",2019-06-25,435,2,0.0045977011494252,2019 Pre-Pandemic Baseline
MU,"Micron Technology, Inc.",1829379.0,634110774.0,"Micron Technology, Inc., Q4 2019 Earnings Call, Sep 26, 2019",2019-09-26,418,2,0.0047846889952153,2019 Pre-Pandemic Baseline
MU,"Micron Technology, Inc.",1887272.0,644833460.0,"Micron Technology, Inc., Q1 2020 Earnings Call, Dec 18, 2019",2019-12-18,424,5,0.0117924528301886,2019 Pre-Pandemic Baseline
PRU,Perseus Mining Limited,1886535.0,598627256.0,"Perseus Mining Limited, Q2 2019 Earnings Call, Jan 21, 2019",2019-01-21,306,0,0.0,2019 Pre-Pandemic Baseline
PRU,Perseus Mining Limited,1765165.0,610226740.0,"Perseus Mining Limited, Q3 2019 Earnings Call, Apr 15, 2019",2019-04-15,172,0,0.0,2019 Pre-Pandemic Baseline
PRU,Perseus Mining Limited,1774124.0,628732355.0,"Perseus Mining Limited, Q4 2019 Earnings Call, Jul 17, 2019",2019-07-17,250,0,0.0,2019 Pre-Pandemic Baseline
PRU,Perseus Mining Limited,1890441.0,640429768.0,"Perseus Mining Limited, Q1 2020 Earnings Call, Oct 20, 2019",2019-10-20,266,0,0.0,2019 Pre-Pandemic Baseline
DGX,Quest Diagnostics Incorporated,1660094.0,597378027.0,"Quest Diagnostics Incorporated, Q4 2018 Earnings Call, Feb 14, 2019",2019-02-14,514,0,0.0,2019 Pre-Pandemic Baseline
DGX,Quest Diagnostics Incorporated,1703158.0,605806614.0,"Quest Diagnostics Incorporated, Q1 2019 Earnings Call, Apr 23, 2019",2019-04-23,556,0,0.0,2019 Pre-Pandemic Baseline
DGX,Quest Diagnostics Incorporated,1778134.0,618724923.0,"Quest Diagnostics Incorporated, Q2 2019 Earnings Call, Jul 23, 2019",2019-07-23,566,0,0.0,2019 Pre-Pandemic Baseline
DGX,Quest Diagnostics Incorporated,1837724.0,639419438.0,"Quest Diagnostics Incorporated, Q3 2019 Earnings Call, Oct 22, 2019",2019-10-22,554,1,0.0018050541516245,2019 Pre-Pandemic Baseline
RSG,Resolute Mining Limited,1716371.0,611884417.0,"Resolute Mining Limited, Q1 2019 Earnings Call, Apr 30, 2019",2019-04-30,287,0,0.0,2019 Pre-Pandemic Baseline
CRM,"Salesforce, Inc.",1679679.0,601899732.0,"salesforce.com, inc., Q4 2019 Earnings Call, Mar 04, 2019",2019-03-04,455,7,0.0153846153846153,2019 Pre-Pandemic Baseline
CRM,"Salesforce, Inc.",1756660.0,612278171.0,"salesforce.com, inc., Q1 2020 Earnings Call, Jun 04, 2019",2019-06-04,543,7,0.012891344383057,2019 Pre-Pandemic Baseline
CRM,"Salesforce, Inc.",1819080.0,631498258.0,"salesforce.com, inc., Q2 2020 Earnings Call, Aug 22, 2019",2019-08-22,474,7,0.0147679324894514,2019 Pre-Pandemic Baseline
CRM,"Salesforce, Inc.",1882104.0,642929708.0,"salesforce.com, inc., Q3 2020 Earnings Call, Dec 03, 2019",2019-12-03,492,2,0.0040650406504065,2019 Pre-Pandemic Baseline
STT,State Street Corporation,1637853.0,597177756.0,"State Street Corporation, Q4 2018 Earnings Call, Jan 18, 2019",2019-01-18,783,0,0.0,2019 Pre-Pandemic Baseline
STT,State Street Corporation,1703021.0,607677127.0,"State Street Corporation, Q1 2019 Earnings Call, Apr 23, 2019",2019-04-23,668,0,0.0,2019 Pre-Pandemic Baseline
STT,State Street Corporation,1775804.0,626004426.0,"State Street Corporation, Q2 2019 Earnings Call, Jul 19, 2019",2019-07-19,673,0,0.0,2019 Pre-Pandemic Baseline
STT,State Street Corporation,1836428.0,638191900.0,"State Street Corporation, Q3 2019 Earnings Call, Oct 18, 2019",2019-10-18,555,0,0.0,2019 Pre-Pandemic Baseline
TKO,Taseko Mines Limited,1657976.0,598574241.0,"Taseko Mines Limited, Q4 2018 Earnings Call, Feb 13, 2019",2019-02-13,227,0,0.0,2019 Pre-Pandemic Baseline
TKO,Taseko Mines Limited,1742491.0,611644924.0,"Taseko Mines Limited, Q1 2019 Earnings Call, May 09, 2019",2019-05-09,219,0,0.0,2019 Pre-Pandemic Baseline
TKO,Taseko Mines Limited,1806983.0,626977273.0,"Taseko Mines Limited, Q2 2019 Earnings Call, Aug 08, 2019",2019-08-08,292,0,0.0,2019 Pre-Pandemic Baseline
TKO,Taseko Mines Limited,1875653.0,637214595.0,"Taseko Mines Limited, Q3 2019 Earnings Call, Nov 07, 2019",2019-11-07,329,2,0.0060790273556231,2019 Pre-Pandemic Baseline
AES,The AES Corporation,1676116.0,600076131.0,"The AES Corporation, Q4 2018 Earnings Call, Feb 27, 2019",2019-02-27,488,0,0.0,2019 Pre-Pandemic Baseline
AES,The AES Corporation,1751420.0,609584186.0,"The AES Corporation, Q1 2019 Earnings Call, May 07, 2019",2019-05-07,403,1,0.0024813895781637,2019 Pre-Pandemic Baseline
AES,The AES Corporation,1800691.0,628632414.0,"The AES Corporation, Q2 2019 Earnings Call, Aug 06, 2019",2019-08-06,360,0,0.0,2019 Pre-Pandemic Baseline
AES,The AES Corporation,1863517.0,639620768.0,"The AES Corporation, Q3 2019 Earnings Call, Nov 06, 2019",2019-11-06,455,1,0.0021978021978021,2019 Pre-Pandemic Baseline
ALL,The Allstate Corporation,1651047.0,531880988.0,"The Allstate Corporation, Q4 2018 Earnings Call, Feb 06, 2019",2019-02-06,533,0,0.0,2019 Pre-Pandemic Baseline
ALL,The Allstate Corporation,1726015.0,603353697.0,"The Allstate Corporation, Q1 2019 Earnings Call, May 02, 2019",2019-05-02,564,0,0.0,2019 Pre-Pandemic Baseline
ALL,The Allstate Corporation,1791034.0,612849618.0,"The Allstate Corporation, Q2 2019 Earnings Call, Jul 31, 2019",2019-07-31,509,0,0.0,2019 Pre-Pandemic Baseline
ALL,The Allstate Corporation,1849422.0,612870057.0,"The Allstate Corporation, Q3 2019 Earnings Call, Oct 30, 2019",2019-10-30,553,0,0.0,2019 Pre-Pandemic Baseline
BK,The Bank of New York Mellon Corporation,1637175.0,595140523.0,"The Bank of New York Mellon Corporation, Q4 2018 Earnings Call, Jan 16, 2019",2019-01-16,558,0,0.0,2019 Pre-Pandemic Baseline
BK,The Bank of New York Mellon Corporation,1701568.0,606303355.0,"The Bank of New York Mellon Corporation, Q1 2019 Earnings Call, Apr 17, 2019",2019-04-17,514,0,0.0,2019 Pre-Pandemic Baseline
BK,The Bank of New York Mellon Corporation,1775458.0,612983931.0,"The Bank of New York Mellon Corporation, Q2 2019 Earnings Call, Jul 17, 2019",2019-07-17,522,0,0.0,2019 Pre-Pandemic Baseline
BK,The Bank of New York Mellon Corporation,1834142.0,631577621.0,"The Bank of New York Mellon Corporation, Q3 2019 Earnings Call, Oct 16, 2019",2019-10-16,472,1,0.0021186440677966,2019 Pre-Pandemic Baseline
BA,The Boeing Company,1643708.0,595602479.0,"The Boeing Company, Q4 2018 Earnings Call, Jan 30, 2019",2019-01-30,687,0,0.0,2019 Pre-Pandemic Baseline
BA,The Boeing Company,1751027.0,607800058.0,"The Boeing Company, Q1 2019 Earnings Call, Apr 24, 2019",2019-04-24,585,0,0.0,2019 Pre-Pandemic Baseline
BA,The Boeing Company,1830979.0,625972864.0,"The Boeing Company, Q2 2019 Earnings Call, Jul 24, 2019",2019-07-24,584,0,0.0,2019 Pre-Pandemic Baseline
BA,The Boeing Company,1839341.0,638322270.0,"The Boeing Company, Q3 2019 Earnings Call, Oct 23, 2019",2019-10-23,619,0,0.0,2019 Pre-Pandemic Baseline
CPB,The Campbell's Company,1677020.0,600167491.0,"Campbell Soup Company, Q2 2019 Earnings Call, Feb 27, 2019",2019-02-27,408,0,0.0,2019 Pre-Pandemic Baseline
CPB,The Campbell's Company,1757788.0,612027537.0,"Campbell Soup Company, Q3 2019 Earnings Call, Jun 05, 2019",2019-06-05,441,0,0.0,2019 Pre-Pandemic Baseline
CPB,The Campbell's Company,1825281.0,633670162.0,"Campbell Soup Company, Q4 2019 Earnings Call, Aug 30, 2019",2019-08-30,506,0,0.0,2019 Pre-Pandemic Baseline
CPB,The Campbell's Company,1933575.0,643932162.0,"Campbell Soup Company, Q1 2020 Earnings Call, Dec 04, 2019",2019-12-04,481,0,0.0,2019 Pre-Pandemic Baseline
CI,The Cigna Group,1751032.0,595711923.0,"Cigna Corporation, Q4 2018 Earnings Call, Feb 01, 2019",2019-02-01,542,0,0.0,2019 Pre-Pandemic Baseline
CI,The Cigna Group,1751095.0,609967535.0,"Cigna Corporation, Q1 2019 Earnings Call, May 02, 2019",2019-05-02,521,0,0.0,2019 Pre-Pandemic Baseline
CI,The Cigna Group,1793375.0,628787989.0,"Cigna Corporation, Q2 2019 Earnings Call, Aug 01, 2019",2019-08-01,537,1,0.0018621973929236,2019 Pre-Pandemic Baseline
CI,The Cigna Group,1850583.0,640130964.0,"Cigna Corporation, Q3 2019 Earnings Call, Oct 31, 2019",2019-10-31,510,1,0.0019607843137254,2019 Pre-Pandemic Baseline
CLX,The Clorox Company,1650885.0,597108891.0,"The Clorox Company, Q2 2019 Earnings Call, Feb 04, 2019",2019-02-04,627,0,0.0,2019 Pre-Pandemic Baseline
CLX,The Clorox Company,1722208.0,608676809.0,"The Clorox Company, Q3 2019 Earnings Call, May 01, 2019",2019-05-01,662,0,0.0,2019 Pre-Pandemic Baseline
CLX,The Clorox Company,1813099.0,628718994.0,"The Clorox Company, Q4 2019 Earnings Call, Aug 01, 2019",2019-08-01,575,0,0.0,2019 Pre-Pandemic Baseline
CLX,The Clorox Company,1850900.0,639083242.0,"The Clorox Company, Q1 2020 Earnings Call, Oct 31, 2019",2019-10-31,566,0,0.0,2019 Pre-Pandemic Baseline
COO,"The Cooper Companies, Inc.",1682750.0,600483764.0,"The Cooper Companies, Inc., Q1 2019 Earnings Call, Mar 05, 2019",2019-03-05,603,0,0.0,2019 Pre-Pandemic Baseline
COO,"The Cooper Companies, Inc.",1762529.0,611648789.0,"The Cooper Companies, Inc., Q2 2019 Earnings Call, May 30, 2019",2019-05-30,606,0,0.0,2019 Pre-Pandemic Baseline
COO,"The Cooper Companies, Inc.",1822257.0,631421896.0,"The Cooper Companies, Inc., Q3 2019 Earnings Call, Aug 29, 2019",2019-08-29,517,0,0.0,2019 Pre-Pandemic Baseline
COO,"The Cooper Companies, Inc.",1886014.0,641934089.0,"The Cooper Companies, Inc., Q4 2019 Earnings Call, Dec 05, 2019",2019-12-05,626,0,0.0,2019 Pre-Pandemic Baseline
EL,The Estée Lauder Companies Inc.,1650837.0,562123640.0,"The Estée Lauder Companies Inc., Q2 2019 Earnings Call, Feb 05, 2019",2019-02-05,468,0,0.0,2019 Pre-Pandemic Baseline
EL,The Estée Lauder Companies Inc.,1741255.0,562123651.0,"The Estée Lauder Companies Inc., Q3 2019 Earnings Call, May 01, 2019",2019-05-01,457,0,0.0,2019 Pre-Pandemic Baseline
EL,The Estée Lauder Companies Inc.,1810282.0,562123661.0,"The Estée Lauder Companies Inc., Q4 2019 Earnings Call, Aug 19, 2019",2019-08-19,641,0,0.0,2019 Pre-Pandemic Baseline
EL,The Estée Lauder Companies Inc.,1905555.0,606609844.0,"The Estée Lauder Companies Inc., Q1 2020 Earnings Call, Oct 31, 2019",2019-10-31,443,0,0.0,2019 Pre-Pandemic Baseline
DIS,The Walt Disney Company,2087294.0,595367651.0,"The Walt Disney Company, Q1 2019 Earnings Call, Feb 05, 2019",2019-02-05,339,0,0.0,2019 Pre-Pandemic Baseline
DIS,The Walt Disney Company,1738138.0,607259338.0,"The Walt Disney Company, Q2 2019 Earnings Call, May 08, 2019",2019-05-08,358,0,0.0,2019 Pre-Pandemic Baseline
DIS,The Walt Disney Company,1800542.0,628599448.0,"The Walt Disney Company, Q3 2019 Earnings Call, Aug 06, 2019",2019-08-06,384,0,0.0,2019 Pre-Pandemic Baseline
DIS,The Walt Disney Company,1861965.0,638329832.0,"The Walt Disney Company, Q4 2019 Earnings Call, Nov 07, 2019",2019-11-07,406,0,0.0,2019 Pre-Pandemic Baseline
DRI,1&1 AG,2212548.0,704417895.0,"1&1 Drillisch AG, Q4 2020 Earnings Call, Feb 15, 2021",2021-02-15,527,0,0.0,2021–2022 Pre-ChatGPT Transition
DRI,1&1 AG,2244374.0,709546971.0,"1&1 Drillisch AG, 2020 Earnings Call, Mar 25, 2021",2021-03-25,400,0,0.0,2021–2022 Pre-ChatGPT Transition
DRI,1&1 AG,2279529.0,714259265.0,"1&1 Drillisch AG, Q1 2021 Earnings Call, May 11, 2021",2021-05-11,329,0,0.0,2021–2022 Pre-ChatGPT Transition
DRI,1&1 AG,2366516.0,1676316704.0,"1&1 AG, H1 2021 Earnings Call, Aug 05, 2021",2021-08-05,515,0,0.0,2021–2022 Pre-ChatGPT Transition
DRI,1&1 AG,2432056.0,1757355285.0,"1&1 AG, Q3 2021 Earnings Call, Nov 09, 2021",2021-11-09,408,0,0.0,2021–2022 Pre-ChatGPT Transition
DRI,1&1 AG,2528250.0,1775144173.0,"1&1 AG, 2021 Earnings Call, Mar 18, 2022",2022-03-18,559,0,0.0,2021–2022 Pre-ChatGPT Transition
DRI,1&1 AG,2568460.0,1783152493.0,"1&1 AG, Q1 2022 Earnings Call, May 12, 2022",2022-05-12,397,0,0.0,2021–2022 Pre-ChatGPT Transition
DRI,1&1 AG,2621801.0,1795175862.0,"1&1 AG, H1 2022 Earnings Call, Aug 04, 2022",2022-08-04,382,0,0.0,2021–2022 Pre-ChatGPT Transition
DRI,1&1 AG,2690194.0,1815173729.0,"1&1 AG, Q3 2022 Earnings Call, Nov 10, 2022",2022-11-10,358,0,0.0,2021–2022 Pre-ChatGPT Transition
DRI,1&1 AG,2782074.0,1833679566.0,"1&1 AG, 2022 Earnings Call, Mar 30, 2023",2023-03-30,500,0,0.0,2023 Initial GenAI Surge
DRI,1&1 AG,2880004.0,1852323822.0,"1&1 AG, Q1 2023 Earnings Call, May 10, 2023",2023-05-10,374,0,0.0,2023 Initial GenAI Surge
DRI,1&1 AG,2880568.0,1852322373.0,"1&1 AG, H1 2023 Earnings Call, Aug 03, 2023",2023-08-03,523,0,0.0,2023 Initial GenAI Surge
DRI,1&1 AG,2954620.0,1861762081.0,"1&1 AG, Q3 2023 Earnings Call, Nov 10, 2023",2023-11-10,467,0,0.0,2023 Initial GenAI Surge
DRI,1&1 AG,3145523.0,1875364743.0,"1&1 AG, 2023 Earnings Call, Mar 21, 2024",2024-03-21,707,2,0.0028288543140028,2024–2025 AI Adoption Period
DRI,1&1 AG,3123278.0,1880759084.0,"1&1 AG, Q1 2024 Earnings Call, May 08, 2024",2024-05-08,415,0,0.0,2024–2025 AI Adoption Period
DRI,1&1 AG,3222771.0,1875365113.0,"1&1 AG, H1 2024 Earnings Call, Aug 08, 2024",2024-08-08,507,0,0.0,2024–2025 AI Adoption Period
DRI,1&1 AG,3312638.0,1904085604.0,"1&1 AG, Q3 2024 Earnings Call, Nov 12, 2024",2024-11-12,392,0,0.0,2024–2025 AI Adoption Period
DRI,1&1 AG,3413327.0,1936868996.0,"1&1 AG, 2024 Earnings Call, Mar 27, 2025",2025-03-27,526,0,0.0,2024–2025 AI Adoption Period
DRI,1&1 AG,3504875.0,1954494281.0,"1&1 AG, Q1 2025 Earnings Call, May 12, 2025",2025-05-12,285,0,0.0,2024–2025 AI Adoption Period
DRI,1&1 AG,3531147.0,1943177661.0,"1&1 AG, Q2 2025 Earnings Call, Aug 07, 2025",2025-08-07,407,1,0.0024570024570024,2024–2025 AI Adoption Period
DRI,1&1 AG,3588236.0,1969800879.0,"1&1 AG, Q3 2025 Earnings Call, Nov 11, 2025",2025-11-11,203,0,0.0,2024–2025 AI Adoption Period
ABT,Abbott Laboratories,2251885.0,700352452.0,"Abbott Laboratories, Q4 2020 Earnings Call, Jan 27, 2021",2021-01-27,548,0,0.0,2021–2022 Pre-ChatGPT Transition
ABT,Abbott Laboratories,2254046.0,709577665.0,"Abbott Laboratories, Q1 2021 Earnings Call, Apr 20, 2021",2021-04-20,497,0,0.0,2021–2022 Pre-ChatGPT Transition
ABT,Abbott Laboratories,2383862.0,1671948490.0,"Abbott Laboratories, Q2 2021 Earnings Call, Jul 22, 2021",2021-07-22,400,0,0.0,2021–2022 Pre-ChatGPT Transition
ABT,Abbott Laboratories,2408116.0,1682768170.0,"Abbott Laboratories, Q3 2021 Earnings Call, Oct 20, 2021",2021-10-20,501,0,0.0,2021–2022 Pre-ChatGPT Transition
ABT,Abbott Laboratories,2477746.0,1763267167.0,"Abbott Laboratories, Q4 2021 Earnings Call, Jan 26, 2022",2022-01-26,442,0,0.0,2021–2022 Pre-ChatGPT Transition
ABT,Abbott Laboratories,2540317.0,1775871072.0,"Abbott Laboratories, Q1 2022 Earnings Call, Apr 20, 2022",2022-04-20,495,0,0.0,2021–2022 Pre-ChatGPT Transition
ABT,Abbott Laboratories,2601334.0,1788765892.0,"Abbott Laboratories, Q2 2022 Earnings Call, Jul 20, 2022",2022-07-20,488,0,0.0,2021–2022 Pre-ChatGPT Transition
ABT,Abbott Laboratories,2658819.0,1802281180.0,"Abbott Laboratories, Q3 2022 Earnings Call, Oct 19, 2022",2022-10-19,463,0,0.0,2021–2022 Pre-ChatGPT Transition
ABT,Abbott Laboratories,2721325.0,1820688097.0,"Abbott Laboratories, Q4 2022 Earnings Call, Jan 25, 2023",2023-01-25,514,0,0.0,2023 Initial GenAI Surge
ABT,Abbott Laboratories,2781840.0,1831102703.0,"Abbott Laboratories, Q1 2023 Earnings Call, Apr 19, 2023",2023-04-19,498,0,0.0,2023 Initial GenAI Surge
ABT,Abbott Laboratories,2855035.0,1846233716.0,"Abbott Laboratories, Q2 2023 Earnings Call, Jul 20, 2023",2023-07-20,521,2,0.0038387715930902,2023 Initial GenAI Surge
ABT,Abbott Laboratories,2921736.0,1857030354.0,"Abbott Laboratories, Q3 2023 Earnings Call, Oct 18, 2023",2023-10-18,456,0,0.0,2023 Initial GenAI Surge
ABT,Abbott Laboratories,3002620.0,1867140873.0,"Abbott Laboratories, Q4 2023 Earnings Call, Jan 24, 2024",2024-01-24,392,0,0.0,2024–2025 AI Adoption Period
ABT,Abbott Laboratories,3086895.0,1875872865.0,"Abbott Laboratories, Q1 2024 Earnings Call, Apr 17, 2024",2024-04-17,501,0,0.0,2024–2025 AI Adoption Period
ABT,Abbott Laboratories,3189384.0,1885823661.0,"Abbott Laboratories, Q2 2024 Earnings Call, Jul 18, 2024",2024-07-18,504,0,0.0,2024–2025 AI Adoption Period
ABT,Abbott Laboratories,3284176.0,1898613531.0,"Abbott Laboratories, Q3 2024 Earnings Call, Oct 16, 2024",2024-10-16,497,0,0.0,2024–2025 AI Adoption Period
ABT,Abbott Laboratories,3358433.0,1914753991.0,"Abbott Laboratories, Q4 2024 Earnings Call, Jan 22, 2025",2025-01-22,466,0,0.0,2024–2025 AI Adoption Period
ABT,Abbott Laboratories,3419352.0,1936448929.0,"Abbott Laboratories, Q1 2025 Earnings Call, Apr 16, 2025",2025-04-16,505,0,0.0,2024–2025 AI Adoption Period
ABT,Abbott Laboratories,3498723.0,1950669584.0,"Abbott Laboratories, Q2 2025 Earnings Call, Jul 17, 2025",2025-07-17,487,0,0.0,2024–2025 AI Adoption Period
ABT,Abbott Laboratories,3566456.0,1961808124.0,"Abbott Laboratories, Q3 2025 Earnings Call, Oct 15, 2025",2025-10-15,583,1,0.0017152658662092,2024–2025 AI Adoption Period
ABBV,AbbVie Inc.,2190107.0,700927148.0,"AbbVie Inc., Q4 2020 Earnings Call, Feb 03, 2021",2021-02-03,692,0,0.0,2021–2022 Pre-ChatGPT Transition
ABBV,AbbVie Inc.,2265775.0,709829134.0,"AbbVie Inc., Q1 2021 Earnings Call, Apr 30, 2021",2021-04-30,652,0,0.0,2021–2022 Pre-ChatGPT Transition
ABBV,AbbVie Inc.,2358028.0,1673265383.0,"AbbVie Inc., Q2 2021 Earnings Call, Jul 30, 2021",2021-07-30,675,1,0.0014814814814814,2021–2022 Pre-ChatGPT Transition
ABBV,AbbVie Inc.,2418575.0,1684344394.0,"AbbVie Inc., Q3 2021 Earnings Call, Oct 29, 2021",2021-10-29,684,0,0.0,2021–2022 Pre-ChatGPT Transition
ABBV,AbbVie Inc.,2483061.0,1763349133.0,"AbbVie Inc., Q4 2021 Earnings Call, Feb 02, 2022",2022-02-02,697,0,0.0,2021–2022 Pre-ChatGPT Transition
ABBV,AbbVie Inc.,2548987.0,1778305332.0,"AbbVie Inc., Q1 2022 Earnings Call, Apr 29, 2022",2022-04-29,644,0,0.0,2021–2022 Pre-ChatGPT Transition
ABBV,AbbVie Inc.,3069264.0,1790239647.0,"AbbVie Inc., Q2 2022 Earnings Call, Jul 29, 2022",2022-07-29,703,0,0.0,2021–2022 Pre-ChatGPT Transition
ABBV,AbbVie Inc.,2667865.0,1803039989.0,"AbbVie Inc., Q3 2022 Earnings Call, Oct 28, 2022",2022-10-28,585,0,0.0,2021–2022 Pre-ChatGPT Transition
ABBV,AbbVie Inc.,2989759.0,1820837532.0,"AbbVie Inc., Q4 2022 Earnings Call, Feb 09, 2023",2023-02-09,871,0,0.0,2023 Initial GenAI Surge
ABBV,AbbVie Inc.,2788589.0,1831998529.0,"AbbVie Inc., Q1 2023 Earnings Call, Apr 27, 2023",2023-04-27,553,0,0.0,2023 Initial GenAI Surge
ABBV,AbbVie Inc.,2860459.0,1847090658.0,"AbbVie Inc., Q2 2023 Earnings Call, Jul 27, 2023",2023-07-27,693,0,0.0,2023 Initial GenAI Surge
ABBV,AbbVie Inc.,2929122.0,1858054632.0,"AbbVie Inc., Q3 2023 Earnings Call, Oct 27, 2023",2023-10-27,662,0,0.0,2023 Initial GenAI Surge
ABBV,AbbVie Inc.,3010853.0,1867409131.0,"AbbVie Inc., Q4 2023 Earnings Call, Feb 02, 2024",2024-02-02,731,0,0.0,2024–2025 AI Adoption Period
ABBV,AbbVie Inc.,3098937.0,1877206127.0,"AbbVie Inc., Q1 2024 Earnings Call, Apr 26, 2024",2024-04-26,663,0,0.0,2024–2025 AI Adoption Period
ABBV,AbbVie Inc.,3196464.0,1886476717.0,"AbbVie Inc., Q2 2024 Earnings Call, Jul 25, 2024",2024-07-25,593,0,0.0,2024–2025 AI Adoption Period
ABBV,AbbVie Inc.,3293769.0,1899091420.0,"AbbVie Inc., Q3 2024 Earnings Call, Oct 30, 2024",2024-10-30,547,0,0.0,2024–2025 AI Adoption Period
ABBV,AbbVie Inc.,3363828.0,1914850569.0,"AbbVie Inc., Q4 2024 Earnings Call, Jan 31, 2025",2025-01-31,676,0,0.0,2024–2025 AI Adoption Period
ABBV,AbbVie Inc.,3425808.0,1936995409.0,"AbbVie Inc., Q1 2025 Earnings Call, Apr 25, 2025",2025-04-25,705,1,0.001418439716312,2024–2025 AI Adoption Period
ABBV,AbbVie Inc.,3510430.0,1951277610.0,"AbbVie Inc., Q2 2025 Earnings Call, Jul 31, 2025",2025-07-31,558,1,0.0017921146953405,2024–2025 AI Adoption Period
ABBV,AbbVie Inc.,3633068.0,1962908355.0,"AbbVie Inc., Q3 2025 Earnings Call, Oct 31, 2025",2025-10-31,702,0,0.0,2024–2025 AI Adoption Period
ACN,Accenture plc,2239525.0,706143483.0,"Accenture plc, Q2 2021 Earnings Call, Mar 18, 2021",2021-03-18,441,6,0.0136054421768707,2021–2022 Pre-ChatGPT Transition
ACN,Accenture plc,2326904.0,717765008.0,"Accenture plc, Q3 2021 Earnings Call, Jun 24, 2021",2021-06-24,420,3,0.0071428571428571,2021–2022 Pre-ChatGPT Transition
ACN,Accenture plc,2400506.0,1680493454.0,"Accenture plc, Q4 2021 Earnings Call, Sep 23, 2021",2021-09-23,488,2,0.0040983606557377,2021–2022 Pre-ChatGPT Transition
ACN,Accenture plc,2464407.0,1682807451.0,"Accenture plc, Q1 2022 Earnings Call, Dec 16, 2021",2021-12-16,445,5,0.0112359550561797,2021–2022 Pre-ChatGPT Transition
ACN,Accenture plc,3001973.0,1761704527.0,"Accenture plc, Q2 2022 Earnings Call, Mar 17, 2022",2022-03-17,531,3,0.0056497175141242,2021–2022 Pre-ChatGPT Transition
ACN,Accenture plc,2592286.0,1774828822.0,"Accenture plc, Q3 2022 Earnings Call, Jun 23, 2022",2022-06-23,485,10,0.0206185567010309,2021–2022 Pre-ChatGPT Transition
ACN,Accenture plc,2650368.0,1787866044.0,"Accenture plc, Q4 2022 Earnings Call, Sep 22, 2022",2022-09-22,484,4,0.0082644628099173,2021–2022 Pre-ChatGPT Transition
ACN,Accenture plc,2711099.0,1801459522.0,"Accenture plc, Q1 2023 Earnings Call, Dec 16, 2022",2022-12-16,470,9,0.0191489361702127,2023 Initial GenAI Surge
ACN,Accenture plc,2771767.0,1818843810.0,"Accenture plc, Q2 2023 Earnings Call, Mar 23, 2023",2023-03-23,477,19,0.0398322851153039,2023 Initial GenAI Surge
ACN,Accenture plc,2841841.0,1830461457.0,"Accenture plc, Q3 2023 Earnings Call, Jun 22, 2023",2023-06-22,511,71,0.1389432485322896,2023 Initial GenAI Surge
ACN,Accenture plc,2913088.0,1845051786.0,"Accenture plc, Q4 2023 Earnings Call, Sep 28, 2023",2023-09-28,526,39,0.0741444866920152,2023 Initial GenAI Surge
ACN,Accenture plc,2984479.0,1857158848.0,"Accenture plc, Q1 2024 Earnings Call, Dec 19, 2023",2023-12-19,582,40,0.0687285223367697,2023 Initial GenAI Surge
ACN,Accenture plc,3066692.0,1865442218.0,"Accenture plc, Q2 2024 Earnings Call, Mar 21, 2024",2024-03-21,497,52,0.1046277665995975,2024–2025 AI Adoption Period
ACN,Accenture plc,3204769.0,1875368047.0,"Accenture plc, Q3 2024 Earnings Call, Jun 20, 2024",2024-06-20,508,49,0.0964566929133858,2024–2025 AI Adoption Period
ACN,Accenture plc,3274837.0,1885277147.0,"Accenture plc, Q4 2024 Earnings Call, Sep 26, 2024",2024-09-26,505,49,0.097029702970297,2024–2025 AI Adoption Period
ACN,Accenture plc,3348851.0,1898678864.0,"Accenture plc, Q1 2025 Earnings Call, Dec 19, 2024",2024-12-19,507,38,0.0749506903353057,2024–2025 AI Adoption Period
ACN,Accenture plc,3415888.0,1913504855.0,"Accenture plc, Q2 2025 Earnings Call, Mar 20, 2025",2025-03-20,491,57,0.1160896130346232,2024–2025 AI Adoption Period
ACN,Accenture plc,3489718.0,1935747495.0,"Accenture plc, Q3 2025 Earnings Call, Jun 20, 2025",2025-06-20,453,53,0.1169977924944812,2024–2025 AI Adoption Period
ACN,Accenture plc,3553971.0,1949628989.0,"Accenture plc, Q4 2025 Earnings Call, Sep 25, 2025",2025-09-25,488,81,0.165983606557377,2024–2025 AI Adoption Period
ACN,Accenture plc,3622961.0,1962181978.0,"Accenture plc, Q1 2026 Earnings Call, Dec 18, 2025",2025-12-18,461,64,0.1388286334056399,2024–2025 AI Adoption Period
ADBE,Adobe Inc.,2241429.0,698535005.0,"Adobe Inc., Q1 2021 Earnings Call, Mar 23, 2021",2021-03-23,475,3,0.0063157894736842,2021–2022 Pre-ChatGPT Transition
ADBE,Adobe Inc.,2323054.0,698535045.0,"Adobe Inc., Q2 2021 Earnings Call, Jun 17, 2021",2021-06-17,449,0,0.0,2021–2022 Pre-ChatGPT Transition
ADBE,Adobe Inc.,2399875.0,698534945.0,"Adobe Inc., Q3 2021 Earnings Call, Sep 21, 2021",2021-09-21,438,5,0.0114155251141552,2021–2022 Pre-ChatGPT Transition
ADBE,Adobe Inc.,2477888.0,698536199.0,"Adobe Inc., Q4 2021 Earnings Call, Dec 16, 2021",2021-12-16,935,13,0.013903743315508,2021–2022 Pre-ChatGPT Transition
ADBE,Adobe Inc.,2529052.0,1763274462.0,"Adobe Inc., Q1 2022 Earnings Call, Mar 22, 2022",2022-03-22,518,5,0.0096525096525096,2021–2022 Pre-ChatGPT Transition
ADBE,Adobe Inc.,2590683.0,1763274479.0,"Adobe Inc., Q2 2022 Earnings Call, Jun 16, 2022",2022-06-16,491,2,0.0040733197556008,2021–2022 Pre-ChatGPT Transition
ADBE,Adobe Inc.,2655421.0,1763275464.0,"Adobe Inc., Q3 2022 Earnings Call, Sep 15, 2022",2022-09-15,478,1,0.002092050209205,2021–2022 Pre-ChatGPT Transition
ADBE,Adobe Inc.,3000557.0,1763275485.0,"Adobe Inc., Q4 2022 Earnings Call, Dec 15, 2022",2022-12-15,441,6,0.0136054421768707,2023 Initial GenAI Surge
ADBE,Adobe Inc.,2766091.0,1819050563.0,"Adobe Inc., Q1 2023 Earnings Call, Mar 15, 2023",2023-03-15,432,12,0.0277777777777777,2023 Initial GenAI Surge
ADBE,Adobe Inc.,2839824.0,1837111743.0,"Adobe Inc., Q2 2023 Earnings Call, Jun 15, 2023",2023-06-15,477,40,0.0838574423480083,2023 Initial GenAI Surge
ADBE,Adobe Inc.,2908576.0,1851905264.0,"Adobe Inc., Q3 2023 Earnings Call, Sep 14, 2023",2023-09-14,441,39,0.0884353741496598,2023 Initial GenAI Surge
ADBE,Adobe Inc.,2981895.0,1858970650.0,"Adobe Inc., Q4 2023 Earnings Call, Dec 13, 2023",2023-12-13,454,18,0.039647577092511,2023 Initial GenAI Surge
ADBE,Adobe Inc.,3063100.0,1865251069.0,"Adobe Inc., Q1 2024 Earnings Call, Mar 14, 2024",2024-03-14,522,51,0.0977011494252873,2024–2025 AI Adoption Period
ADBE,Adobe Inc.,3160714.0,1875843911.0,"Adobe Inc., Q2 2024 Earnings Call, Jun 13, 2024",2024-06-13,468,70,0.1495726495726495,2024–2025 AI Adoption Period
ADBE,Adobe Inc.,3264172.0,1888852745.0,"Adobe Inc., Q3 2024 Earnings Call, Sep 12, 2024",2024-09-12,423,38,0.0898345153664302,2024–2025 AI Adoption Period
ADBE,Adobe Inc.,3339565.0,1900700615.0,"Adobe Inc., Q4 2024 Earnings Call, Dec 11, 2024",2024-12-11,423,45,0.1063829787234042,2024–2025 AI Adoption Period
ADBE,Adobe Inc.,3398921.0,1912914128.0,"Adobe Inc., Q1 2025 Earnings Call, Mar 12, 2025",2025-03-12,461,54,0.1171366594360086,2024–2025 AI Adoption Period
ADBE,Adobe Inc.,3484012.0,1935420656.0,"Adobe Inc., Q2 2025 Earnings Call, Jun 12, 2025",2025-06-12,430,67,0.1558139534883721,2024–2025 AI Adoption Period
ADBE,Adobe Inc.,3548426.0,1947873255.0,"Adobe Inc., Q3 2025 Earnings Call, Sep 11, 2025",2025-09-11,470,96,0.2042553191489361,2024–2025 AI Adoption Period
ADBE,Adobe Inc.,3618055.0,1967943306.0,"Adobe Inc., Q4 2025 Earnings Call, Dec 10, 2025",2025-12-10,345,60,0.1739130434782608,2024–2025 AI Adoption Period
AMD,"Advanced Micro Devices, Inc.",2181802.0,701104125.0,"Advanced Micro Devices, Inc., Q4 2020 Earnings Call, Jan 26, 2021",2021-01-26,571,2,0.0035026269702276,2021–2022 Pre-ChatGPT Transition
AMD,"Advanced Micro Devices, Inc.",2259888.0,711460804.0,"Advanced Micro Devices, Inc., Q1 2021 Earnings Call, Apr 27, 2021",2021-04-27,536,2,0.003731343283582,2021–2022 Pre-ChatGPT Transition
AMD,"Advanced Micro Devices, Inc.",2352127.0,1673838002.0,"Advanced Micro Devices, Inc., Q2 2021 Earnings Call, Jul 27, 2021",2021-07-27,439,1,0.0022779043280182,2021–2022 Pre-ChatGPT Transition
AMD,"Advanced Micro Devices, Inc.",2413301.0,1685067361.0,"Advanced Micro Devices, Inc., Q3 2021 Earnings Call, Oct 26, 2021",2021-10-26,457,3,0.0065645514223194,2021–2022 Pre-ChatGPT Transition
AMD,"Advanced Micro Devices, Inc.",2483841.0,1764654380.0,"Advanced Micro Devices, Inc., Q4 2021 Earnings Call, Feb 01, 2022",2022-02-01,477,1,0.0020964360587002,2021–2022 Pre-ChatGPT Transition
AMD,"Advanced Micro Devices, Inc.",2575036.0,1778673231.0,"Advanced Micro Devices, Inc., Q1 2022 Earnings Call, May 03, 2022",2022-05-03,515,14,0.0271844660194174,2021–2022 Pre-ChatGPT Transition
AMD,"Advanced Micro Devices, Inc.",2617159.0,1791077055.0,"Advanced Micro Devices, Inc., Q2 2022 Earnings Call, Aug 02, 2022",2022-08-02,462,2,0.0043290043290043,2021–2022 Pre-ChatGPT Transition
AMD,"Advanced Micro Devices, Inc.",2671032.0,1803764711.0,"Advanced Micro Devices, Inc., Q3 2022 Earnings Call, Nov 01, 2022",2022-11-01,599,1,0.001669449081803,2021–2022 Pre-ChatGPT Transition
AMD,"Advanced Micro Devices, Inc.",2726208.0,1821480164.0,"Advanced Micro Devices, Inc., Q4 2022 Earnings Call, Jan 31, 2023",2023-01-31,512,15,0.029296875,2023 Initial GenAI Surge
AMD,"Advanced Micro Devices, Inc.",2792045.0,1833592234.0,"Advanced Micro Devices, Inc., Q1 2023 Earnings Call, May 02, 2023",2023-05-02,520,51,0.098076923076923,2023 Initial GenAI Surge
AMD,"Advanced Micro Devices, Inc.",2988208.0,1848280198.0,"Advanced Micro Devices, Inc., Q2 2023 Earnings Call, Aug 01, 2023",2023-08-01,525,53,0.1009523809523809,2023 Initial GenAI Surge
AMD,"Advanced Micro Devices, Inc.",3019841.0,1859287773.0,"Advanced Micro Devices, Inc., Q3 2023 Earnings Call, Oct 31, 2023",2023-10-31,491,50,0.1018329938900203,2023 Initial GenAI Surge
AMD,"Advanced Micro Devices, Inc.",3007457.0,1868575981.0,"Advanced Micro Devices, Inc., Q4 2023 Earnings Call, Jan 30, 2024",2024-01-30,489,41,0.0838445807770961,2024–2025 AI Adoption Period
AMD,"Advanced Micro Devices, Inc.",3103589.0,1878272768.0,"Advanced Micro Devices, Inc., Q1 2024 Earnings Call, Apr 30, 2024",2024-04-30,504,44,0.0873015873015873,2024–2025 AI Adoption Period
AMD,"Advanced Micro Devices, Inc.",3204698.0,1888145181.0,"Advanced Micro Devices, Inc., Q2 2024 Earnings Call, Jul 30, 2024",2024-07-30,440,45,0.1022727272727272,2024–2025 AI Adoption Period
AMD,"Advanced Micro Devices, Inc.",3292699.0,1900839288.0,"Advanced Micro Devices, Inc., Q3 2024 Earnings Call, Oct 29, 2024",2024-10-29,535,38,0.0710280373831775,2024–2025 AI Adoption Period
AMD,"Advanced Micro Devices, Inc.",3365619.0,1916626439.0,"Advanced Micro Devices, Inc., Q4 2024 Earnings Call, Feb 04, 2025",2025-02-04,479,45,0.0939457202505219,2024–2025 AI Adoption Period
AMD,"Advanced Micro Devices, Inc.",3444356.0,1938512040.0,"Advanced Micro Devices, Inc., Q1 2025 Earnings Call, May 06, 2025",2025-05-06,479,38,0.0793319415448851,2024–2025 AI Adoption Period
AMD,"Advanced Micro Devices, Inc.",3515773.0,1952729500.0,"Advanced Micro Devices, Inc., Q2 2025 Earnings Call, Aug 05, 2025",2025-08-05,467,40,0.0856531049250535,2024–2025 AI Adoption Period
AMD,"Advanced Micro Devices, Inc.",3578725.0,1963562893.0,"Advanced Micro Devices, Inc., Q3 2025 Earnings Call, Nov 04, 2025",2025-11-04,417,73,0.1750599520383693,2024–2025 AI Adoption Period
ARE,Aecon Group Inc.,2226360.0,695615763.0,"Aecon Group Inc., Q4 2020 Earnings Call, Feb 26, 2021",2021-02-26,491,1,0.0020366598778004,2021–2022 Pre-ChatGPT Transition
ARE,Aecon Group Inc.,2256508.0,709681615.0,"Aecon Group Inc., Q1 2021 Earnings Call, Apr 23, 2021",2021-04-23,471,0,0.0,2021–2022 Pre-ChatGPT Transition
ARE,Aecon Group Inc.,2350499.0,710411015.0,"Aecon Group Inc., Q2 2021 Earnings Call, Jul 23, 2021",2021-07-23,463,0,0.0,2021–2022 Pre-ChatGPT Transition
ARE,Aecon Group Inc.,2419701.0,710411095.0,"Aecon Group Inc., Q3 2021 Earnings Call, Oct 29, 2021",2021-10-29,419,0,0.0,2021–2022 Pre-ChatGPT Transition
ARE,Aecon Group Inc.,2515112.0,1684766638.0,"Aecon Group Inc., Q4 2021 Earnings Call, Mar 02, 2022",2022-03-02,424,0,0.0,2021–2022 Pre-ChatGPT Transition
ARE,Aecon Group Inc.,2548174.0,1775515122.0,"Aecon Group Inc., Q1 2022 Earnings Call, Apr 28, 2022",2022-04-28,400,0,0.0,2021–2022 Pre-ChatGPT Transition
ARE,Aecon Group Inc.,2610153.0,1786759965.0,"Aecon Group Inc., Q2 2022 Earnings Call, Jul 29, 2022",2022-07-29,347,0,0.0,2021–2022 Pre-ChatGPT Transition
ARE,Aecon Group Inc.,2667814.0,1800985569.0,"Aecon Group Inc., Q3 2022 Earnings Call, Oct 27, 2022",2022-10-27,334,0,0.0,2021–2022 Pre-ChatGPT Transition
ARE,Aecon Group Inc.,2754702.0,1820616037.0,"Aecon Group Inc., 2022 Earnings Call, Mar 01, 2023",2023-03-01,410,0,0.0,2023 Initial GenAI Surge
ARE,Aecon Group Inc.,2789012.0,1830473828.0,"Aecon Group Inc., Q1 2023 Earnings Call, Apr 26, 2023",2023-04-26,238,0,0.0,2023 Initial GenAI Surge
ARE,Aecon Group Inc.,2864884.0,1844222168.0,"Aecon Group Inc., Q2 2023 Earnings Call, Jul 27, 2023",2023-07-27,391,0,0.0,2023 Initial GenAI Surge
ARE,Aecon Group Inc.,2989968.0,1856019773.0,"Aecon Group Inc., Q3 2023 Earnings Call, Oct 26, 2023",2023-10-26,327,1,0.0030581039755351,2023 Initial GenAI Surge
ARE,Aecon Group Inc.,3054701.0,1867783841.0,"Aecon Group Inc., Q4 2023 Earnings Call, Mar 06, 2024",2024-03-06,413,0,0.0,2024–2025 AI Adoption Period
ARE,Aecon Group Inc.,3122742.0,1875598309.0,"Aecon Group Inc., Q1 2024 Earnings Call, Apr 25, 2024",2024-04-25,399,0,0.0,2024–2025 AI Adoption Period
ARE,Aecon Group Inc.,3198289.0,1884735724.0,"Aecon Group Inc., Q2 2024 Earnings Call, Jul 25, 2024",2024-07-25,381,0,0.0,2024–2025 AI Adoption Period
ARE,Aecon Group Inc.,3297318.0,1897947109.0,"Aecon Group Inc., Q3 2024 Earnings Call, Nov 01, 2024",2024-11-01,489,0,0.0,2024–2025 AI Adoption Period
ARE,Aecon Group Inc.,3400927.0,1916104708.0,"Aecon Group Inc., Q4 2024 Earnings Call, Mar 06, 2025",2025-03-06,356,0,0.0,2024–2025 AI Adoption Period
ARE,Aecon Group Inc.,3426777.0,1936457664.0,"Aecon Group Inc., Q1 2025 Earnings Call, Apr 24, 2025",2025-04-24,430,0,0.0,2024–2025 AI Adoption Period
ARE,Aecon Group Inc.,3560810.0,1949322388.0,"Aecon Group Inc., Q2 2025 Earnings Call, Aug 01, 2025",2025-08-01,543,0,0.0,2024–2025 AI Adoption Period
ARE,Aecon Group Inc.,3607161.0,1960711094.0,"Aecon Group Inc., Q3 2025 Earnings Call, Oct 30, 2025",2025-10-30,491,1,0.0020366598778004,2024–2025 AI Adoption Period
AFL,Aflac Incorporated,2192073.0,701104301.0,"Aflac Incorporated, Q4 2020 Earnings Call, Feb 04, 2021",2021-02-04,422,0,0.0,2021–2022 Pre-ChatGPT Transition
AFL,Aflac Incorporated,2263689.0,711188984.0,"Aflac Incorporated, Q1 2021 Earnings Call, Apr 29, 2021",2021-04-29,470,0,0.0,2021–2022 Pre-ChatGPT Transition
AFL,Aflac Incorporated,2390278.0,1674481519.0,"Aflac Incorporated, Q2 2021 Earnings Call, Jul 29, 2021",2021-07-29,445,0,0.0,2021–2022 Pre-ChatGPT Transition
AFL,Aflac Incorporated,2415813.0,1680247498.0,"Aflac Incorporated, Q3 2021 Earnings Call, Oct 28, 2021",2021-10-28,486,0,0.0,2021–2022 Pre-ChatGPT Transition
AFL,Aflac Incorporated,2491478.0,1762659891.0,"Aflac Incorporated, Q4 2021 Earnings Call, Feb 03, 2022",2022-02-03,450,0,0.0,2021–2022 Pre-ChatGPT Transition
AFL,Aflac Incorporated,2546591.0,1774571852.0,"Aflac Incorporated, Q1 2022 Earnings Call, Apr 28, 2022",2022-04-28,558,0,0.0,2021–2022 Pre-ChatGPT Transition
AFL,Aflac Incorporated,2611931.0,1789588432.0,"Aflac Incorporated, Q2 2022 Earnings Call, Aug 02, 2022",2022-08-02,475,0,0.0,2021–2022 Pre-ChatGPT Transition
AFL,Aflac Incorporated,2670129.0,1799634311.0,"Aflac Incorporated, Q3 2022 Earnings Call, Nov 01, 2022",2022-11-01,527,0,0.0,2021–2022 Pre-ChatGPT Transition
AFL,Aflac Incorporated,2727583.0,1819176657.0,"Aflac Incorporated, Q4 2022 Earnings Call, Feb 02, 2023",2023-02-02,454,0,0.0,2023 Initial GenAI Surge
AFL,Aflac Incorporated,2788570.0,1828541321.0,"Aflac Incorporated, Q1 2023 Earnings Call, Apr 27, 2023",2023-04-27,605,0,0.0,2023 Initial GenAI Surge
AFL,Aflac Incorporated,2865961.0,1841131862.0,"Aflac Incorporated, Q2 2023 Earnings Call, Aug 02, 2023",2023-08-02,464,0,0.0,2023 Initial GenAI Surge
AFL,Aflac Incorporated,2933586.0,1854771854.0,"Aflac Incorporated, Q3 2023 Earnings Call, Nov 02, 2023",2023-11-02,490,0,0.0,2023 Initial GenAI Surge
AFL,Aflac Incorporated,3009731.0,1863628374.0,"Aflac Incorporated, Q4 2023 Earnings Call, Feb 01, 2024",2024-02-01,457,0,0.0,2024–2025 AI Adoption Period
AFL,Aflac Incorporated,3106835.0,1873447356.0,"Aflac Incorporated, Q1 2024 Earnings Call, May 02, 2024",2024-05-02,452,0,0.0,2024–2025 AI Adoption Period
AFL,Aflac Incorporated,3208618.0,1884135954.0,"Aflac Incorporated, Q2 2024 Earnings Call, Aug 01, 2024",2024-08-01,423,0,0.0,2024–2025 AI Adoption Period
AFL,Aflac Incorporated,3295018.0,1893306610.0,"Aflac Incorporated, Q3 2024 Earnings Call, Oct 31, 2024",2024-10-31,432,0,0.0,2024–2025 AI Adoption Period
AFL,Aflac Incorporated,3367381.0,1913499022.0,"Aflac Incorporated, Q4 2024 Earnings Call, Feb 06, 2025",2025-02-06,573,0,0.0,2024–2025 AI Adoption Period
AFL,Aflac Incorporated,3432925.0,1913497572.0,"Aflac Incorporated, Q1 2025 Earnings Call, May 01, 2025",2025-05-01,480,0,0.0,2024–2025 AI Adoption Period
AFL,Aflac Incorporated,3517688.0,1913501438.0,"Aflac Incorporated, Q2 2025 Earnings Call, Aug 06, 2025",2025-08-06,521,4,0.0076775431861804,2024–2025 AI Adoption Period
AFL,Aflac Incorporated,3607994.0,1913498086.0,"Aflac Incorporated, Q3 2025 Earnings Call, Nov 05, 2025",2025-11-05,546,1,0.0018315018315018,2024–2025 AI Adoption Period
A,"Agilent Technologies, Inc.",2212787.0,702332955.0,"Agilent Technologies, Inc., Q1 2021 Earnings Call, Feb 16, 2021",2021-02-16,669,0,0.0,2021–2022 Pre-ChatGPT Transition
A,"Agilent Technologies, Inc.",2299631.0,713493591.0,"Agilent Technologies, Inc., Q2 2021 Earnings Call, May 25, 2021",2021-05-25,607,0,0.0,2021–2022 Pre-ChatGPT Transition
A,"Agilent Technologies, Inc.",2380860.0,1673448398.0,"Agilent Technologies, Inc., Q3 2021 Earnings Call, Aug 17, 2021",2021-08-17,604,0,0.0,2021–2022 Pre-ChatGPT Transition
A,"Agilent Technologies, Inc.",2447332.0,1684912508.0,"Agilent Technologies, Inc., Q4 2021 Earnings Call, Nov 22, 2021",2021-11-22,676,0,0.0,2021–2022 Pre-ChatGPT Transition
A,"Agilent Technologies, Inc.",2502743.0,1764217334.0,"Agilent Technologies, Inc., Q1 2022 Earnings Call, Feb 22, 2022",2022-02-22,566,5,0.0088339222614841,2021–2022 Pre-ChatGPT Transition
A,"Agilent Technologies, Inc.",2577924.0,1780605576.0,"Agilent Technologies, Inc., Q2 2022 Earnings Call, May 24, 2022",2022-05-24,667,0,0.0,2021–2022 Pre-ChatGPT Transition
A,"Agilent Technologies, Inc.",2632947.0,1792340188.0,"Agilent Technologies, Inc., Q3 2022 Earnings Call, Aug 16, 2022",2022-08-16,652,0,0.0,2021–2022 Pre-ChatGPT Transition
A,"Agilent Technologies, Inc.",2695538.0,1813455332.0,"Agilent Technologies, Inc., Q4 2022 Earnings Call, Nov 21, 2022",2022-11-21,641,0,0.0,2021–2022 Pre-ChatGPT Transition
A,"Agilent Technologies, Inc.",2753907.0,1823720852.0,"Agilent Technologies, Inc., Q1 2023 Earnings Call, Feb 28, 2023",2023-02-28,631,0,0.0,2023 Initial GenAI Surge
A,"Agilent Technologies, Inc.",2819288.0,1835059308.0,"Agilent Technologies, Inc., Q2 2023 Earnings Call, May 23, 2023",2023-05-23,633,0,0.0,2023 Initial GenAI Surge
A,"Agilent Technologies, Inc.",2886131.0,1848371751.0,"Agilent Technologies, Inc., Q3 2023 Earnings Call, Aug 15, 2023",2023-08-15,665,1,0.0015037593984962,2023 Initial GenAI Surge
A,"Agilent Technologies, Inc.",2962105.0,1859771424.0,"Agilent Technologies, Inc., Q4 2023 Earnings Call, Nov 20, 2023",2023-11-20,592,0,0.0,2023 Initial GenAI Surge
A,"Agilent Technologies, Inc.",3041806.0,1869465668.0,"Agilent Technologies, Inc., Q1 2024 Earnings Call, Feb 27, 2024",2024-02-27,650,0,0.0,2024–2025 AI Adoption Period
A,"Agilent Technologies, Inc.",3212798.0,1879942992.0,"Agilent Technologies, Inc., Q2 2024 Earnings Call, May 29, 2024",2024-05-29,586,0,0.0,2024–2025 AI Adoption Period
A,"Agilent Technologies, Inc.",3238231.0,1888133234.0,"Agilent Technologies, Inc., Q3 2024 Earnings Call, Aug 21, 2024",2024-08-21,618,1,0.0016181229773462,2024–2025 AI Adoption Period
A,"Agilent Technologies, Inc.",3318318.0,1900870280.0,"Agilent Technologies, Inc., Q4 2024 Earnings Call, Nov 25, 2024",2024-11-25,651,0,0.0,2024–2025 AI Adoption Period
A,"Agilent Technologies, Inc.",3414817.0,1918157842.0,"Agilent Technologies, Inc., Q1 2025 Earnings Call, Feb 26, 2025",2025-02-26,592,1,0.0016891891891891,2024–2025 AI Adoption Period
A,"Agilent Technologies, Inc.",3495391.0,1939894302.0,"Agilent Technologies, Inc., Q2 2025 Earnings Call, May 28, 2025",2025-05-28,572,0,0.0,2024–2025 AI Adoption Period
A,"Agilent Technologies, Inc.",3535883.0,1953398262.0,"Agilent Technologies, Inc., Q3 2025 Earnings Call, Aug 27, 2025",2025-08-27,606,0,0.0,2024–2025 AI Adoption Period
A,"Agilent Technologies, Inc.",3603521.0,1968096164.0,"Agilent Technologies, Inc., Q4 2025 Earnings Call, Nov 24, 2025",2025-11-24,622,6,0.0096463022508038,2024–2025 AI Adoption Period
ABNB,"Airbnb, Inc.",2224567.0,703662697.0,"Airbnb, Inc., Q4 2020 Earnings Call, Feb 25, 2021",2021-02-25,628,0,0.0,2021–2022 Pre-ChatGPT Transition
ABNB,"Airbnb, Inc.",2285905.0,713139227.0,"Airbnb, Inc., Q1 2021 Earnings Call, May 13, 2021",2021-05-13,660,0,0.0,2021–2022 Pre-ChatGPT Transition
ABNB,"Airbnb, Inc.",2376258.0,1675609849.0,"Airbnb, Inc., Q2 2021 Earnings Call, Aug 12, 2021",2021-08-12,560,0,0.0,2021–2022 Pre-ChatGPT Transition
ABNB,"Airbnb, Inc.",2456637.0,1685811973.0,"Airbnb, Inc., Q3 2021 Earnings Call, Nov 04, 2021",2021-11-04,621,0,0.0,2021–2022 Pre-ChatGPT Transition
ABNB,"Airbnb, Inc.",2495162.0,1767523710.0,"Airbnb, Inc., Q4 2021 Earnings Call, Feb 15, 2022",2022-02-15,627,0,0.0,2021–2022 Pre-ChatGPT Transition
ABNB,"Airbnb, Inc.",2551760.0,1779785911.0,"Airbnb, Inc., Q1 2022 Earnings Call, May 03, 2022",2022-05-03,645,0,0.0,2021–2022 Pre-ChatGPT Transition
ABNB,"Airbnb, Inc.",2612807.0,1792366794.0,"Airbnb, Inc., Q2 2022 Earnings Call, Aug 02, 2022",2022-08-02,630,0,0.0,2021–2022 Pre-ChatGPT Transition
ABNB,"Airbnb, Inc.",2671031.0,1805294803.0,"Airbnb, Inc., Q3 2022 Earnings Call, Nov 01, 2022",2022-11-01,638,0,0.0,2021–2022 Pre-ChatGPT Transition
ABNB,"Airbnb, Inc.",2737717.0,1823848725.0,"Airbnb, Inc., Q4 2022 Earnings Call, Feb 14, 2023",2023-02-14,629,5,0.0079491255961844,2023 Initial GenAI Surge
ABNB,"Airbnb, Inc.",2842398.0,1834950510.0,"Airbnb, Inc., Q1 2023 Earnings Call, May 09, 2023",2023-05-09,699,21,0.0300429184549356,2023 Initial GenAI Surge
ABNB,"Airbnb, Inc.",2870272.0,1848510397.0,"Airbnb, Inc., Q2 2023 Earnings Call, Aug 03, 2023",2023-08-03,549,14,0.0255009107468123,2023 Initial GenAI Surge
ABNB,"Airbnb, Inc.",2932838.0,1859403101.0,"Airbnb, Inc., Q3 2023 Earnings Call, Nov 01, 2023",2023-11-01,591,11,0.0186125211505922,2023 Initial GenAI Surge
ABNB,"Airbnb, Inc.",3022431.0,1869825395.0,"Airbnb, Inc., Q4 2023 Earnings Call, Feb 13, 2024",2024-02-13,594,18,0.0303030303030303,2024–2025 AI Adoption Period
ABNB,"Airbnb, Inc.",3115136.0,1879011971.0,"Airbnb, Inc., Q1 2024 Earnings Call, May 08, 2024",2024-05-08,611,13,0.0212765957446808,2024–2025 AI Adoption Period
ABNB,"Airbnb, Inc.",3215164.0,1888645647.0,"Airbnb, Inc., Q2 2024 Earnings Call, Aug 06, 2024",2024-08-06,610,11,0.0180327868852459,2024–2025 AI Adoption Period
ABNB,"Airbnb, Inc.",3303191.0,1901714662.0,"Airbnb, Inc., Q3 2024 Earnings Call, Nov 07, 2024",2024-11-07,578,7,0.0121107266435986,2024–2025 AI Adoption Period
ABNB,"Airbnb, Inc.",3607332.0,1929179915.0,"Airbnb, Inc., Q4 2024 Earnings Call, Feb 13, 2025",2025-02-13,599,11,0.018363939899833,2024–2025 AI Adoption Period
ABNB,"Airbnb, Inc.",3434387.0,1940057633.0,"Airbnb, Inc., Q1 2025 Earnings Call, May 01, 2025",2025-05-01,524,5,0.0095419847328244,2024–2025 AI Adoption Period
ABNB,"Airbnb, Inc.",3517693.0,1954355507.0,"Airbnb, Inc., Q2 2025 Earnings Call, Aug 06, 2025",2025-08-06,669,31,0.046337817638266,2024–2025 AI Adoption Period
ABNB,"Airbnb, Inc.",3608985.0,1964399772.0,"Airbnb, Inc., Q3 2025 Earnings Call, Nov 06, 2025",2025-11-06,641,50,0.078003120124805,2024–2025 AI Adoption Period
APD,"Air Products and Chemicals, Inc.",2192402.0,700385079.0,"Air Products and Chemicals, Inc., Q1 2021 Earnings Call, Feb 04, 2021",2021-02-04,602,0,0.0,2021–2022 Pre-ChatGPT Transition
APD,"Air Products and Chemicals, Inc.",2278502.0,710474490.0,"Air Products and Chemicals, Inc., Q2 2021 Earnings Call, May 10, 2021",2021-05-10,579,0,0.0,2021–2022 Pre-ChatGPT Transition
APD,"Air Products and Chemicals, Inc.",2369788.0,1672268351.0,"Air Products and Chemicals, Inc., Q3 2021 Earnings Call, Aug 09, 2021",2021-08-09,563,0,0.0,2021–2022 Pre-ChatGPT Transition
APD,"Air Products and Chemicals, Inc.",2425664.0,1684974090.0,"Air Products and Chemicals, Inc., Q4 2021 Earnings Call, Nov 04, 2021",2021-11-04,621,0,0.0,2021–2022 Pre-ChatGPT Transition
APD,"Air Products and Chemicals, Inc.",2485562.0,1763370551.0,"Air Products and Chemicals, Inc., Q1 2022 Earnings Call, Feb 04, 2022",2022-02-04,644,0,0.0,2021–2022 Pre-ChatGPT Transition
APD,"Air Products and Chemicals, Inc.",2555317.0,1776979823.0,"Air Products and Chemicals, Inc., Q2 2022 Earnings Call, May 05, 2022",2022-05-05,558,0,0.0,2021–2022 Pre-ChatGPT Transition
APD,"Air Products and Chemicals, Inc.",2615895.0,1789731468.0,"Air Products and Chemicals, Inc., Q3 2022 Earnings Call, Aug 04, 2022",2022-08-04,487,0,0.0,2021–2022 Pre-ChatGPT Transition
APD,"Air Products and Chemicals, Inc.",2713308.0,1802956945.0,"Air Products and Chemicals, Inc., Q4 2022 Earnings Call, Nov 03, 2022",2022-11-03,614,0,0.0,2021–2022 Pre-ChatGPT Transition
APD,"Air Products and Chemicals, Inc.",2728551.0,1820602736.0,"Air Products and Chemicals, Inc., Q1 2023 Earnings Call, Feb 02, 2023",2023-02-02,656,0,0.0,2023 Initial GenAI Surge
APD,"Air Products and Chemicals, Inc.",2810802.0,1832693686.0,"Air Products and Chemicals, Inc., Q2 2023 Earnings Call, May 09, 2023",2023-05-09,473,0,0.0,2023 Initial GenAI Surge
APD,"Air Products and Chemicals, Inc.",2868615.0,1846938929.0,"Air Products and Chemicals, Inc., Q3 2023 Earnings Call, Aug 03, 2023",2023-08-03,545,0,0.0,2023 Initial GenAI Surge
APD,"Air Products and Chemicals, Inc.",2939930.0,1858529791.0,"Air Products and Chemicals, Inc., Q4 2023 Earnings Call, Nov 07, 2023",2023-11-07,541,0,0.0,2023 Initial GenAI Surge
APD,"Air Products and Chemicals, Inc.",3011711.0,1867422398.0,"Air Products and Chemicals, Inc., Q1 2024 Earnings Call, Feb 05, 2024",2024-02-05,562,0,0.0,2024–2025 AI Adoption Period
APD,"Air Products and Chemicals, Inc.",3102704.0,1876014965.0,"Air Products and Chemicals, Inc., Q2 2024 Earnings Call, Apr 30, 2024",2024-04-30,579,0,0.0,2024–2025 AI Adoption Period
APD,"Air Products and Chemicals, Inc.",3208278.0,1886228926.0,"Air Products and Chemicals, Inc., Q3 2024 Earnings Call, Aug 01, 2024",2024-08-01,490,0,0.0,2024–2025 AI Adoption Period
APD,"Air Products and Chemicals, Inc.",3302396.0,1900638586.0,"Air Products and Chemicals, Inc., Q4 2024 Earnings Call, Nov 07, 2024",2024-11-07,662,0,0.0,2024–2025 AI Adoption Period
APD,"Air Products and Chemicals, Inc.",3367443.0,1916626817.0,"Air Products and Chemicals, Inc., Q1 2025 Earnings Call, Feb 06, 2025",2025-02-06,364,0,0.0,2024–2025 AI Adoption Period
APD,"Air Products and Chemicals, Inc.",3497959.0,1937119608.0,"Air Products and Chemicals, Inc., Q2 2025 Earnings Call, May 01, 2025",2025-05-01,543,0,0.0,2024–2025 AI Adoption Period
APD,"Air Products and Chemicals, Inc.",3509649.0,1951316733.0,"Air Products and Chemicals, Inc., Q3 2025 Earnings Call, Jul 31, 2025",2025-07-31,311,3,0.0096463022508038,2024–2025 AI Adoption Period
APD,"Air Products and Chemicals, Inc.",3609032.0,1964553363.0,"Air Products and Chemicals, Inc., Q4 2025 Earnings Call, Nov 06, 2025",2025-11-06,482,1,0.0020746887966804,2024–2025 AI Adoption Period
AKAM,"Akamai Technologies, Inc.",2201209.0,701721439.0,"Akamai Technologies, Inc., Q4 2020 Earnings Call, Feb 09, 2021",2021-02-09,541,0,0.0,2021–2022 Pre-ChatGPT Transition
AKAM,"Akamai Technologies, Inc.",2269354.0,711186853.0,"Akamai Technologies, Inc., Q1 2021 Earnings Call, May 04, 2021",2021-05-04,522,0,0.0,2021–2022 Pre-ChatGPT Transition
AKAM,"Akamai Technologies, Inc.",2361489.0,1673907903.0,"Akamai Technologies, Inc., Q2 2021 Earnings Call, Aug 03, 2021",2021-08-03,485,2,0.0041237113402061,2021–2022 Pre-ChatGPT Transition
AKAM,"Akamai Technologies, Inc.",2422276.0,1683343691.0,"Akamai Technologies, Inc., Q3 2021 Earnings Call, Nov 02, 2021",2021-11-02,517,0,0.0,2021–2022 Pre-ChatGPT Transition
AKAM,"Akamai Technologies, Inc.",2495061.0,1764737267.0,"Akamai Technologies, Inc., Q4 2021 Earnings Call, Feb 15, 2022",2022-02-15,665,0,0.0,2021–2022 Pre-ChatGPT Transition
AKAM,"Akamai Technologies, Inc.",2551912.0,1778166064.0,"Akamai Technologies, Inc., Q1 2022 Earnings Call, May 03, 2022",2022-05-03,687,0,0.0,2021–2022 Pre-ChatGPT Transition
AKAM,"Akamai Technologies, Inc.",2624745.0,1791180503.0,"Akamai Technologies, Inc., Q2 2022 Earnings Call, Aug 09, 2022",2022-08-09,540,0,0.0,2021–2022 Pre-ChatGPT Transition
AKAM,"Akamai Technologies, Inc.",2680079.0,1804251388.0,"Akamai Technologies, Inc., Q3 2022 Earnings Call, Nov 08, 2022",2022-11-08,664,0,0.0,2021–2022 Pre-ChatGPT Transition
AKAM,"Akamai Technologies, Inc.",2738306.0,1821551134.0,"Akamai Technologies, Inc., Q4 2022 Earnings Call, Feb 14, 2023",2023-02-14,630,3,0.0047619047619047,2023 Initial GenAI Surge
AKAM,"Akamai Technologies, Inc.",2804317.0,1833673456.0,"Akamai Technologies, Inc., Q1 2023 Earnings Call, May 09, 2023",2023-05-09,386,2,0.005181347150259,2023 Initial GenAI Surge
AKAM,"Akamai Technologies, Inc.",2875830.0,1848241693.0,"Akamai Technologies, Inc., Q2 2023 Earnings Call, Aug 08, 2023",2023-08-08,414,9,0.0217391304347826,2023 Initial GenAI Surge
AKAM,"Akamai Technologies, Inc.",2940849.0,1858607694.0,"Akamai Technologies, Inc., Q3 2023 Earnings Call, Nov 07, 2023",2023-11-07,577,15,0.0259965337954939,2023 Initial GenAI Surge
AKAM,"Akamai Technologies, Inc.",3022517.0,1868545736.0,"Akamai Technologies, Inc., Q4 2023 Earnings Call, Feb 13, 2024",2024-02-13,696,15,0.021551724137931,2024–2025 AI Adoption Period
AKAM,"Akamai Technologies, Inc.",3131324.0,1877826224.0,"Akamai Technologies, Inc., Q1 2024 Earnings Call, May 09, 2024",2024-05-09,580,5,0.0086206896551724,2024–2025 AI Adoption Period
AKAM,"Akamai Technologies, Inc.",3220531.0,1887560803.0,"Akamai Technologies, Inc., Q2 2024 Earnings Call, Aug 08, 2024",2024-08-08,565,15,0.0265486725663716,2024–2025 AI Adoption Period
AKAM,"Akamai Technologies, Inc.",3303151.0,1899087183.0,"Akamai Technologies, Inc., Q3 2024 Earnings Call, Nov 07, 2024",2024-11-07,367,15,0.0408719346049046,2024–2025 AI Adoption Period
AKAM,"Akamai Technologies, Inc.",3380140.0,1915118881.0,"Akamai Technologies, Inc., Q4 2024 Earnings Call, Feb 20, 2025",2025-02-20,692,17,0.0245664739884393,2024–2025 AI Adoption Period
AKAM,"Akamai Technologies, Inc.",3492271.0,1938944565.0,"Akamai Technologies, Inc., Q1 2025 Earnings Call, May 08, 2025",2025-05-08,500,24,0.048,2024–2025 AI Adoption Period
AKAM,"Akamai Technologies, Inc.",3520207.0,1952829229.0,"Akamai Technologies, Inc., Q2 2025 Earnings Call, Aug 07, 2025",2025-08-07,388,21,0.0541237113402061,2024–2025 AI Adoption Period
AKAM,"Akamai Technologies, Inc.",3605468.0,1964510456.0,"Akamai Technologies, Inc., Q3 2025 Earnings Call, Nov 06, 2025",2025-11-06,597,38,0.0636515912897822,2024–2025 AI Adoption Period
ALB,Albemarle Corporation,2215483.0,700977482.0,"Albemarle Corporation, Q4 2020 Earnings Call, Feb 18, 2021",2021-02-18,560,0,0.0,2021–2022 Pre-ChatGPT Transition
ALB,Albemarle Corporation,2272675.0,710591577.0,"Albemarle Corporation, Q1 2021 Earnings Call, May 06, 2021",2021-05-06,524,0,0.0,2021–2022 Pre-ChatGPT Transition
ALB,Albemarle Corporation,2365178.0,718658983.0,"Albemarle Corporation, Q2 2021 Earnings Call, Aug 05, 2021",2021-08-05,594,0,0.0,2021–2022 Pre-ChatGPT Transition
ALB,Albemarle Corporation,2425054.0,1682438221.0,"Albemarle Corporation, Q3 2021 Earnings Call, Nov 04, 2021",2021-11-04,534,0,0.0,2021–2022 Pre-ChatGPT Transition
ALB,Albemarle Corporation,2497821.0,1763265238.0,"Albemarle Corporation, Q4 2021 Earnings Call, Feb 17, 2022",2022-02-17,560,0,0.0,2021–2022 Pre-ChatGPT Transition
ALB,Albemarle Corporation,2555714.0,1777450268.0,"Albemarle Corporation, Q1 2022 Earnings Call, May 05, 2022",2022-05-05,542,0,0.0,2021–2022 Pre-ChatGPT Transition
ALB,Albemarle Corporation,2616034.0,1790177130.0,"Albemarle Corporation, Q2 2022 Earnings Call, Aug 04, 2022",2022-08-04,560,0,0.0,2021–2022 Pre-ChatGPT Transition
ALB,Albemarle Corporation,2673479.0,1803469101.0,"Albemarle Corporation, Q3 2022 Earnings Call, Nov 03, 2022",2022-11-03,532,0,0.0,2021–2022 Pre-ChatGPT Transition
ALB,Albemarle Corporation,2740261.0,1822044577.0,"Albemarle Corporation, Q4 2022 Earnings Call, Feb 16, 2023",2023-02-16,264,0,0.0,2023 Initial GenAI Surge
ALB,Albemarle Corporation,2796026.0,1832389416.0,"Albemarle Corporation, Q1 2023 Earnings Call, May 04, 2023",2023-05-04,528,0,0.0,2023 Initial GenAI Surge
ALB,Albemarle Corporation,3122690.0,1847639963.0,"Albemarle Corporation, Q2 2023 Earnings Call, Aug 03, 2023",2023-08-03,477,1,0.0020964360587002,2023 Initial GenAI Surge
ALB,Albemarle Corporation,2934178.0,1858215775.0,"Albemarle Corporation, Q3 2023 Earnings Call, Nov 02, 2023",2023-11-02,470,0,0.0,2023 Initial GenAI Surge
ALB,Albemarle Corporation,3025240.0,1868181696.0,"Albemarle Corporation, Q4 2023 Earnings Call, Feb 15, 2024",2024-02-15,504,0,0.0,2024–2025 AI Adoption Period
ALB,Albemarle Corporation,3154114.0,1877327772.0,"Albemarle Corporation, Q1 2024 Earnings Call, May 02, 2024",2024-05-02,499,0,0.0,2024–2025 AI Adoption Period
ALB,Albemarle Corporation,3208131.0,1886191089.0,"Albemarle Corporation, Q2 2024 Earnings Call, Aug 01, 2024",2024-08-01,516,0,0.0,2024–2025 AI Adoption Period
ALB,Albemarle Corporation,3303195.0,1899022003.0,"Albemarle Corporation, Q3 2024 Earnings Call, Nov 07, 2024",2024-11-07,471,0,0.0,2024–2025 AI Adoption Period
ALB,Albemarle Corporation,3373688.0,1916124164.0,"Albemarle Corporation, Q4 2024 Earnings Call, Feb 13, 2025",2025-02-13,550,0,0.0,2024–2025 AI Adoption Period
ALB,Albemarle Corporation,3437715.0,1937519685.0,"Albemarle Corporation, Q1 2025 Earnings Call, May 01, 2025",2025-05-01,488,1,0.0020491803278688,2024–2025 AI Adoption Period
ALB,Albemarle Corporation,3509852.0,1949105710.0,"Albemarle Corporation, Q2 2025 Earnings Call, Jul 31, 2025",2025-07-31,549,0,0.0,2024–2025 AI Adoption Period
ALB,Albemarle Corporation,3600296.0,1961984675.0,"Albemarle Corporation, Q3 2025 Earnings Call, Nov 06, 2025",2025-11-06,561,4,0.0071301247771836,2024–2025 AI Adoption Period
ARE,"Alexandria Real Estate Equities, Inc.",2188817.0,696747444.0,"Alexandria Real Estate Equities, Inc., Q4 2020 Earnings Call, Feb 02, 2021",2021-02-02,495,0,0.0,2021–2022 Pre-ChatGPT Transition
ARE,"Alexandria Real Estate Equities, Inc.",2259879.0,705363517.0,"Alexandria Real Estate Equities, Inc., Q1 2021 Earnings Call, Apr 27, 2021",2021-04-27,547,0,0.0,2021–2022 Pre-ChatGPT Transition
ARE,"Alexandria Real Estate Equities, Inc.",2352055.0,716287616.0,"Alexandria Real Estate Equities, Inc., Q2 2021 Earnings Call, Jul 27, 2021",2021-07-27,559,0,0.0,2021–2022 Pre-ChatGPT Transition
ARE,"Alexandria Real Estate Equities, Inc.",2413144.0,1679775708.0,"Alexandria Real Estate Equities, Inc., Q3 2021 Earnings Call, Oct 26, 2021",2021-10-26,519,0,0.0,2021–2022 Pre-ChatGPT Transition
ARE,"Alexandria Real Estate Equities, Inc.",2481987.0,1760075296.0,"Alexandria Real Estate Equities, Inc., Q4 2021 Earnings Call, Feb 01, 2022",2022-02-01,453,0,0.0,2021–2022 Pre-ChatGPT Transition
ARE,"Alexandria Real Estate Equities, Inc.",2543813.0,1772279788.0,"Alexandria Real Estate Equities, Inc., Q1 2022 Earnings Call, Apr 26, 2022",2022-04-26,503,1,0.0019880715705765,2021–2022 Pre-ChatGPT Transition
ARE,"Alexandria Real Estate Equities, Inc.",2604894.0,1784498394.0,"Alexandria Real Estate Equities, Inc., Q2 2022 Earnings Call, Jul 26, 2022",2022-07-26,645,2,0.0031007751937984,2021–2022 Pre-ChatGPT Transition
ARE,"Alexandria Real Estate Equities, Inc.",2662945.0,1798619405.0,"Alexandria Real Estate Equities, Inc., Q3 2022 Earnings Call, Oct 25, 2022",2022-10-25,632,0,0.0,2021–2022 Pre-ChatGPT Transition
ARE,"Alexandria Real Estate Equities, Inc.",2726073.0,1816868009.0,"Alexandria Real Estate Equities, Inc., Q4 2022 Earnings Call, Jan 31, 2023",2023-01-31,551,0,0.0,2023 Initial GenAI Surge
ARE,"Alexandria Real Estate Equities, Inc.",2785508.0,1827661096.0,"Alexandria Real Estate Equities, Inc., Q1 2023 Earnings Call, Apr 25, 2023",2023-04-25,601,1,0.0016638935108153,2023 Initial GenAI Surge
ARE,"Alexandria Real Estate Equities, Inc.",2858303.0,1838418581.0,"Alexandria Real Estate Equities, Inc., Q2 2023 Earnings Call, Jul 25, 2023",2023-07-25,568,0,0.0,2023 Initial GenAI Surge
ARE,"Alexandria Real Estate Equities, Inc.",2925194.0,1854073041.0,"Alexandria Real Estate Equities, Inc., Q3 2023 Earnings Call, Oct 24, 2023",2023-10-24,519,11,0.0211946050096339,2023 Initial GenAI Surge
ARE,"Alexandria Real Estate Equities, Inc.",3007267.0,1863372878.0,"Alexandria Real Estate Equities, Inc., Q4 2023 Earnings Call, Jan 30, 2024",2024-01-30,510,0,0.0,2024–2025 AI Adoption Period
ARE,"Alexandria Real Estate Equities, Inc.",3093626.0,1872905713.0,"Alexandria Real Estate Equities, Inc., Q1 2024 Earnings Call, Apr 23, 2024",2024-04-23,506,4,0.0079051383399209,2024–2025 AI Adoption Period
ARE,"Alexandria Real Estate Equities, Inc.",3193337.0,1881590941.0,"Alexandria Real Estate Equities, Inc., Q2 2024 Earnings Call, Jul 23, 2024",2024-07-23,598,0,0.0,2024–2025 AI Adoption Period
ARE,"Alexandria Real Estate Equities, Inc.",3286378.0,1893271264.0,"Alexandria Real Estate Equities, Inc., Q3 2024 Earnings Call, Oct 22, 2024",2024-10-22,504,8,0.0158730158730158,2024–2025 AI Adoption Period
ARE,"Alexandria Real Estate Equities, Inc.",3361003.0,1912328705.0,"Alexandria Real Estate Equities, Inc., Q4 2024 Earnings Call, Jan 28, 2025",2025-01-28,569,6,0.0105448154657293,2024–2025 AI Adoption Period
ARE,"Alexandria Real Estate Equities, Inc.",3428939.0,1932471036.0,"Alexandria Real Estate Equities, Inc., Q1 2025 Earnings Call, Apr 29, 2025",2025-04-29,595,1,0.0016806722689075,2024–2025 AI Adoption Period
ARE,"Alexandria Real Estate Equities, Inc.",3500927.0,1945452202.0,"Alexandria Real Estate Equities, Inc., Q2 2025 Earnings Call, Jul 22, 2025",2025-07-22,478,2,0.00418410041841,2024–2025 AI Adoption Period
ARE,"Alexandria Real Estate Equities, Inc.",3571758.0,1958252647.0,"Alexandria Real Estate Equities, Inc., Q3 2025 Earnings Call, Oct 28, 2025",2025-10-28,662,4,0.0060422960725075,2024–2025 AI Adoption Period
ALGN,"Align Technology, Inc.",2242020.0,700101935.0,"Align Technology, Inc., Q4 2020 Earnings Call, Feb 03, 2021",2021-02-03,593,0,0.0,2021–2022 Pre-ChatGPT Transition
ALGN,"Align Technology, Inc.",2261819.0,710056018.0,"Align Technology, Inc., Q1 2021 Earnings Call, Apr 28, 2021",2021-04-28,616,6,0.0097402597402597,2021–2022 Pre-ChatGPT Transition
ALGN,"Align Technology, Inc.",2387081.0,1672658479.0,"Align Technology, Inc., Q2 2021 Earnings Call, Jul 28, 2021",2021-07-28,557,0,0.0,2021–2022 Pre-ChatGPT Transition
ALGN,"Align Technology, Inc.",2414914.0,1683581133.0,"Align Technology, Inc., Q3 2021 Earnings Call, Oct 27, 2021",2021-10-27,582,2,0.0034364261168384,2021–2022 Pre-ChatGPT Transition
ALGN,"Align Technology, Inc.",2483276.0,1763155302.0,"Align Technology, Inc., Q4 2021 Earnings Call, Feb 02, 2022",2022-02-02,530,2,0.0037735849056603,2021–2022 Pre-ChatGPT Transition
ALGN,"Align Technology, Inc.",2545506.0,1777106936.0,"Align Technology, Inc., Q1 2022 Earnings Call, Apr 27, 2022",2022-04-27,561,0,0.0,2021–2022 Pre-ChatGPT Transition
ALGN,"Align Technology, Inc.",2606093.0,1789594356.0,"Align Technology, Inc., Q2 2022 Earnings Call, Jul 27, 2022",2022-07-27,622,1,0.0016077170418006,2021–2022 Pre-ChatGPT Transition
ALGN,"Align Technology, Inc.",2664333.0,1802947016.0,"Align Technology, Inc., Q3 2022 Earnings Call, Oct 26, 2022",2022-10-26,591,2,0.0033840947546531,2021–2022 Pre-ChatGPT Transition
ALGN,"Align Technology, Inc.",2726869.0,1820588570.0,"Align Technology, Inc., Q4 2022 Earnings Call, Feb 01, 2023",2023-02-01,456,1,0.0021929824561403,2023 Initial GenAI Surge
ALGN,"Align Technology, Inc.",2787035.0,1831661871.0,"Align Technology, Inc., Q1 2023 Earnings Call, Apr 26, 2023",2023-04-26,535,1,0.0018691588785046,2023 Initial GenAI Surge
ALGN,"Align Technology, Inc.",2859345.0,1846560752.0,"Align Technology, Inc., Q2 2023 Earnings Call, Jul 26, 2023",2023-07-26,468,1,0.0021367521367521,2023 Initial GenAI Surge
ALGN,"Align Technology, Inc.",2926157.0,1858058619.0,"Align Technology, Inc., Q3 2023 Earnings Call, Oct 25, 2023",2023-10-25,406,1,0.0024630541871921,2023 Initial GenAI Surge
ALGN,"Align Technology, Inc.",3163641.0,1866622972.0,"Align Technology, Inc., Q4 2023 Earnings Call, Jan 31, 2024",2024-01-31,454,1,0.0022026431718061,2024–2025 AI Adoption Period
ALGN,"Align Technology, Inc.",3095564.0,1876578387.0,"Align Technology, Inc., Q1 2024 Earnings Call, Apr 24, 2024",2024-04-24,512,0,0.0,2024–2025 AI Adoption Period
ALGN,"Align Technology, Inc.",3195272.0,1886488640.0,"Align Technology, Inc., Q2 2024 Earnings Call, Jul 24, 2024",2024-07-24,469,0,0.0,2024–2025 AI Adoption Period
ALGN,"Align Technology, Inc.",3287310.0,1899327027.0,"Align Technology, Inc., Q3 2024 Earnings Call, Oct 23, 2024",2024-10-23,536,0,0.0,2024–2025 AI Adoption Period
ALGN,"Align Technology, Inc.",3366897.0,1914752640.0,"Align Technology, Inc., Q4 2024 Earnings Call, Feb 05, 2025",2025-02-05,584,0,0.0,2024–2025 AI Adoption Period
ALGN,"Align Technology, Inc.",3493465.0,1937105240.0,"Align Technology, Inc., Q1 2025 Earnings Call, Apr 30, 2025",2025-04-30,525,1,0.0019047619047619,2024–2025 AI Adoption Period
ALGN,"Align Technology, Inc.",3508985.0,1951458786.0,"Align Technology, Inc., Q2 2025 Earnings Call, Jul 30, 2025",2025-07-30,476,0,0.0,2024–2025 AI Adoption Period
ALGN,"Align Technology, Inc.",3575733.0,1962746189.0,"Align Technology, Inc., Q3 2025 Earnings Call, Oct 29, 2025",2025-10-29,430,3,0.0069767441860465,2024–2025 AI Adoption Period
ALLE,Allegion plc,2240411.0,701659314.0,"Allegion plc, Q4 2020 Earnings Call, Feb 16, 2021",2021-02-16,453,0,0.0,2021–2022 Pre-ChatGPT Transition
ALLE,Allegion plc,2255477.0,709219466.0,"Allegion plc, Q1 2021 Earnings Call, Apr 22, 2021",2021-04-22,496,0,0.0,2021–2022 Pre-ChatGPT Transition
ALLE,Allegion plc,2482492.0,1671868201.0,"Allegion plc, Q2 2021 Earnings Call, Jul 22, 2021",2021-07-22,492,0,0.0,2021–2022 Pre-ChatGPT Transition
ALLE,Allegion plc,2409063.0,1682810790.0,"Allegion plc, Q3 2021 Earnings Call, Oct 21, 2021",2021-10-21,505,0,0.0,2021–2022 Pre-ChatGPT Transition
ALLE,Allegion plc,2494327.0,1764655102.0,"Allegion plc, Q4 2021 Earnings Call, Feb 15, 2022",2022-02-15,494,0,0.0,2021–2022 Pre-ChatGPT Transition
ALLE,Allegion plc,2543118.0,1776150026.0,"Allegion plc, Q1 2022 Earnings Call, Apr 26, 2022",2022-04-26,308,0,0.0,2021–2022 Pre-ChatGPT Transition
ALLE,Allegion plc,2607579.0,1789005466.0,"Allegion plc, Q2 2022 Earnings Call, Jul 28, 2022",2022-07-28,315,1,0.0031746031746031,2021–2022 Pre-ChatGPT Transition
ALLE,Allegion plc,2665034.0,1802658723.0,"Allegion plc, Q3 2022 Earnings Call, Oct 27, 2022",2022-10-27,361,0,0.0,2021–2022 Pre-ChatGPT Transition
ALLE,Allegion plc,2747217.0,1823311668.0,"Allegion plc, Q4 2022 Earnings Call, Feb 22, 2023",2023-02-22,454,0,0.0,2023 Initial GenAI Surge
ALLE,Allegion plc,2786137.0,1831137668.0,"Allegion plc, Q1 2023 Earnings Call, Apr 26, 2023",2023-04-26,359,0,0.0,2023 Initial GenAI Surge
ALLE,Allegion plc,2887335.0,1846125218.0,"Allegion plc, Q2 2023 Earnings Call, Jul 26, 2023",2023-07-26,462,0,0.0,2023 Initial GenAI Surge
ALLE,Allegion plc,3009871.0,1858223616.0,"Allegion plc, Q3 2023 Earnings Call, Oct 31, 2023",2023-10-31,412,1,0.0024271844660194,2023 Initial GenAI Surge
ALLE,Allegion plc,3029642.0,1869826837.0,"Allegion plc, Q4 2023 Earnings Call, Feb 20, 2024",2024-02-20,427,0,0.0,2024–2025 AI Adoption Period
ALLE,Allegion plc,3096640.0,1877232008.0,"Allegion plc, Q1 2024 Earnings Call, Apr 25, 2024",2024-04-25,198,0,0.0,2024–2025 AI Adoption Period
ALLE,Allegion plc,3244101.0,1887481865.0,"Allegion plc, Q2 2024 Earnings Call, Jul 24, 2024",2024-07-24,366,0,0.0,2024–2025 AI Adoption Period
ALLE,Allegion plc,3287967.0,1900390503.0,"Allegion plc, Q3 2024 Earnings Call, Oct 24, 2024",2024-10-24,302,0,0.0,2024–2025 AI Adoption Period
ALLE,Allegion plc,3376548.0,1929961331.0,"Allegion plc, Q4 2024 Earnings Call, Feb 18, 2025",2025-02-18,358,0,0.0,2024–2025 AI Adoption Period
ALLE,Allegion plc,3424156.0,1939588134.0,"Allegion plc, Q1 2025 Earnings Call, Apr 24, 2025",2025-04-24,438,0,0.0,2024–2025 AI Adoption Period
ALLE,Allegion plc,3504569.0,1953113926.0,"Allegion plc, Q2 2025 Earnings Call, Jul 24, 2025",2025-07-24,359,0,0.0,2024–2025 AI Adoption Period
ALLE,Allegion plc,3568134.0,1964261519.0,"Allegion plc, Q3 2025 Earnings Call, Oct 23, 2025",2025-10-23,314,0,0.0,2024–2025 AI Adoption Period
AMZN,"Amazon.com, Inc.",2188888.0,701650538.0,"Amazon.com, Inc., Q4 2020 Earnings Call, Feb 02, 2021",2021-02-02,342,2,0.0058479532163742,2021–2022 Pre-ChatGPT Transition
AMZN,"Amazon.com, Inc.",2263781.0,711455921.0,"Amazon.com, Inc., Q1 2021 Earnings Call, Apr 29, 2021",2021-04-29,286,2,0.0069930069930069,2021–2022 Pre-ChatGPT Transition
AMZN,"Amazon.com, Inc.",2355528.0,1674151391.0,"Amazon.com, Inc., Q2 2021 Earnings Call, Jul 29, 2021",2021-07-29,321,0,0.0,2021–2022 Pre-ChatGPT Transition
AMZN,"Amazon.com, Inc.",2417223.0,1685194014.0,"Amazon.com, Inc., Q3 2021 Earnings Call, Oct 28, 2021",2021-10-28,377,6,0.0159151193633952,2021–2022 Pre-ChatGPT Transition
AMZN,"Amazon.com, Inc.",2484864.0,1764929779.0,"Amazon.com, Inc., Q4 2021 Earnings Call, Feb 03, 2022",2022-02-03,333,1,0.003003003003003,2021–2022 Pre-ChatGPT Transition
AMZN,"Amazon.com, Inc.",2591535.0,1778330974.0,"Amazon.com, Inc., Q1 2022 Earnings Call, Apr 28, 2022",2022-04-28,293,0,0.0,2021–2022 Pre-ChatGPT Transition
AMZN,"Amazon.com, Inc.",2608370.0,1791421145.0,"Amazon.com, Inc., Q2 2022 Earnings Call, Jul 28, 2022",2022-07-28,317,0,0.0,2021–2022 Pre-ChatGPT Transition
AMZN,"Amazon.com, Inc.",2675071.0,1804617988.0,"Amazon.com, Inc., Q3 2022 Earnings Call, Oct 27, 2022",2022-10-27,284,1,0.0035211267605633,2021–2022 Pre-ChatGPT Transition
AMZN,"Amazon.com, Inc.",2728235.0,1822595494.0,"Amazon.com, Inc., Q4 2022 Earnings Call, Feb 02, 2023",2023-02-02,348,0,0.0,2023 Initial GenAI Surge
AMZN,"Amazon.com, Inc.",2788795.0,1833077106.0,"Amazon.com, Inc., Q1 2023 Earnings Call, Apr 27, 2023",2023-04-27,343,25,0.0728862973760933,2023 Initial GenAI Surge
AMZN,"Amazon.com, Inc.",3116747.0,1848510480.0,"Amazon.com, Inc., Q2 2023 Earnings Call, Aug 03, 2023",2023-08-03,337,40,0.1186943620178041,2023 Initial GenAI Surge
AMZN,"Amazon.com, Inc.",2928180.0,1858867353.0,"Amazon.com, Inc., Q3 2023 Earnings Call, Oct 26, 2023",2023-10-26,387,54,0.1395348837209302,2023 Initial GenAI Surge
AMZN,"Amazon.com, Inc.",3010128.0,1868800159.0,"Amazon.com, Inc., Q4 2023 Earnings Call, Feb 01, 2024",2024-02-01,416,38,0.0913461538461538,2024–2025 AI Adoption Period
AMZN,"Amazon.com, Inc.",3103621.0,1878262825.0,"Amazon.com, Inc., Q1 2024 Earnings Call, Apr 30, 2024",2024-04-30,426,44,0.1032863849765258,2024–2025 AI Adoption Period
AMZN,"Amazon.com, Inc.",3209437.0,1888350869.0,"Amazon.com, Inc., Q2 2024 Earnings Call, Aug 01, 2024",2024-08-01,369,40,0.1084010840108401,2024–2025 AI Adoption Period
AMZN,"Amazon.com, Inc.",3295910.0,1901027535.0,"Amazon.com, Inc., Q3 2024 Earnings Call, Oct 31, 2024",2024-10-31,370,42,0.1135135135135135,2024–2025 AI Adoption Period
AMZN,"Amazon.com, Inc.",3415885.0,1917962471.0,"Amazon.com, Inc., Q4 2024 Earnings Call, Feb 06, 2025",2025-02-06,334,48,0.1437125748502994,2024–2025 AI Adoption Period
AMZN,"Amazon.com, Inc.",3487743.0,1940057062.0,"Amazon.com, Inc., Q1 2025 Earnings Call, May 01, 2025",2025-05-01,411,42,0.1021897810218978,2024–2025 AI Adoption Period
AMZN,"Amazon.com, Inc.",3511344.0,1953687810.0,"Amazon.com, Inc., Q2 2025 Earnings Call, Jul 31, 2025",2025-07-31,429,40,0.0932400932400932,2024–2025 AI Adoption Period
AMZN,"Amazon.com, Inc.",3578855.0,1966404326.0,"Amazon.com, Inc., Q3 2025 Earnings Call, Oct 30, 2025",2025-10-30,391,43,0.1099744245524296,2024–2025 AI Adoption Period
AMCR,Amcor plc,2188928.0,701651001.0,"Amcor plc, H1 2021 Earnings Call, Feb 02, 2021",2021-02-02,523,0,0.0,2021–2022 Pre-ChatGPT Transition
AMCR,Amcor plc,2269404.0,712042335.0,"Amcor plc, Q3 2021 Earnings Call, May 04, 2021",2021-05-04,638,0,0.0,2021–2022 Pre-ChatGPT Transition
AMCR,Amcor plc,2390686.0,1676082218.0,"Amcor plc, 2021 Earnings Call, Aug 17, 2021",2021-08-17,574,0,0.0,2021–2022 Pre-ChatGPT Transition
AMCR,Amcor plc,2422318.0,1685597634.0,"Amcor plc, Q1 2022 Earnings Call, Nov 02, 2021",2021-11-02,650,0,0.0,2021–2022 Pre-ChatGPT Transition
AMCR,Amcor plc,2482162.0,1764655135.0,"Amcor plc, Q2 2022 Earnings Call, Feb 01, 2022",2022-02-01,632,0,0.0,2021–2022 Pre-ChatGPT Transition
AMCR,Amcor plc,2551739.0,1779788819.0,"Amcor plc, Nine Months 2022 Earnings Call, May 03, 2022",2022-05-03,385,0,0.0,2021–2022 Pre-ChatGPT Transition
AMCR,Amcor plc,2633830.0,1794272919.0,"Amcor plc, 2022 Earnings Call, Aug 17, 2022",2022-08-17,493,0,0.0,2021–2022 Pre-ChatGPT Transition
AMCR,Amcor plc,2671019.0,1805303950.0,"Amcor plc, Q1 2023 Earnings Call, Nov 01, 2022",2022-11-01,522,0,0.0,2021–2022 Pre-ChatGPT Transition
AMCR,Amcor plc,2731119.0,1823197278.0,"Amcor plc, H1 2023 Earnings Call, Feb 07, 2023",2023-02-07,548,0,0.0,2023 Initial GenAI Surge
AMCR,Amcor plc,2825284.0,1833600030.0,"Amcor plc, Q3 2023 Earnings Call, May 02, 2023",2023-05-02,478,0,0.0,2023 Initial GenAI Surge
AMCR,Amcor plc,2901303.0,1849889791.0,"Amcor plc, 2023 Earnings Call, Aug 16, 2023",2023-08-16,530,0,0.0,2023 Initial GenAI Surge
AMCR,Amcor plc,2931444.0,1859291975.0,"Amcor plc, Q1 2024 Earnings Call, Oct 31, 2023",2023-10-31,458,0,0.0,2023 Initial GenAI Surge
AMCR,Amcor plc,3013917.0,1869234130.0,"Amcor plc, H1 2024 Earnings Call, Feb 06, 2024",2024-02-06,566,0,0.0,2024–2025 AI Adoption Period
AMCR,Amcor plc,3103577.0,1878270230.0,"Amcor plc, Q3 2024 Earnings Call, Apr 30, 2024",2024-04-30,426,0,0.0,2024–2025 AI Adoption Period
AMCR,Amcor plc,3231200.0,1889537716.0,"Amcor plc, 2024 Earnings Call, Aug 15, 2024",2024-08-15,416,0,0.0,2024–2025 AI Adoption Period
AMCR,Amcor plc,3295925.0,1901030976.0,"Amcor plc, Q1 2025 Earnings Call, Oct 31, 2024",2024-10-31,511,0,0.0,2024–2025 AI Adoption Period
AMCR,Amcor plc,3384613.0,1917531999.0,"Amcor plc, Q2 2025 Earnings Call, Feb 04, 2025",2025-02-04,390,0,0.0,2024–2025 AI Adoption Period
AMCR,Amcor plc,3431816.0,1940926860.0,"Amcor plc, Q3 2025 Earnings Call, Apr 30, 2025",2025-04-30,505,0,0.0,2024–2025 AI Adoption Period
AMCR,Amcor plc,3566739.0,1955199709.0,"Amcor plc, Q4 2025 Earnings Call, Aug 14, 2025",2025-08-14,420,0,0.0,2024–2025 AI Adoption Period
AMCR,Amcor plc,3598899.0,1967131511.0,"Amcor plc, Q1 2026 Earnings Call, Nov 05, 2025",2025-11-05,361,0,0.0,2024–2025 AI Adoption Period
AEE,Ameren Corporation,2217048.0,701063968.0,"Ameren Corporation, Q4 2020 Earnings Call, Feb 19, 2021",2021-02-19,528,0,0.0,2021–2022 Pre-ChatGPT Transition
AEE,Ameren Corporation,2345384.0,711335441.0,"Ameren Corporation, Q1 2021 Earnings Call, May 11, 2021",2021-05-11,599,0,0.0,2021–2022 Pre-ChatGPT Transition
AEE,Ameren Corporation,2392265.0,1673949996.0,"Ameren Corporation, Q2 2021 Earnings Call, Aug 06, 2021",2021-08-06,383,0,0.0,2021–2022 Pre-ChatGPT Transition
AEE,Ameren Corporation,2425523.0,1685141368.0,"Ameren Corporation, Q3 2021 Earnings Call, Nov 04, 2021",2021-11-04,532,0,0.0,2021–2022 Pre-ChatGPT Transition
AEE,Ameren Corporation,2499029.0,1764298736.0,"Ameren Corporation, Q4 2021 Earnings Call, Feb 18, 2022",2022-02-18,534,0,0.0,2021–2022 Pre-ChatGPT Transition
AEE,Ameren Corporation,2558305.0,1777555199.0,"Ameren Corporation, Q1 2022 Earnings Call, May 06, 2022",2022-05-06,342,0,0.0,2021–2022 Pre-ChatGPT Transition
AEE,Ameren Corporation,2620933.0,1781814020.0,"Ameren Corporation, Q2 2022 Earnings Call, Aug 05, 2022",2022-08-05,445,0,0.0,2021–2022 Pre-ChatGPT Transition
AEE,Ameren Corporation,2718087.0,1804261188.0,"Ameren Corporation, Q3 2022 Earnings Call, Nov 04, 2022",2022-11-04,313,0,0.0,2021–2022 Pre-ChatGPT Transition
AEE,Ameren Corporation,2748123.0,1823197255.0,"Ameren Corporation, Q4 2022 Earnings Call, Feb 16, 2023",2023-02-16,458,0,0.0,2023 Initial GenAI Surge
AEE,Ameren Corporation,2797992.0,1832836531.0,"Ameren Corporation, Q1 2023 Earnings Call, May 05, 2023",2023-05-05,178,0,0.0,2023 Initial GenAI Surge
AEE,Ameren Corporation,2873619.0,1847724700.0,"Ameren Corporation, Q2 2023 Earnings Call, Aug 03, 2023",2023-08-03,381,1,0.0026246719160104,2023 Initial GenAI Surge
AEE,Ameren Corporation,2967236.0,1858720598.0,"Ameren Corporation, Q3 2023 Earnings Call, Nov 09, 2023",2023-11-09,508,1,0.0019685039370078,2023 Initial GenAI Surge
AEE,Ameren Corporation,3268638.0,1869350117.0,"Ameren Corporation, Q4 2023 Earnings Call, Feb 23, 2024",2024-02-23,556,0,0.0,2024–2025 AI Adoption Period
AEE,Ameren Corporation,3273095.0,1872850230.0,"Ameren Corporation, Q1 2024 Earnings Call, May 03, 2024",2024-05-03,463,0,0.0,2024–2025 AI Adoption Period
AEE,Ameren Corporation,3239798.0,1887569835.0,"Ameren Corporation, Q2 2024 Earnings Call, Aug 02, 2024",2024-08-02,514,1,0.0019455252918287,2024–2025 AI Adoption Period
AEE,Ameren Corporation,3353358.0,1900366610.0,"Ameren Corporation, Q3 2024 Earnings Call, Nov 07, 2024",2024-11-07,464,0,0.0,2024–2025 AI Adoption Period
AEE,Ameren Corporation,3376896.0,1917150080.0,"Ameren Corporation, Q4 2024 Earnings Call, Feb 14, 2025",2025-02-14,507,0,0.0,2024–2025 AI Adoption Period
AEE,Ameren Corporation,3439159.0,1938678998.0,"Ameren Corporation, Q1 2025 Earnings Call, May 02, 2025",2025-05-02,407,0,0.0,2024–2025 AI Adoption Period
AEE,Ameren Corporation,3515699.0,1952836057.0,"Ameren Corporation, Q2 2025 Earnings Call, Aug 01, 2025",2025-08-01,326,2,0.0061349693251533,2024–2025 AI Adoption Period
AEE,Ameren Corporation,3600136.0,1966148499.0,"Ameren Corporation, Q3 2025 Earnings Call, Nov 06, 2025",2025-11-06,454,2,0.0044052863436123,2024–2025 AI Adoption Period
AEP,"American Electric Power Company, Inc.",2223634.0,704779555.0,"American Electric Power Company, Inc., Q4 2020 Earnings Call, Feb 25, 2021",2021-02-25,638,0,0.0,2021–2022 Pre-ChatGPT Transition
AEP,"American Electric Power Company, Inc.",2255628.0,711188339.0,"American Electric Power Company, Inc., Q1 2021 Earnings Call, Apr 22, 2021",2021-04-22,648,0,0.0,2021–2022 Pre-ChatGPT Transition
AEP,"American Electric Power Company, Inc.",2349584.0,1672696702.0,"American Electric Power Company, Inc., Q2 2021 Earnings Call, Jul 22, 2021",2021-07-22,574,0,0.0,2021–2022 Pre-ChatGPT Transition
AEP,"American Electric Power Company, Inc.",2416041.0,1683603654.0,"American Electric Power Company, Inc., Q3 2021 Earnings Call, Oct 28, 2021",2021-10-28,519,0,0.0,2021–2022 Pre-ChatGPT Transition
AEP,"American Electric Power Company, Inc.",2505692.0,1763674455.0,"American Electric Power Company, Inc., Q4 2021 Earnings Call, Feb 24, 2022",2022-02-24,561,0,0.0,2021–2022 Pre-ChatGPT Transition
AEP,"American Electric Power Company, Inc.",2549451.0,1776729723.0,"American Electric Power Company, Inc., Q1 2022 Earnings Call, Apr 28, 2022",2022-04-28,529,0,0.0,2021–2022 Pre-ChatGPT Transition
AEP,"American Electric Power Company, Inc.",2605567.0,1789191016.0,"American Electric Power Company, Inc., Q2 2022 Earnings Call, Jul 27, 2022",2022-07-27,605,1,0.0016528925619834,2021–2022 Pre-ChatGPT Transition
AEP,"American Electric Power Company, Inc.",2665405.0,1803663351.0,"American Electric Power Company, Inc., Q3 2022 Earnings Call, Oct 27, 2022",2022-10-27,465,0,0.0,2021–2022 Pre-ChatGPT Transition
AEP,"American Electric Power Company, Inc.",2749674.0,1821744897.0,"American Electric Power Company, Inc., Q4 2022 Earnings Call, Feb 23, 2023",2023-02-23,493,0,0.0,2023 Initial GenAI Surge
AEP,"American Electric Power Company, Inc.",2794471.0,1831511943.0,"American Electric Power Company, Inc., Q1 2023 Earnings Call, May 04, 2023",2023-05-04,489,0,0.0,2023 Initial GenAI Surge
AEP,"American Electric Power Company, Inc.",2860643.0,1846306162.0,"American Electric Power Company, Inc., Q2 2023 Earnings Call, Jul 27, 2023",2023-07-27,559,0,0.0,2023 Initial GenAI Surge
AEP,"American Electric Power Company, Inc.",2934407.0,1858308701.0,"American Electric Power Company, Inc., Q3 2023 Earnings Call, Nov 02, 2023",2023-11-02,564,0,0.0,2023 Initial GenAI Surge
AEP,"American Electric Power Company, Inc.",3041110.0,1868429998.0,"American Electric Power Company, Inc., Q4 2023 Earnings Call, Feb 27, 2024",2024-02-27,489,1,0.0020449897750511,2024–2025 AI Adoption Period
AEP,"American Electric Power Company, Inc.",3102867.0,1875719263.0,"American Electric Power Company, Inc., Q1 2024 Earnings Call, Apr 30, 2024",2024-04-30,491,2,0.0040733197556008,2024–2025 AI Adoption Period
AEP,"American Electric Power Company, Inc.",3203927.0,1885865579.0,"American Electric Power Company, Inc., Q2 2024 Earnings Call, Jul 30, 2024",2024-07-30,449,1,0.0022271714922048,2024–2025 AI Adoption Period
AEP,"American Electric Power Company, Inc.",3300596.0,1899766098.0,"American Electric Power Company, Inc., Q3 2024 Earnings Call, Nov 06, 2024",2024-11-06,498,1,0.002008032128514,2024–2025 AI Adoption Period
AEP,"American Electric Power Company, Inc.",3373472.0,1915337186.0,"American Electric Power Company, Inc., Q4 2024 Earnings Call, Feb 13, 2025",2025-02-13,518,2,0.0038610038610038,2024–2025 AI Adoption Period
AEP,"American Electric Power Company, Inc.",3492960.0,1937071094.0,"American Electric Power Company, Inc., Q1 2025 Earnings Call, May 06, 2025",2025-05-06,500,2,0.004,2024–2025 AI Adoption Period
AEP,"American Electric Power Company, Inc.",3556935.0,1952553503.0,"American Electric Power Company, Inc., Q2 2025 Earnings Call, Jul 30, 2025",2025-07-30,451,0,0.0,2024–2025 AI Adoption Period
AEP,"American Electric Power Company, Inc.",3611050.0,1963018138.0,"American Electric Power Company, Inc., Q3 2025 Earnings Call, Oct 29, 2025",2025-10-29,432,2,0.0046296296296296,2024–2025 AI Adoption Period
AXP,American Express Company,2251227.0,698647477.0,"American Express Company, Q4 2020 Earnings Call, Jan 26, 2021",2021-01-26,572,0,0.0,2021–2022 Pre-ChatGPT Transition
AXP,American Express Company,2256400.0,709004525.0,"American Express Company, Q1 2021 Earnings Call, Apr 23, 2021",2021-04-23,520,0,0.0,2021–2022 Pre-ChatGPT Transition
AXP,American Express Company,2350466.0,1671459900.0,"American Express Company, Q2 2021 Earnings Call, Jul 23, 2021",2021-07-23,612,0,0.0,2021–2022 Pre-ChatGPT Transition
AXP,American Express Company,2409873.0,1682652769.0,"American Express Company, Q3 2021 Earnings Call, Oct 22, 2021",2021-10-22,548,0,0.0,2021–2022 Pre-ChatGPT Transition
AXP,American Express Company,2503708.0,1761548875.0,"American Express Company, Q4 2021 Earnings Call, Jan 25, 2022",2022-01-25,556,0,0.0,2021–2022 Pre-ChatGPT Transition
AXP,American Express Company,2549715.0,1775268735.0,"American Express Company, Q1 2022 Earnings Call, Apr 22, 2022",2022-04-22,440,0,0.0,2021–2022 Pre-ChatGPT Transition
AXP,American Express Company,2603022.0,1787863668.0,"American Express Company, Q2 2022 Earnings Call, Jul 22, 2022",2022-07-22,562,0,0.0,2021–2022 Pre-ChatGPT Transition
AXP,American Express Company,2660938.0,1802042234.0,"American Express Company, Q3 2022 Earnings Call, Oct 21, 2022",2022-10-21,562,0,0.0,2021–2022 Pre-ChatGPT Transition
AXP,American Express Company,2730334.0,1820592789.0,"American Express Company, Q4 2022 Earnings Call, Jan 27, 2023",2023-01-27,525,0,0.0,2023 Initial GenAI Surge
AXP,American Express Company,3344833.0,1830303451.0,"American Express Company, Q1 2023 Earnings Call, Apr 20, 2023",2023-04-20,474,0,0.0,2023 Initial GenAI Surge
AXP,American Express Company,2875700.0,1845045614.0,"American Express Company, Q2 2023 Earnings Call, Jul 21, 2023",2023-07-21,463,0,0.0,2023 Initial GenAI Surge
AXP,American Express Company,2922810.0,1856088738.0,"American Express Company, Q3 2023 Earnings Call, Oct 20, 2023",2023-10-20,455,0,0.0,2023 Initial GenAI Surge
AXP,American Express Company,3004580.0,1864907173.0,"American Express Company, Q4 2023 Earnings Call, Jan 26, 2024",2024-01-26,494,0,0.0,2024–2025 AI Adoption Period
AXP,American Express Company,3285528.0,1875498966.0,"American Express Company, Q1 2024 Earnings Call, Apr 19, 2024",2024-04-19,455,0,0.0,2024–2025 AI Adoption Period
AXP,American Express Company,3227006.0,1885079497.0,"American Express Company, Q2 2024 Earnings Call, Jul 19, 2024",2024-07-19,385,0,0.0,2024–2025 AI Adoption Period
AXP,American Express Company,3285157.0,1897880320.0,"American Express Company, Q3 2024 Earnings Call, Oct 18, 2024",2024-10-18,409,0,0.0,2024–2025 AI Adoption Period
AXP,American Express Company,3495177.0,1912919958.0,"American Express Company, Q4 2024 Earnings Call, Jan 24, 2025",2025-01-24,493,0,0.0,2024–2025 AI Adoption Period
AXP,American Express Company,3419862.0,1912919966.0,"American Express Company, Q1 2025 Earnings Call, Apr 17, 2025",2025-04-17,434,0,0.0,2024–2025 AI Adoption Period
AXP,American Express Company,3500846.0,1949113863.0,"American Express Company, Q2 2025 Earnings Call, Jul 18, 2025",2025-07-18,466,0,0.0,2024–2025 AI Adoption Period
AXP,American Express Company,3617813.0,1960901885.0,"American Express Company, Q3 2025 Earnings Call, Oct 17, 2025",2025-10-17,406,0,0.0,2024–2025 AI Adoption Period
AIG,"American International Group, Inc.",2215725.0,702928857.0,"American International Group, Inc., Q4 2020 Earnings Call, Feb 17, 2021",2021-02-17,495,0,0.0,2021–2022 Pre-ChatGPT Transition
AIG,"American International Group, Inc.",2276166.0,711342687.0,"American International Group, Inc., Q1 2021 Earnings Call, May 07, 2021",2021-05-07,446,0,0.0,2021–2022 Pre-ChatGPT Transition
AIG,"American International Group, Inc.",2369408.0,1674152527.0,"American International Group, Inc., Q2 2021 Earnings Call, Aug 06, 2021",2021-08-06,471,0,0.0,2021–2022 Pre-ChatGPT Transition
AIG,"American International Group, Inc.",2448207.0,1684670916.0,"American International Group, Inc., Q3 2021 Earnings Call, Nov 05, 2021",2021-11-05,458,0,0.0,2021–2022 Pre-ChatGPT Transition
AIG,"American International Group, Inc.",2500857.0,1764219569.0,"American International Group, Inc., Q4 2021 Earnings Call, Feb 17, 2022",2022-02-17,449,0,0.0,2021–2022 Pre-ChatGPT Transition
AIG,"American International Group, Inc.",2552564.0,1777452727.0,"American International Group, Inc., Q1 2022 Earnings Call, May 04, 2022",2022-05-04,412,0,0.0,2021–2022 Pre-ChatGPT Transition
AIG,"American International Group, Inc.",2628239.0,1789899025.0,"American International Group, Inc., Q2 2022 Earnings Call, Aug 09, 2022",2022-08-09,396,0,0.0,2021–2022 Pre-ChatGPT Transition
AIG,"American International Group, Inc.",2699096.0,1803468993.0,"American International Group, Inc., Q3 2022 Earnings Call, Nov 02, 2022",2022-11-02,479,0,0.0,2021–2022 Pre-ChatGPT Transition
AIG,"American International Group, Inc.",2741666.0,1822209056.0,"American International Group, Inc., Q4 2022 Earnings Call, Feb 16, 2023",2023-02-16,463,0,0.0,2023 Initial GenAI Surge
AIG,"American International Group, Inc.",2795986.0,1832251139.0,"American International Group, Inc., Q1 2023 Earnings Call, May 05, 2023",2023-05-05,474,0,0.0,2023 Initial GenAI Surge
AIG,"American International Group, Inc.",3028813.0,1847193654.0,"American International Group, Inc., Q2 2023 Earnings Call, Aug 02, 2023",2023-08-02,504,0,0.0,2023 Initial GenAI Surge
AIG,"American International Group, Inc.",3023801.0,1857659635.0,"American International Group, Inc., Q3 2023 Earnings Call, Nov 02, 2023",2023-11-02,499,0,0.0,2023 Initial GenAI Surge
AIG,"American International Group, Inc.",3023858.0,1868575449.0,"American International Group, Inc., Q4 2023 Earnings Call, Feb 14, 2024",2024-02-14,487,0,0.0,2024–2025 AI Adoption Period
AIG,"American International Group, Inc.",3107593.0,1877137678.0,"American International Group, Inc., Q1 2024 Earnings Call, May 02, 2024",2024-05-02,457,0,0.0,2024–2025 AI Adoption Period
AIG,"American International Group, Inc.",3208500.0,1886540987.0,"American International Group, Inc., Q2 2024 Earnings Call, Aug 01, 2024",2024-08-01,469,8,0.0170575692963752,2024–2025 AI Adoption Period
AIG,"American International Group, Inc.",3302043.0,1900179486.0,"American International Group, Inc., Q3 2024 Earnings Call, Nov 05, 2024",2024-11-05,509,10,0.0196463654223968,2024–2025 AI Adoption Period
AIG,"American International Group, Inc.",3375448.0,1917592347.0,"American International Group, Inc., Q4 2024 Earnings Call, Feb 12, 2025",2025-02-12,471,6,0.0127388535031847,2024–2025 AI Adoption Period
AIG,"American International Group, Inc.",3437794.0,1936990122.0,"American International Group, Inc., Q1 2025 Earnings Call, May 02, 2025",2025-05-02,502,8,0.0159362549800796,2024–2025 AI Adoption Period
AIG,"American International Group, Inc.",3529172.0,1951480501.0,"American International Group, Inc., Q2 2025 Earnings Call, Aug 07, 2025",2025-08-07,490,14,0.0285714285714285,2024–2025 AI Adoption Period
AIG,"American International Group, Inc.",3592783.0,1964557453.0,"American International Group, Inc., Q3 2025 Earnings Call, Nov 05, 2025",2025-11-05,504,13,0.0257936507936507,2024–2025 AI Adoption Period
AMT,American Tower Corporation,2223415.0,703185521.0,"American Tower Corporation (REIT), Q4 2020 Earnings Call, Feb 25, 2021",2021-02-25,694,0,0.0,2021–2022 Pre-ChatGPT Transition
AMT,American Tower Corporation,2263246.0,710592365.0,"American Tower Corporation (REIT), Q1 2021 Earnings Call, Apr 29, 2021",2021-04-29,613,0,0.0,2021–2022 Pre-ChatGPT Transition
AMT,American Tower Corporation,2354281.0,1672843829.0,"American Tower Corporation (REIT), Q2 2021 Earnings Call, Jul 29, 2021",2021-07-29,567,0,0.0,2021–2022 Pre-ChatGPT Transition
AMT,American Tower Corporation,2415977.0,1684769847.0,"American Tower Corporation (REIT), Q3 2021 Earnings Call, Oct 28, 2021",2021-10-28,601,2,0.0033277870216306,2021–2022 Pre-ChatGPT Transition
AMT,American Tower Corporation,2518468.0,1765630227.0,"American Tower Corporation, Q4 2021 Earnings Call, Feb 24, 2022",2022-02-24,569,1,0.0017574692442882,2021–2022 Pre-ChatGPT Transition
AMT,American Tower Corporation,2544817.0,1777900064.0,"American Tower Corporation, Q1 2022 Earnings Call, Apr 27, 2022",2022-04-27,484,1,0.0020661157024793,2021–2022 Pre-ChatGPT Transition
AMT,American Tower Corporation,2607292.0,1790282983.0,"American Tower Corporation, Q2 2022 Earnings Call, Jul 28, 2022",2022-07-28,506,0,0.0,2021–2022 Pre-ChatGPT Transition
AMT,American Tower Corporation,2665733.0,1803762209.0,"American Tower Corporation, Q3 2022 Earnings Call, Oct 27, 2022",2022-10-27,557,0,0.0,2021–2022 Pre-ChatGPT Transition
AMT,American Tower Corporation,2749287.0,1823059710.0,"American Tower Corporation, Q4 2022 Earnings Call, Feb 23, 2023",2023-02-23,602,0,0.0,2023 Initial GenAI Surge
AMT,American Tower Corporation,2786529.0,1832505969.0,"American Tower Corporation, Q1 2023 Earnings Call, Apr 26, 2023",2023-04-26,536,0,0.0,2023 Initial GenAI Surge
AMT,American Tower Corporation,2872914.0,1846251916.0,"American Tower Corporation, Q2 2023 Earnings Call, Jul 27, 2023",2023-07-27,541,10,0.0184842883548983,2023 Initial GenAI Surge
AMT,American Tower Corporation,2927098.0,1858223369.0,"American Tower Corporation, Q3 2023 Earnings Call, Oct 26, 2023",2023-10-26,581,9,0.0154905335628227,2023 Initial GenAI Surge
AMT,American Tower Corporation,3041118.0,1869096940.0,"American Tower Corporation, Q4 2023 Earnings Call, Feb 27, 2024",2024-02-27,484,8,0.0165289256198347,2024–2025 AI Adoption Period
AMT,American Tower Corporation,3102914.0,1877230149.0,"American Tower Corporation, Q1 2024 Earnings Call, Apr 30, 2024",2024-04-30,578,3,0.0051903114186851,2024–2025 AI Adoption Period
AMT,American Tower Corporation,3203909.0,1885846576.0,"American Tower Corporation, Q2 2024 Earnings Call, Jul 30, 2024",2024-07-30,639,4,0.0062597809076682,2024–2025 AI Adoption Period
AMT,American Tower Corporation,3292150.0,1899173068.0,"American Tower Corporation, Q3 2024 Earnings Call, Oct 29, 2024",2024-10-29,553,8,0.0144665461121157,2024–2025 AI Adoption Period
AMT,American Tower Corporation,3383557.0,1917807000.0,"American Tower Corporation, Q4 2024 Earnings Call, Feb 25, 2025",2025-02-25,499,14,0.0280561122244488,2024–2025 AI Adoption Period
AMT,American Tower Corporation,3428286.0,1937162443.0,"American Tower Corporation, Q1 2025 Earnings Call, Apr 29, 2025",2025-04-29,536,2,0.003731343283582,2024–2025 AI Adoption Period
AMT,American Tower Corporation,3506544.0,1952389332.0,"American Tower Corporation, Q2 2025 Earnings Call, Jul 29, 2025",2025-07-29,493,5,0.0101419878296146,2024–2025 AI Adoption Period
AMT,American Tower Corporation,3578168.0,1962630474.0,"American Tower Corporation, Q3 2025 Earnings Call, Oct 28, 2025",2025-10-28,494,6,0.0121457489878542,2024–2025 AI Adoption Period
AMP,"Ameriprise Financial, Inc.",2252350.0,701262080.0,"Ameriprise Financial, Inc., Q4 2020 Earnings Call, Jan 28, 2021",2021-01-28,552,0,0.0,2021–2022 Pre-ChatGPT Transition
AMP,"Ameriprise Financial, Inc.",2259327.0,710872223.0,"Ameriprise Financial, Inc., Q1 2021 Earnings Call, Apr 27, 2021",2021-04-27,546,0,0.0,2021–2022 Pre-ChatGPT Transition
AMP,"Ameriprise Financial, Inc.",2351651.0,1673718724.0,"Ameriprise Financial, Inc., Q2 2021 Earnings Call, Jul 27, 2021",2021-07-27,497,0,0.0,2021–2022 Pre-ChatGPT Transition
AMP,"Ameriprise Financial, Inc.",2414355.0,1684957166.0,"Ameriprise Financial, Inc., Q3 2021 Earnings Call, Oct 27, 2021",2021-10-27,512,0,0.0,2021–2022 Pre-ChatGPT Transition
AMP,"Ameriprise Financial, Inc.",2482741.0,1764653421.0,"Ameriprise Financial, Inc., Q4 2021 Earnings Call, Jan 27, 2022",2022-01-27,598,2,0.0033444816053511,2021–2022 Pre-ChatGPT Transition
AMP,"Ameriprise Financial, Inc.",2543618.0,1778197302.0,"Ameriprise Financial, Inc., Q1 2022 Earnings Call, Apr 26, 2022",2022-04-26,463,0,0.0,2021–2022 Pre-ChatGPT Transition
AMP,"Ameriprise Financial, Inc.",2605602.0,1791748907.0,"Ameriprise Financial, Inc., Q2 2022 Earnings Call, Jul 27, 2022",2022-07-27,453,0,0.0,2021–2022 Pre-ChatGPT Transition
AMP,"Ameriprise Financial, Inc.",2663612.0,1805076253.0,"Ameriprise Financial, Inc., Q3 2022 Earnings Call, Oct 26, 2022",2022-10-26,547,0,0.0,2021–2022 Pre-ChatGPT Transition
AMP,"Ameriprise Financial, Inc.",2772279.0,1821464215.0,"Ameriprise Financial, Inc., Q4 2022 Earnings Call, Jan 26, 2023",2023-01-26,505,0,0.0,2023 Initial GenAI Surge
AMP,"Ameriprise Financial, Inc.",2785394.0,1833028237.0,"Ameriprise Financial, Inc., Q1 2023 Earnings Call, Apr 25, 2023",2023-04-25,578,0,0.0,2023 Initial GenAI Surge
AMP,"Ameriprise Financial, Inc.",2860356.0,1847830572.0,"Ameriprise Financial, Inc., Q2 2023 Earnings Call, Jul 27, 2023",2023-07-27,529,2,0.0037807183364839,2023 Initial GenAI Surge
AMP,"Ameriprise Financial, Inc.",2927087.0,1858867332.0,"Ameriprise Financial, Inc., Q3 2023 Earnings Call, Oct 26, 2023",2023-10-26,391,0,0.0,2023 Initial GenAI Surge
AMP,"Ameriprise Financial, Inc.",3030342.0,1867974436.0,"Ameriprise Financial, Inc., Q4 2023 Earnings Call, Jan 25, 2024",2024-01-25,452,1,0.0022123893805309,2024–2025 AI Adoption Period
AMP,"Ameriprise Financial, Inc.",3093306.0,1877534472.0,"Ameriprise Financial, Inc., Q1 2024 Earnings Call, Apr 23, 2024",2024-04-23,417,1,0.0023980815347721,2024–2025 AI Adoption Period
AMP,"Ameriprise Financial, Inc.",3253148.0,1887569509.0,"Ameriprise Financial, Inc., Q2 2024 Earnings Call, Jul 25, 2024",2024-07-25,425,1,0.0023529411764705,2024–2025 AI Adoption Period
AMP,"Ameriprise Financial, Inc.",3288229.0,1900257212.0,"Ameriprise Financial, Inc., Q3 2024 Earnings Call, Oct 24, 2024",2024-10-24,541,2,0.0036968576709796,2024–2025 AI Adoption Period
AMP,"Ameriprise Financial, Inc.",3362510.0,1916829937.0,"Ameriprise Financial, Inc., Q4 2024 Earnings Call, Jan 30, 2025",2025-01-30,413,6,0.0145278450363196,2024–2025 AI Adoption Period
AMP,"Ameriprise Financial, Inc.",3424215.0,1938958015.0,"Ameriprise Financial, Inc., Q1 2025 Earnings Call, Apr 24, 2025",2025-04-24,402,0,0.0,2024–2025 AI Adoption Period
AMP,"Ameriprise Financial, Inc.",3503313.0,1952724744.0,"Ameriprise Financial, Inc., Q2 2025 Earnings Call, Jul 24, 2025",2025-07-24,455,4,0.0087912087912087,2024–2025 AI Adoption Period
AMP,"Ameriprise Financial, Inc.",3577902.0,1966321939.0,"Ameriprise Financial, Inc., Q3 2025 Earnings Call, Oct 30, 2025",2025-10-30,475,3,0.0063157894736842,2024–2025 AI Adoption Period
AME,"AMETEK, Inc.",2192247.0,701175807.0,"AMETEK, Inc., Q4 2020 Earnings Call, Feb 04, 2021",2021-02-04,526,0,0.0,2021–2022 Pre-ChatGPT Transition
AME,"AMETEK, Inc.",2268479.0,711307950.0,"AMETEK, Inc., Q1 2021 Earnings Call, May 04, 2021",2021-05-04,460,0,0.0,2021–2022 Pre-ChatGPT Transition
AME,"AMETEK, Inc.",2875128.0,1673913496.0,"AMETEK, Inc., Q2 2021 Earnings Call, Aug 03, 2021",2021-08-03,479,0,0.0,2021–2022 Pre-ChatGPT Transition
AME,"AMETEK, Inc.",2873693.0,1685251794.0,"AMETEK, Inc., Q3 2021 Earnings Call, Nov 02, 2021",2021-11-02,435,0,0.0,2021–2022 Pre-ChatGPT Transition
AME,"AMETEK, Inc.",2483997.0,1764300495.0,"AMETEK, Inc., Q4 2021 Earnings Call, Feb 03, 2022",2022-02-03,463,0,0.0,2021–2022 Pre-ChatGPT Transition
AME,"AMETEK, Inc.",2550890.0,1778168889.0,"AMETEK, Inc., Q1 2022 Earnings Call, May 03, 2022",2022-05-03,350,0,0.0,2021–2022 Pre-ChatGPT Transition
AME,"AMETEK, Inc.",2611925.0,1790833836.0,"AMETEK, Inc., Q2 2022 Earnings Call, Aug 02, 2022",2022-08-02,423,1,0.0023640661938534,2021–2022 Pre-ChatGPT Transition
AME,"AMETEK, Inc.",2670204.0,1804705112.0,"AMETEK, Inc., Q3 2022 Earnings Call, Nov 01, 2022",2022-11-01,452,0,0.0,2021–2022 Pre-ChatGPT Transition
AME,"AMETEK, Inc.",2727621.0,1821946227.0,"AMETEK, Inc., Q4 2022 Earnings Call, Feb 02, 2023",2023-02-02,421,0,0.0,2023 Initial GenAI Surge
AME,"AMETEK, Inc.",2791650.0,1833027225.0,"AMETEK, Inc., Q1 2023 Earnings Call, May 02, 2023",2023-05-02,420,0,0.0,2023 Initial GenAI Surge
AME,"AMETEK, Inc.",2864194.0,1847930612.0,"AMETEK, Inc., Q2 2023 Earnings Call, Aug 01, 2023",2023-08-01,308,2,0.0064935064935064,2023 Initial GenAI Surge
AME,"AMETEK, Inc.",2930997.0,1859153004.0,"AMETEK, Inc., Q3 2023 Earnings Call, Oct 31, 2023",2023-10-31,489,1,0.0020449897750511,2023 Initial GenAI Surge
AME,"AMETEK, Inc.",3013125.0,1868920849.0,"AMETEK, Inc., Q4 2023 Earnings Call, Feb 06, 2024",2024-02-06,579,0,0.0,2024–2025 AI Adoption Period
AME,"AMETEK, Inc.",3106841.0,1878155666.0,"AMETEK, Inc., Q1 2024 Earnings Call, May 02, 2024",2024-05-02,421,0,0.0,2024–2025 AI Adoption Period
AME,"AMETEK, Inc.",3208146.0,1887949610.0,"AMETEK, Inc., Q2 2024 Earnings Call, Aug 01, 2024",2024-08-01,504,1,0.0019841269841269,2024–2025 AI Adoption Period
AME,"AMETEK, Inc.",3295153.0,1900715836.0,"AMETEK, Inc., Q3 2024 Earnings Call, Oct 31, 2024",2024-10-31,493,1,0.0020283975659229,2024–2025 AI Adoption Period
AME,"AMETEK, Inc.",3365339.0,1917028285.0,"AMETEK, Inc., Q4 2024 Earnings Call, Feb 04, 2025",2025-02-04,503,0,0.0,2024–2025 AI Adoption Period
AME,"AMETEK, Inc.",3432710.0,1940013481.0,"AMETEK, Inc., Q1 2025 Earnings Call, May 01, 2025",2025-05-01,572,1,0.0017482517482517,2024–2025 AI Adoption Period
AME,"AMETEK, Inc.",3509940.0,1953396083.0,"AMETEK, Inc., Q2 2025 Earnings Call, Jul 31, 2025",2025-07-31,529,0,0.0,2024–2025 AI Adoption Period
AME,"AMETEK, Inc.",3611053.0,1966015591.0,"AMETEK, Inc., Q3 2025 Earnings Call, Oct 30, 2025",2025-10-30,504,5,0.0099206349206349,2024–2025 AI Adoption Period
APH,Amphenol Corporation,2182538.0,657518240.0,"Amphenol Corporation, Q4 2020 Earnings Call, Jan 27, 2021",2021-01-27,514,0,0.0,2021–2022 Pre-ChatGPT Transition
APH,Amphenol Corporation,2261279.0,710567264.0,"Amphenol Corporation, Q1 2021 Earnings Call, Apr 28, 2021",2021-04-28,470,0,0.0,2021–2022 Pre-ChatGPT Transition
APH,Amphenol Corporation,2353181.0,714674067.0,"Amphenol Corporation, Q2 2021 Earnings Call, Jul 28, 2021",2021-07-28,477,0,0.0,2021–2022 Pre-ChatGPT Transition
APH,Amphenol Corporation,2414527.0,714674129.0,"Amphenol Corporation, Q3 2021 Earnings Call, Oct 27, 2021",2021-10-27,453,0,0.0,2021–2022 Pre-ChatGPT Transition
APH,Amphenol Corporation,2484922.0,1764300666.0,"Amphenol Corporation, Q4 2021 Earnings Call, Jan 26, 2022",2022-01-26,522,0,0.0,2021–2022 Pre-ChatGPT Transition
APH,Amphenol Corporation,2560932.0,1764300681.0,"Amphenol Corporation, Q1 2022 Earnings Call, Apr 27, 2022",2022-04-27,466,0,0.0,2021–2022 Pre-ChatGPT Transition
APH,Amphenol Corporation,2605887.0,1764309066.0,"Amphenol Corporation, Q2 2022 Earnings Call, Jul 27, 2022",2022-07-27,506,0,0.0,2021–2022 Pre-ChatGPT Transition
APH,Amphenol Corporation,2664067.0,1764309173.0,"Amphenol Corporation, Q3 2022 Earnings Call, Oct 26, 2022",2022-10-26,543,0,0.0,2021–2022 Pre-ChatGPT Transition
APH,Amphenol Corporation,2721461.0,1818178319.0,"Amphenol Corporation, Q4 2022 Earnings Call, Jan 25, 2023",2023-01-25,542,0,0.0,2023 Initial GenAI Surge
APH,Amphenol Corporation,2786592.0,1823119125.0,"Amphenol Corporation, Q1 2023 Earnings Call, Apr 26, 2023",2023-04-26,379,4,0.0105540897097625,2023 Initial GenAI Surge
APH,Amphenol Corporation,2859237.0,1823119457.0,"Amphenol Corporation, Q2 2023 Earnings Call, Jul 26, 2023",2023-07-26,388,14,0.0360824742268041,2023 Initial GenAI Surge
APH,Amphenol Corporation,2926014.0,1823120002.0,"Amphenol Corporation, Q3 2023 Earnings Call, Oct 25, 2023",2023-10-25,497,21,0.0422535211267605,2023 Initial GenAI Surge
APH,Amphenol Corporation,3002977.0,1823120189.0,"Amphenol Corporation, Q4 2023 Earnings Call, Jan 24, 2024",2024-01-24,481,29,0.0602910602910602,2024–2025 AI Adoption Period
APH,Amphenol Corporation,3095279.0,1875128831.0,"Amphenol Corporation, Q1 2024 Earnings Call, Apr 24, 2024",2024-04-24,490,21,0.0428571428571428,2024–2025 AI Adoption Period
APH,Amphenol Corporation,3194935.0,1875129113.0,"Amphenol Corporation, Q2 2024 Earnings Call, Jul 24, 2024",2024-07-24,527,27,0.0512333965844402,2024–2025 AI Adoption Period
APH,Amphenol Corporation,3287138.0,1875129315.0,"Amphenol Corporation, Q3 2024 Earnings Call, Oct 23, 2024",2024-10-23,420,17,0.0404761904761904,2024–2025 AI Adoption Period
APH,Amphenol Corporation,3358523.0,1875129476.0,"Amphenol Corporation, Q4 2024 Earnings Call, Jan 22, 2025",2025-01-22,469,34,0.0724946695095948,2024–2025 AI Adoption Period
APH,Amphenol Corporation,3423130.0,1939252722.0,"Amphenol Corporation, Q1 2025 Earnings Call, Apr 23, 2025",2025-04-23,517,23,0.0444874274661508,2024–2025 AI Adoption Period
APH,Amphenol Corporation,3501979.0,1953665425.0,"Amphenol Corporation, Q2 2025 Earnings Call, Jul 23, 2025",2025-07-23,423,20,0.0472813238770685,2024–2025 AI Adoption Period
APH,Amphenol Corporation,3568140.0,1965830962.0,"Amphenol Corporation, Q3 2025 Earnings Call, Oct 22, 2025",2025-10-22,473,17,0.0359408033826638,2024–2025 AI Adoption Period
AMP,Amplifon S.p.A.,2229564.0,693848565.0,"Amplifon S.p.A., 2020 Earnings Call, Mar 03, 2021",2021-03-03,485,0,0.0,2021–2022 Pre-ChatGPT Transition
AMP,Amplifon S.p.A.,2265526.0,693848620.0,"Amplifon S.p.A., Q1 2021 Earnings Call, Apr 29, 2021",2021-04-29,402,0,0.0,2021–2022 Pre-ChatGPT Transition
AMP,Amplifon S.p.A.,2356160.0,693848661.0,"Amplifon S.p.A., H1 2021 Earnings Call, Jul 29, 2021",2021-07-29,397,0,0.0,2021–2022 Pre-ChatGPT Transition
AMP,Amplifon S.p.A.,2415716.0,693848903.0,"Amplifon S.p.A., Q3 2021 Earnings Call, Oct 27, 2021",2021-10-27,366,0,0.0,2021–2022 Pre-ChatGPT Transition
AMP,Amplifon S.p.A.,2528388.0,1772652388.0,"Amplifon S.p.A., 2021 Earnings Call, Mar 03, 2022",2022-03-03,370,0,0.0,2021–2022 Pre-ChatGPT Transition
AMP,Amplifon S.p.A.,2595646.0,1759291472.0,"Amplifon S.p.A., Q1 2022 Earnings Call, May 03, 2022",2022-05-03,220,0,0.0,2021–2022 Pre-ChatGPT Transition
AMP,Amplifon S.p.A.,2608102.0,1759291458.0,"Amplifon S.p.A., H1 2022 Earnings Call, Jul 28, 2022",2022-07-28,310,0,0.0,2021–2022 Pre-ChatGPT Transition
AMP,Amplifon S.p.A.,2663998.0,1759291516.0,"Amplifon S.p.A., Q3 2022 Earnings Call, Oct 26, 2022",2022-10-26,448,0,0.0,2021–2022 Pre-ChatGPT Transition
AMP,Amplifon S.p.A.,2756112.0,1806107576.0,"Amplifon S.p.A., 2022 Earnings Call, Mar 01, 2023",2023-03-01,405,0,0.0,2023 Initial GenAI Surge
AMP,Amplifon S.p.A.,2791959.0,1806107727.0,"Amplifon S.p.A., Q1 2023 Earnings Call, May 02, 2023",2023-05-02,380,0,0.0,2023 Initial GenAI Surge
AMP,Amplifon S.p.A.,2861472.0,1806107750.0,"Amplifon S.p.A., H1 2023 Earnings Call, Jul 27, 2023",2023-07-27,428,0,0.0,2023 Initial GenAI Surge
AMP,Amplifon S.p.A.,2929962.0,1806107780.0,"Amplifon S.p.A., Nine Months 2023 Earnings Call, Oct 30, 2023",2023-10-30,394,0,0.0,2023 Initial GenAI Surge
AMP,Amplifon S.p.A.,3517718.0,1860466841.0,"Amplifon S.p.A., 2023 Earnings Call, Mar 07, 2024",2024-03-07,410,0,0.0,2024–2025 AI Adoption Period
AMP,Amplifon S.p.A.,3110826.0,1860467230.0,"Amplifon S.p.A., Q1 2024 Earnings Call, May 06, 2024",2024-05-06,365,0,0.0,2024–2025 AI Adoption Period
AMP,Amplifon S.p.A.,3204232.0,1887547567.0,"Amplifon S.p.A., Q2 2024 Earnings Call, Jul 30, 2024",2024-07-30,425,0,0.0,2024–2025 AI Adoption Period
AMP,Amplifon S.p.A.,3312970.0,1860467712.0,"Amplifon S.p.A., Nine Months 2024 Earnings Call, Oct 30, 2024",2024-10-30,422,1,0.0023696682464454,2024–2025 AI Adoption Period
AMP,Amplifon S.p.A.,3399799.0,1933767862.0,"Amplifon S.p.A., Q4 2024 Earnings Call, Mar 06, 2025",2025-03-06,396,0,0.0,2024–2025 AI Adoption Period
AMP,Amplifon S.p.A.,3511694.0,1943846374.0,"Amplifon S.p.A., Q1 2025 Earnings Call, May 06, 2025",2025-05-06,356,1,0.0028089887640449,2024–2025 AI Adoption Period
AMP,Amplifon S.p.A.,3506927.0,1954813359.0,"Amplifon S.p.A., H1 2025 Earnings Call, Jul 29, 2025",2025-07-29,437,0,0.0,2024–2025 AI Adoption Period
AMP,Amplifon S.p.A.,3571583.0,1967768628.0,"Amplifon S.p.A., Q3 2025 Earnings Call, Oct 29, 2025",2025-10-29,402,0,0.0,2024–2025 AI Adoption Period
ADI,"Analog Devices, Inc.",2248202.0,701921775.0,"Analog Devices, Inc., Q1 2021 Earnings Call, Feb 17, 2021",2021-02-17,368,0,0.0,2021–2022 Pre-ChatGPT Transition
ADI,"Analog Devices, Inc.",2292521.0,712333430.0,"Analog Devices, Inc., Q2 2021 Earnings Call, May 19, 2021",2021-05-19,373,0,0.0,2021–2022 Pre-ChatGPT Transition
ADI,"Analog Devices, Inc.",2381521.0,1675608330.0,"Analog Devices, Inc., Q3 2021 Earnings Call, Aug 18, 2021",2021-08-18,337,0,0.0,2021–2022 Pre-ChatGPT Transition
ADI,"Analog Devices, Inc.",2447618.0,1686331219.0,"Analog Devices, Inc., Q4 2021 Earnings Call, Nov 23, 2021",2021-11-23,381,1,0.0026246719160104,2021–2022 Pre-ChatGPT Transition
ADI,"Analog Devices, Inc.",2495930.0,1765630212.0,"Analog Devices, Inc., Q1 2022 Earnings Call, Feb 16, 2022",2022-02-16,374,1,0.0026737967914438,2021–2022 Pre-ChatGPT Transition
ADI,"Analog Devices, Inc.",2572988.0,1780684499.0,"Analog Devices, Inc., Q2 2022 Earnings Call, May 18, 2022",2022-05-18,351,0,0.0,2021–2022 Pre-ChatGPT Transition
ADI,"Analog Devices, Inc.",2633676.0,1793404359.0,"Analog Devices, Inc., Q3 2022 Earnings Call, Aug 17, 2022",2022-08-17,339,0,0.0,2021–2022 Pre-ChatGPT Transition
ADI,"Analog Devices, Inc.",2695951.0,1806127044.0,"Analog Devices, Inc., Q4 2022 Earnings Call, Nov 22, 2022",2022-11-22,368,0,0.0,2021–2022 Pre-ChatGPT Transition
ADI,"Analog Devices, Inc.",2738605.0,1823309677.0,"Analog Devices, Inc., Q1 2023 Earnings Call, Feb 15, 2023",2023-02-15,351,1,0.0028490028490028,2023 Initial GenAI Surge
ADI,"Analog Devices, Inc.",2820331.0,1835180531.0,"Analog Devices, Inc., Q2 2023 Earnings Call, May 24, 2023",2023-05-24,391,0,0.0,2023 Initial GenAI Surge
ADI,"Analog Devices, Inc.",2891737.0,1849228857.0,"Analog Devices, Inc., Q3 2023 Earnings Call, Aug 23, 2023",2023-08-23,391,1,0.0025575447570332,2023 Initial GenAI Surge
ADI,"Analog Devices, Inc.",2963037.0,1859868828.0,"Analog Devices, Inc., Q4 2023 Earnings Call, Nov 21, 2023",2023-11-21,374,3,0.0080213903743315,2023 Initial GenAI Surge
ADI,"Analog Devices, Inc.",3031883.0,1870208002.0,"Analog Devices, Inc., Q1 2024 Earnings Call, Feb 21, 2024",2024-02-21,341,13,0.0381231671554252,2024–2025 AI Adoption Period
ADI,"Analog Devices, Inc.",3138370.0,1879011997.0,"Analog Devices, Inc., Q2 2024 Earnings Call, May 22, 2024",2024-05-22,334,19,0.0568862275449101,2024–2025 AI Adoption Period
ADI,"Analog Devices, Inc.",3237847.0,1888761643.0,"Analog Devices, Inc., Q3 2024 Earnings Call, Aug 21, 2024",2024-08-21,303,3,0.0099009900990099,2024–2025 AI Adoption Period
ADI,"Analog Devices, Inc.",3318940.0,1901584030.0,"Analog Devices, Inc., Q4 2024 Earnings Call, Nov 26, 2024",2024-11-26,344,9,0.0261627906976744,2024–2025 AI Adoption Period
ADI,"Analog Devices, Inc.",3377898.0,1917961517.0,"Analog Devices, Inc., Q1 2025 Earnings Call, Feb 19, 2025",2025-02-19,291,7,0.0240549828178694,2024–2025 AI Adoption Period
ADI,"Analog Devices, Inc.",3465588.0,1940762365.0,"Analog Devices, Inc., Q2 2025 Earnings Call, May 22, 2025",2025-05-22,346,9,0.0260115606936416,2024–2025 AI Adoption Period
ADI,"Analog Devices, Inc.",3531785.0,1954505763.0,"Analog Devices, Inc., Q3 2025 Earnings Call, Aug 20, 2025",2025-08-20,308,7,0.0227272727272727,2024–2025 AI Adoption Period
ADI,"Analog Devices, Inc.",3605925.0,1967250866.0,"Analog Devices, Inc., Q4 2025 Earnings Call, Nov 25, 2025",2025-11-25,334,13,0.0389221556886227,2024–2025 AI Adoption Period
AON,Aon plc,2237365.0,700658413.0,"Aon Plc, Q4 2020 Earnings Call, Feb 05, 2021",2021-02-05,420,0,0.0,2021–2022 Pre-ChatGPT Transition
AON,Aon plc,2264900.0,710900661.0,"Aon plc, Q1 2021 Earnings Call, Apr 30, 2021",2021-04-30,404,0,0.0,2021–2022 Pre-ChatGPT Transition
AON,Aon plc,2384270.0,1673557552.0,"Aon plc, Q2 2021 Earnings Call, Jul 30, 2021",2021-07-30,487,0,0.0,2021–2022 Pre-ChatGPT Transition
AON,Aon plc,2445425.0,1684768416.0,"Aon plc, Q3 2021 Earnings Call, Oct 29, 2021",2021-10-29,383,0,0.0,2021–2022 Pre-ChatGPT Transition
AON,Aon plc,2485391.0,1763642837.0,"Aon plc, Q4 2021 Earnings Call, Feb 04, 2022",2022-02-04,325,0,0.0,2021–2022 Pre-ChatGPT Transition
AON,Aon plc,2558144.0,1777573739.0,"Aon plc, Q1 2022 Earnings Call, Apr 29, 2022",2022-04-29,293,0,0.0,2021–2022 Pre-ChatGPT Transition
AON,Aon plc,2609429.0,1790283374.0,"Aon plc, Q2 2022 Earnings Call, Jul 29, 2022",2022-07-29,380,0,0.0,2021–2022 Pre-ChatGPT Transition
AON,Aon plc,2668043.0,1803898236.0,"Aon plc, Q3 2022 Earnings Call, Oct 28, 2022",2022-10-28,408,0,0.0,2021–2022 Pre-ChatGPT Transition
AON,Aon plc,2728926.0,1821249805.0,"Aon plc, Q4 2022 Earnings Call, Feb 03, 2023",2023-02-03,526,5,0.0095057034220532,2023 Initial GenAI Surge
AON,Aon plc,2991645.0,1832505955.0,"Aon plc, Q1 2023 Earnings Call, Apr 28, 2023",2023-04-28,485,0,0.0,2023 Initial GenAI Surge
AON,Aon plc,2862002.0,1847302479.0,"Aon plc, Q2 2023 Earnings Call, Jul 28, 2023",2023-07-28,509,11,0.0216110019646365,2023 Initial GenAI Surge
AON,Aon plc,2928817.0,1858321118.0,"Aon plc, Q3 2023 Earnings Call, Oct 27, 2023",2023-10-27,438,3,0.0068493150684931,2023 Initial GenAI Surge
AON,Aon plc,3010758.0,1868315043.0,"Aon plc, Q4 2023 Earnings Call, Feb 02, 2024",2024-02-02,487,1,0.002053388090349,2024–2025 AI Adoption Period
AON,Aon plc,3284055.0,1877970262.0,"Aon plc, Q1 2024 Earnings Call, Apr 26, 2024",2024-04-26,379,0,0.0,2024–2025 AI Adoption Period
AON,Aon plc,3197842.0,1888024684.0,"Aon plc, Q2 2024 Earnings Call, Jul 26, 2024",2024-07-26,568,1,0.0017605633802816,2024–2025 AI Adoption Period
AON,Aon plc,3289350.0,1900501957.0,"Aon plc, Q3 2024 Earnings Call, Oct 25, 2024",2024-10-25,512,1,0.001953125,2024–2025 AI Adoption Period
AON,Aon plc,3363724.0,1916296346.0,"Aon plc, Q4 2024 Earnings Call, Jan 31, 2025",2025-01-31,510,0,0.0,2024–2025 AI Adoption Period
AON,Aon plc,3425732.0,1939322263.0,"Aon plc, Q1 2025 Earnings Call, Apr 25, 2025",2025-04-25,608,1,0.0016447368421052,2024–2025 AI Adoption Period
AON,Aon plc,3504506.0,1953150401.0,"Aon plc, Q2 2025 Earnings Call, Jul 25, 2025",2025-07-25,597,6,0.0100502512562814,2024–2025 AI Adoption Period
AON,Aon plc,3583321.0,1965655039.0,"Aon plc, Q3 2025 Earnings Call, Oct 31, 2025",2025-10-31,578,2,0.0034602076124567,2024–2025 AI Adoption Period
AOS,A. O. Smith Corporation,2237542.0,700244052.0,"A. O. Smith Corporation, Q4 2020 Earnings Call, Jan 28, 2021",2021-01-28,561,0,0.0,2021–2022 Pre-ChatGPT Transition
AOS,A. O. Smith Corporation,2263271.0,710367487.0,"A. O. Smith Corporation, Q1 2021 Earnings Call, Apr 29, 2021",2021-04-29,471,0,0.0,2021–2022 Pre-ChatGPT Transition
AOS,A. O. Smith Corporation,2384996.0,1672668201.0,"A. O. Smith Corporation, Q2 2021 Earnings Call, Jul 29, 2021",2021-07-29,441,0,0.0,2021–2022 Pre-ChatGPT Transition
AOS,A. O. Smith Corporation,3065088.0,1683586397.0,"A. O. Smith Corporation, Q3 2021 Earnings Call, Oct 28, 2021",2021-10-28,459,0,0.0,2021–2022 Pre-ChatGPT Transition
AOS,A. O. Smith Corporation,2478835.0,1763646370.0,"A. O. Smith Corporation, Q4 2021 Earnings Call, Jan 27, 2022",2022-01-27,582,0,0.0,2021–2022 Pre-ChatGPT Transition
AOS,A. O. Smith Corporation,2546811.0,1776979884.0,"A. O. Smith Corporation, Q1 2022 Earnings Call, Apr 28, 2022",2022-04-28,473,0,0.0,2021–2022 Pre-ChatGPT Transition
AOS,A. O. Smith Corporation,2607347.0,1789102575.0,"A. O. Smith Corporation, Q2 2022 Earnings Call, Jul 28, 2022",2022-07-28,498,0,0.0,2021–2022 Pre-ChatGPT Transition
AOS,A. O. Smith Corporation,2665530.0,1802948621.0,"A. O. Smith Corporation, Q3 2022 Earnings Call, Oct 27, 2022",2022-10-27,479,0,0.0,2021–2022 Pre-ChatGPT Transition
AOS,A. O. Smith Corporation,2730246.0,1820589022.0,"A. O. Smith Corporation, Q4 2022 Earnings Call, Jan 31, 2023",2023-01-31,462,0,0.0,2023 Initial GenAI Surge
AOS,A. O. Smith Corporation,2788625.0,1831661120.0,"A. O. Smith Corporation, Q1 2023 Earnings Call, Apr 27, 2023",2023-04-27,404,0,0.0,2023 Initial GenAI Surge
AOS,A. O. Smith Corporation,2889433.0,1847742028.0,"A. O. Smith Corporation, Q2 2023 Earnings Call, Jul 27, 2023",2023-07-27,399,0,0.0,2023 Initial GenAI Surge
AOS,A. O. Smith Corporation,3013515.0,1857474253.0,"A. O. Smith Corporation, Q3 2023 Earnings Call, Oct 26, 2023",2023-10-26,379,0,0.0,2023 Initial GenAI Surge
AOS,A. O. Smith Corporation,3006905.0,1867141324.0,"A. O. Smith Corporation, Q4 2023 Earnings Call, Jan 30, 2024",2024-01-30,420,1,0.0023809523809523,2024–2025 AI Adoption Period
AOS,A. O. Smith Corporation,3096917.0,1877118879.0,"A. O. Smith Corporation, Q1 2024 Earnings Call, Apr 25, 2024",2024-04-25,448,1,0.0022321428571428,2024–2025 AI Adoption Period
AOS,A. O. Smith Corporation,3192817.0,1886484114.0,"A. O. Smith Corporation, Q2 2024 Earnings Call, Jul 23, 2024",2024-07-23,432,0,0.0,2024–2025 AI Adoption Period
AOS,A. O. Smith Corporation,3286259.0,1899328763.0,"A. O. Smith Corporation, Q3 2024 Earnings Call, Oct 22, 2024",2024-10-22,530,0,0.0,2024–2025 AI Adoption Period
AOS,A. O. Smith Corporation,3362634.0,1914913227.0,"A. O. Smith Corporation, Q4 2024 Earnings Call, Jan 30, 2025",2025-01-30,604,0,0.0,2024–2025 AI Adoption Period
AOS,A. O. Smith Corporation,3428118.0,1937298030.0,"A. O. Smith Corporation, Q1 2025 Earnings Call, Apr 29, 2025",2025-04-29,433,0,0.0,2024–2025 AI Adoption Period
AOS,A. O. Smith Corporation,3540067.0,1951585196.0,"A. O. Smith Corporation, Q2 2025 Earnings Call, Jul 24, 2025",2025-07-24,554,0,0.0,2024–2025 AI Adoption Period
AOS,A. O. Smith Corporation,3569730.0,1962909938.0,"A. O. Smith Corporation, Q3 2025 Earnings Call, Oct 28, 2025",2025-10-28,380,2,0.0052631578947368,2024–2025 AI Adoption Period
APA,APA Corporation,2223962.0,701923451.0,"Apache Corporation, Q4 2020 Earnings Call, Feb 25, 2021",2021-02-25,545,0,0.0,2021–2022 Pre-ChatGPT Transition
APA,APA Corporation,2324721.0,711474359.0,"APA Corporation, Q1 2021 Earnings Call, May 06, 2021",2021-05-06,542,0,0.0,2021–2022 Pre-ChatGPT Transition
APA,APA Corporation,2364994.0,1674490186.0,"APA Corporation, Q2 2021 Earnings Call, Aug 05, 2021",2021-08-05,482,0,0.0,2021–2022 Pre-ChatGPT Transition
APA,APA Corporation,2461192.0,1685253382.0,"APA Corporation, Q3 2021 Earnings Call, Nov 04, 2021",2021-11-04,561,0,0.0,2021–2022 Pre-ChatGPT Transition
APA,APA Corporation,2511921.0,1766003914.0,"APA Corporation, Q4 2021 Earnings Call, Feb 22, 2022",2022-02-22,579,0,0.0,2021–2022 Pre-ChatGPT Transition
APA,APA Corporation,2554950.0,1779788826.0,"APA Corporation, Q1 2022 Earnings Call, May 05, 2022",2022-05-05,526,0,0.0,2021–2022 Pre-ChatGPT Transition
APA,APA Corporation,2616039.0,1792234617.0,"APA Corporation, Q2 2022 Earnings Call, Aug 04, 2022",2022-08-04,441,0,0.0,2021–2022 Pre-ChatGPT Transition
APA,APA Corporation,2675185.0,1802945121.0,"APA Corporation, Q3 2022 Earnings Call, Nov 03, 2022",2022-11-03,409,2,0.0048899755501222,2021–2022 Pre-ChatGPT Transition
APA,APA Corporation,2750068.0,1822207264.0,"APA Corporation, Q4 2022 Earnings Call, Feb 23, 2023",2023-02-23,487,0,0.0,2023 Initial GenAI Surge
APA,APA Corporation,3554611.0,1832338591.0,"APA Corporation, Q1 2023 Earnings Call, May 04, 2023",2023-05-04,512,0,0.0,2023 Initial GenAI Surge
APA,APA Corporation,2868944.0,1847529727.0,"APA Corporation, Q2 2023 Earnings Call, Aug 03, 2023",2023-08-03,440,0,0.0,2023 Initial GenAI Surge
APA,APA Corporation,2934166.0,1858224182.0,"APA Corporation, Q3 2023 Earnings Call, Nov 02, 2023",2023-11-02,341,0,0.0,2023 Initial GenAI Surge
APA,APA Corporation,3034086.0,1869217941.0,"APA Corporation, Q4 2023 Earnings Call, Feb 22, 2024",2024-02-22,424,0,0.0,2024–2025 AI Adoption Period
APA,APA Corporation,3107390.0,1877728993.0,"APA Corporation, Q1 2024 Earnings Call, May 02, 2024",2024-05-02,405,0,0.0,2024–2025 AI Adoption Period
APA,APA Corporation,3208839.0,1887718537.0,"APA Corporation, Q2 2024 Earnings Call, Aug 01, 2024",2024-08-01,478,0,0.0,2024–2025 AI Adoption Period
APA,APA Corporation,3302618.0,1900295448.0,"APA Corporation, Q3 2024 Earnings Call, Nov 07, 2024",2024-11-07,537,1,0.0018621973929236,2024–2025 AI Adoption Period
APA,APA Corporation,3386902.0,1917808685.0,"APA Corporation, Q4 2024 Earnings Call, Feb 27, 2025",2025-02-27,514,0,0.0,2024–2025 AI Adoption Period
APA,APA Corporation,3446781.0,1938637795.0,"APA Corporation, Q1 2025 Earnings Call, May 08, 2025",2025-05-08,445,0,0.0,2024–2025 AI Adoption Period
APA,APA Corporation,3519542.0,1952866191.0,"APA Corporation, Q2 2025 Earnings Call, Aug 07, 2025",2025-08-07,550,1,0.0018181818181818,2024–2025 AI Adoption Period
APA,APA Corporation,3601391.0,1964401430.0,"APA Corporation, Q3 2025 Earnings Call, Nov 06, 2025",2025-11-06,524,0,0.0,2024–2025 AI Adoption Period
APO,"Apollo Global Management, Inc.",2244099.0,700831724.0,"Apollo Global Management, Inc., Q4 2020 Earnings Call, Feb 03, 2021",2021-02-03,498,0,0.0,2021–2022 Pre-ChatGPT Transition
APO,"Apollo Global Management, Inc.",2295388.0,711122957.0,"Apollo Global Management, Inc., Q1 2021 Earnings Call, May 04, 2021",2021-05-04,607,0,0.0,2021–2022 Pre-ChatGPT Transition
APO,"Apollo Global Management, Inc.",2362600.0,1673259195.0,"Apollo Global Management, Inc., Q2 2021 Earnings Call, Aug 04, 2021",2021-08-04,467,0,0.0,2021–2022 Pre-ChatGPT Transition
APO,"Apollo Global Management, Inc.",2449175.0,1684344168.0,"Apollo Global Management, Inc., Q3 2021 Earnings Call, Nov 02, 2021",2021-11-02,312,0,0.0,2021–2022 Pre-ChatGPT Transition
APO,"Apollo Global Management, Inc.",2492006.0,1764298297.0,"Apollo Global Management, Inc., Q4 2021 Earnings Call, Feb 11, 2022",2022-02-11,518,0,0.0,2021–2022 Pre-ChatGPT Transition
APO,"Apollo Global Management, Inc.",2589400.0,1777099626.0,"Apollo Global Management, Inc., Q1 2022 Earnings Call, May 05, 2022",2022-05-05,492,0,0.0,2021–2022 Pre-ChatGPT Transition
APO,"Apollo Global Management, Inc.",2616227.0,1790528641.0,"Apollo Global Management, Inc., Q2 2022 Earnings Call, Aug 04, 2022",2022-08-04,440,0,0.0,2021–2022 Pre-ChatGPT Transition
APO,"Apollo Global Management, Inc.",2672094.0,1802281243.0,"Apollo Global Management, Inc., Q3 2022 Earnings Call, Nov 02, 2022",2022-11-02,498,0,0.0,2021–2022 Pre-ChatGPT Transition
APO,"Apollo Global Management, Inc.",2733289.0,1820840735.0,"Apollo Global Management, Inc., Q4 2022 Earnings Call, Feb 09, 2023",2023-02-09,591,0,0.0,2023 Initial GenAI Surge
APO,"Apollo Global Management, Inc.",2799073.0,1832349104.0,"Apollo Global Management, Inc., Q1 2023 Earnings Call, May 09, 2023",2023-05-09,582,0,0.0,2023 Initial GenAI Surge
APO,"Apollo Global Management, Inc.",3123464.0,1846234744.0,"Apollo Global Management, Inc., Q2 2023 Earnings Call, Aug 03, 2023",2023-08-03,425,0,0.0,2023 Initial GenAI Surge
APO,"Apollo Global Management, Inc.",3018912.0,1857473429.0,"Apollo Global Management, Inc., Q3 2023 Earnings Call, Nov 01, 2023",2023-11-01,528,0,0.0,2023 Initial GenAI Surge
APO,"Apollo Global Management, Inc.",3016646.0,1867414758.0,"Apollo Global Management, Inc., Q4 2023 Earnings Call, Feb 08, 2024",2024-02-08,500,1,0.002,2024–2025 AI Adoption Period
APO,"Apollo Global Management, Inc.",3107493.0,1875989696.0,"Apollo Global Management, Inc., Q1 2024 Earnings Call, May 02, 2024",2024-05-02,474,0,0.0,2024–2025 AI Adoption Period
APO,"Apollo Global Management, Inc.",3208070.0,1885961989.0,"Apollo Global Management, Inc., Q2 2024 Earnings Call, Aug 01, 2024",2024-08-01,504,2,0.0039682539682539,2024–2025 AI Adoption Period
APO,"Apollo Global Management, Inc.",3350310.0,1899972558.0,"Apollo Global Management, Inc., Q3 2024 Earnings Call, Nov 05, 2024",2024-11-05,483,0,0.0,2024–2025 AI Adoption Period
APO,"Apollo Global Management, Inc.",3365347.0,1914753962.0,"Apollo Global Management, Inc., Q4 2024 Earnings Call, Feb 04, 2025",2025-02-04,530,1,0.0018867924528301,2024–2025 AI Adoption Period
APO,"Apollo Global Management, Inc.",3437210.0,1937295256.0,"Apollo Global Management, Inc., Q1 2025 Earnings Call, May 02, 2025",2025-05-02,519,0,0.0,2024–2025 AI Adoption Period
APO,"Apollo Global Management, Inc.",3515029.0,1951023236.0,"Apollo Global Management, Inc., Q2 2025 Earnings Call, Aug 05, 2025",2025-08-05,639,1,0.001564945226917,2024–2025 AI Adoption Period
APO,"Apollo Global Management, Inc.",3626396.0,1962908618.0,"Apollo Global Management, Inc., Q3 2025 Earnings Call, Nov 04, 2025",2025-11-04,601,2,0.0033277870216306,2024–2025 AI Adoption Period
AAPL,Apple Inc.,2183036.0,700311275.0,"Apple Inc., Q1 2021 Earnings Call, Jan 27, 2021",2021-01-27,441,1,0.0022675736961451,2021–2022 Pre-ChatGPT Transition
AAPL,Apple Inc.,2261739.0,710815766.0,"Apple Inc., Q2 2021 Earnings Call, Apr 28, 2021",2021-04-28,461,0,0.0,2021–2022 Pre-ChatGPT Transition
AAPL,Apple Inc.,3405186.0,1674148965.0,"Apple Inc., Q3 2021 Earnings Call, Jul 27, 2021",2021-07-27,444,0,0.0,2021–2022 Pre-ChatGPT Transition
AAPL,Apple Inc.,2416898.0,1686099611.0,"Apple Inc., Q4 2021 Earnings Call, Oct 28, 2021",2021-10-28,471,0,0.0,2021–2022 Pre-ChatGPT Transition
AAPL,Apple Inc.,2484943.0,1763301657.0,"Apple Inc., Q1 2022 Earnings Call, Jan 27, 2022",2022-01-27,425,0,0.0,2021–2022 Pre-ChatGPT Transition
AAPL,Apple Inc.,2547569.0,1776595438.0,"Apple Inc., Q2 2022 Earnings Call, Apr 28, 2022",2022-04-28,444,0,0.0,2021–2022 Pre-ChatGPT Transition
AAPL,Apple Inc.,2608355.0,1789121805.0,"Apple Inc., Q3 2022 Earnings Call, Jul 28, 2022",2022-07-28,445,0,0.0,2021–2022 Pre-ChatGPT Transition
AAPL,Apple Inc.,2666629.0,1802649714.0,"Apple Inc., Q4 2022 Earnings Call, Oct 27, 2022",2022-10-27,447,0,0.0,2021–2022 Pre-ChatGPT Transition
AAPL,Apple Inc.,2728260.0,1820781947.0,"Apple Inc., Q1 2023 Earnings Call, Feb 02, 2023",2023-02-02,455,1,0.0021978021978021,2023 Initial GenAI Surge
AAPL,Apple Inc.,2795186.0,1833573391.0,"Apple Inc., Q2 2023 Earnings Call, May 04, 2023",2023-05-04,464,4,0.0086206896551724,2023 Initial GenAI Surge
AAPL,Apple Inc.,2869783.0,1847262904.0,"Apple Inc., Q3 2023 Earnings Call, Aug 03, 2023",2023-08-03,459,5,0.0108932461873638,2023 Initial GenAI Surge
AAPL,Apple Inc.,2948177.0,1858313763.0,"Apple Inc., Q4 2023 Earnings Call, Nov 02, 2023",2023-11-02,464,8,0.0172413793103448,2023 Initial GenAI Surge
AAPL,Apple Inc.,3010150.0,1867673562.0,"Apple Inc., Q1 2024 Earnings Call, Feb 01, 2024",2024-02-01,398,10,0.0251256281407035,2024–2025 AI Adoption Period
AAPL,Apple Inc.,3108090.0,1877331859.0,"Apple Inc., Q2 2024 Earnings Call, May 02, 2024",2024-05-02,454,17,0.0374449339207048,2024–2025 AI Adoption Period
AAPL,Apple Inc.,3209490.0,1887032828.0,"Apple Inc., Q3 2024 Earnings Call, Aug 01, 2024",2024-08-01,433,14,0.0323325635103926,2024–2025 AI Adoption Period
AAPL,Apple Inc.,3295872.0,1899664977.0,"Apple Inc., Q4 2024 Earnings Call, Oct 31, 2024",2024-10-31,421,9,0.0213776722090261,2024–2025 AI Adoption Period
AAPL,Apple Inc.,3364440.0,1915041842.0,"Apple Inc., Q1 2025 Earnings Call, Jan 30, 2025",2025-01-30,424,8,0.0188679245283018,2024–2025 AI Adoption Period
AAPL,Apple Inc.,3434465.0,1938224895.0,"Apple Inc., Q2 2025 Earnings Call, May 01, 2025",2025-05-01,436,17,0.0389908256880734,2024–2025 AI Adoption Period
AAPL,Apple Inc.,3511233.0,1952828274.0,"Apple Inc., Q3 2025 Earnings Call, Jul 31, 2025",2025-07-31,455,28,0.0615384615384615,2024–2025 AI Adoption Period
AAPL,Apple Inc.,3580091.0,1963040192.0,"Apple Inc., Q4 2025 Earnings Call, Oct 30, 2025",2025-10-30,449,22,0.0489977728285077,2024–2025 AI Adoption Period
AMAT,"Applied Materials, Inc.",2216201.0,703427569.0,"Applied Materials, Inc., Q1 2021 Earnings Call, Feb 18, 2021",2021-02-18,513,1,0.0019493177387914,2021–2022 Pre-ChatGPT Transition
AMAT,"Applied Materials, Inc.",2294478.0,713965557.0,"Applied Materials, Inc., Q2 2021 Earnings Call, May 20, 2021",2021-05-20,534,8,0.0149812734082397,2021–2022 Pre-ChatGPT Transition
AMAT,"Applied Materials, Inc.",2382802.0,1676412315.0,"Applied Materials, Inc., Q3 2021 Earnings Call, Aug 19, 2021",2021-08-19,476,4,0.0084033613445378,2021–2022 Pre-ChatGPT Transition
AMAT,"Applied Materials, Inc.",2444786.0,1687155367.0,"Applied Materials, Inc., Q4 2021 Earnings Call, Nov 18, 2021",2021-11-18,585,7,0.0119658119658119,2021–2022 Pre-ChatGPT Transition
AMAT,"Applied Materials, Inc.",2496518.0,1763149569.0,"Applied Materials, Inc., Q1 2022 Earnings Call, Feb 16, 2022",2022-02-16,553,3,0.0054249547920434,2021–2022 Pre-ChatGPT Transition
AMAT,"Applied Materials, Inc.",2574632.0,1763149599.0,"Applied Materials, Inc., Q2 2022 Earnings Call, May 19, 2022",2022-05-19,567,0,0.0,2021–2022 Pre-ChatGPT Transition
AMAT,"Applied Materials, Inc.",2634890.0,1763149603.0,"Applied Materials, Inc., Q3 2022 Earnings Call, Aug 18, 2022",2022-08-18,497,0,0.0,2021–2022 Pre-ChatGPT Transition
AMAT,"Applied Materials, Inc.",2713385.0,1763149642.0,"Applied Materials, Inc., Q4 2022 Earnings Call, Nov 17, 2022",2022-11-17,535,0,0.0,2021–2022 Pre-ChatGPT Transition
AMAT,"Applied Materials, Inc.",2740668.0,1817440983.0,"Applied Materials, Inc., Q1 2023 Earnings Call, Feb 16, 2023",2023-02-16,512,1,0.001953125,2023 Initial GenAI Surge
AMAT,"Applied Materials, Inc.",2813008.0,1817441031.0,"Applied Materials, Inc., Q2 2023 Earnings Call, May 18, 2023",2023-05-18,533,0,0.0,2023 Initial GenAI Surge
AMAT,"Applied Materials, Inc.",3082418.0,1817441058.0,"Applied Materials, Inc., Q3 2023 Earnings Call, Aug 17, 2023",2023-08-17,482,15,0.0311203319502074,2023 Initial GenAI Surge
AMAT,"Applied Materials, Inc.",3061909.0,1817441089.0,"Applied Materials, Inc., Q4 2023 Earnings Call, Nov 16, 2023",2023-11-16,490,10,0.0204081632653061,2023 Initial GenAI Surge
AMAT,"Applied Materials, Inc.",3026197.0,1869159465.0,"Applied Materials, Inc., Q1 2024 Earnings Call, Feb 15, 2024",2024-02-15,528,13,0.0246212121212121,2024–2025 AI Adoption Period
AMAT,"Applied Materials, Inc.",3280476.0,1869159491.0,"Applied Materials, Inc., Q2 2024 Earnings Call, May 16, 2024",2024-05-16,481,16,0.0332640332640332,2024–2025 AI Adoption Period
AMAT,"Applied Materials, Inc.",3231190.0,1869159507.0,"Applied Materials, Inc., Q3 2024 Earnings Call, Aug 15, 2024",2024-08-15,480,26,0.0541666666666666,2024–2025 AI Adoption Period
AMAT,"Applied Materials, Inc.",3311654.0,1869159574.0,"Applied Materials, Inc., Q4 2024 Earnings Call, Nov 14, 2024",2024-11-14,434,11,0.0253456221198156,2024–2025 AI Adoption Period
AMAT,"Applied Materials, Inc.",3374141.0,1917920924.0,"Applied Materials, Inc., Q1 2025 Earnings Call, Feb 13, 2025",2025-02-13,461,13,0.0281995661605206,2024–2025 AI Adoption Period
AMAT,"Applied Materials, Inc.",3467614.0,1940710547.0,"Applied Materials, Inc., Q2 2025 Earnings Call, May 15, 2025",2025-05-15,496,17,0.034274193548387,2024–2025 AI Adoption Period
AMAT,"Applied Materials, Inc.",3562082.0,1954475503.0,"Applied Materials, Inc., Q3 2025 Earnings Call, Aug 14, 2025",2025-08-14,479,14,0.0292275574112734,2024–2025 AI Adoption Period
AMAT,"Applied Materials, Inc.",3592976.0,1968054163.0,"Applied Materials, Inc., Q4 2025 Earnings Call, Nov 13, 2025",2025-11-13,545,27,0.0495412844036697,2024–2025 AI Adoption Period
APTV,Aptiv PLC,2244106.0,701071986.0,"Aptiv PLC, Q4 2020 Earnings Call, Feb 03, 2021",2021-02-03,430,0,0.0,2021–2022 Pre-ChatGPT Transition
APTV,Aptiv PLC,2272525.0,710741177.0,"Aptiv PLC, Q1 2021 Earnings Call, May 06, 2021",2021-05-06,457,0,0.0,2021–2022 Pre-ChatGPT Transition
APTV,Aptiv PLC,2364505.0,1673558426.0,"Aptiv PLC, Q2 2021 Earnings Call, Aug 05, 2021",2021-08-05,442,1,0.002262443438914,2021–2022 Pre-ChatGPT Transition
APTV,Aptiv PLC,2425155.0,1684879287.0,"Aptiv PLC, Q3 2021 Earnings Call, Nov 04, 2021",2021-11-04,440,0,0.0,2021–2022 Pre-ChatGPT Transition
APTV,Aptiv PLC,2484146.0,1764336398.0,"Aptiv PLC, Q4 2021 Earnings Call, Feb 03, 2022",2022-02-03,547,0,0.0,2021–2022 Pre-ChatGPT Transition
APTV,Aptiv PLC,2590131.0,1776611159.0,"Aptiv PLC, Q1 2022 Earnings Call, May 05, 2022",2022-05-05,576,0,0.0,2021–2022 Pre-ChatGPT Transition
APTV,Aptiv PLC,2620161.0,1790281681.0,"Aptiv PLC, Q2 2022 Earnings Call, Aug 04, 2022",2022-08-04,479,0,0.0,2021–2022 Pre-ChatGPT Transition
APTV,Aptiv PLC,2673637.0,1803899129.0,"Aptiv PLC, Q3 2022 Earnings Call, Nov 03, 2022",2022-11-03,452,0,0.0,2021–2022 Pre-ChatGPT Transition
APTV,Aptiv PLC,2727290.0,1821012745.0,"Aptiv PLC, Q4 2022 Earnings Call, Feb 02, 2023",2023-02-02,476,1,0.0021008403361344,2023 Initial GenAI Surge
APTV,Aptiv PLC,2800158.0,1831411177.0,"Aptiv PLC, Q1 2023 Earnings Call, May 04, 2023",2023-05-04,474,0,0.0,2023 Initial GenAI Surge
APTV,Aptiv PLC,2868286.0,1846375034.0,"Aptiv PLC, Q2 2023 Earnings Call, Aug 03, 2023",2023-08-03,411,0,0.0,2023 Initial GenAI Surge
APTV,Aptiv PLC,2934027.0,1857281685.0,"Aptiv PLC, Q3 2023 Earnings Call, Nov 02, 2023",2023-11-02,508,1,0.0019685039370078,2023 Initial GenAI Surge
APTV,Aptiv PLC,3008064.0,1866327886.0,"Aptiv PLC, Q4 2023 Earnings Call, Jan 31, 2024",2024-01-31,548,0,0.0,2024–2025 AI Adoption Period
APTV,Aptiv PLC,3106954.0,1876023003.0,"Aptiv PLC, Q1 2024 Earnings Call, May 02, 2024",2024-05-02,523,10,0.0191204588910133,2024–2025 AI Adoption Period
APTV,Aptiv PLC,3208197.0,1885989663.0,"Aptiv PLC, Q2 2024 Earnings Call, Aug 01, 2024",2024-08-01,480,1,0.0020833333333333,2024–2025 AI Adoption Period
APTV,Aptiv PLC,3295081.0,1898876931.0,"Aptiv PLC, Q3 2024 Earnings Call, Oct 31, 2024",2024-10-31,504,1,0.0019841269841269,2024–2025 AI Adoption Period
APTV,Aptiv PLC,3367374.0,1915117218.0,"Aptiv PLC, Q4 2024 Earnings Call, Feb 06, 2025",2025-02-06,433,2,0.0046189376443418,2024–2025 AI Adoption Period
APTV,Aptiv PLC,3437400.0,1936802250.0,"Aptiv PLC, Q1 2025 Earnings Call, May 01, 2025",2025-05-01,361,2,0.0055401662049861,2024–2025 AI Adoption Period
APTV,Aptiv PLC,3566205.0,1951047893.0,"Aptiv PLC, Q2 2025 Earnings Call, Jul 31, 2025",2025-07-31,459,2,0.0043572984749455,2024–2025 AI Adoption Period
APTV,Aptiv PLC,3575889.0,1962631502.0,"Aptiv PLC, Q3 2025 Earnings Call, Oct 30, 2025",2025-10-30,414,1,0.002415458937198,2024–2025 AI Adoption Period
ACGL,Arch Capital Group Ltd.,2202751.0,700611816.0,"Arch Capital Group Ltd., Q4 2020 Earnings Call, Feb 10, 2021",2021-02-10,504,0,0.0,2021–2022 Pre-ChatGPT Transition
ACGL,Arch Capital Group Ltd.,2260897.0,709027550.0,"Arch Capital Group Ltd., Q1 2021 Earnings Call, Apr 28, 2021",2021-04-28,468,0,0.0,2021–2022 Pre-ChatGPT Transition
ACGL,Arch Capital Group Ltd.,2354447.0,1671702057.0,"Arch Capital Group Ltd., Q2 2021 Earnings Call, Jul 29, 2021",2021-07-29,415,0,0.0,2021–2022 Pre-ChatGPT Transition
ACGL,Arch Capital Group Ltd.,2416756.0,1682183335.0,"Arch Capital Group Ltd., Q3 2021 Earnings Call, Oct 28, 2021",2021-10-28,508,0,0.0,2021–2022 Pre-ChatGPT Transition
ACGL,Arch Capital Group Ltd.,2490581.0,1763813140.0,"Arch Capital Group Ltd., Q4 2021 Earnings Call, Feb 10, 2022",2022-02-10,413,0,0.0,2021–2022 Pre-ChatGPT Transition
ACGL,Arch Capital Group Ltd.,2546809.0,1776327734.0,"Arch Capital Group Ltd., Q1 2022 Earnings Call, Apr 28, 2022",2022-04-28,529,0,0.0,2021–2022 Pre-ChatGPT Transition
ACGL,Arch Capital Group Ltd.,2607361.0,1788647949.0,"Arch Capital Group Ltd., Q2 2022 Earnings Call, Jul 28, 2022",2022-07-28,331,0,0.0,2021–2022 Pre-ChatGPT Transition
ACGL,Arch Capital Group Ltd.,2665940.0,1802962608.0,"Arch Capital Group Ltd., Q3 2022 Earnings Call, Oct 27, 2022",2022-10-27,504,0,0.0,2021–2022 Pre-ChatGPT Transition
ACGL,Arch Capital Group Ltd.,2737365.0,1821250605.0,"Arch Capital Group Ltd., Q4 2022 Earnings Call, Feb 14, 2023",2023-02-14,472,0,0.0,2023 Initial GenAI Surge
ACGL,Arch Capital Group Ltd.,2788572.0,1831289052.0,"Arch Capital Group Ltd., Q1 2023 Earnings Call, Apr 27, 2023",2023-04-27,498,0,0.0,2023 Initial GenAI Surge
ACGL,Arch Capital Group Ltd.,2861196.0,1846124404.0,"Arch Capital Group Ltd., Q2 2023 Earnings Call, Jul 27, 2023",2023-07-27,540,0,0.0,2023 Initial GenAI Surge
ACGL,Arch Capital Group Ltd.,2931188.0,1857659562.0,"Arch Capital Group Ltd., Q3 2023 Earnings Call, Oct 31, 2023",2023-10-31,459,0,0.0,2023 Initial GenAI Surge
ACGL,Arch Capital Group Ltd.,3362775.0,1867884341.0,"Arch Capital Group Ltd., Q4 2023 Earnings Call, Feb 15, 2024",2024-02-15,567,0,0.0,2024–2025 AI Adoption Period
ACGL,Arch Capital Group Ltd.,3103139.0,1875850221.0,"Arch Capital Group Ltd., Q1 2024 Earnings Call, Apr 30, 2024",2024-04-30,438,0,0.0,2024–2025 AI Adoption Period
ACGL,Arch Capital Group Ltd.,3206162.0,1885649450.0,"Arch Capital Group Ltd., Q2 2024 Earnings Call, Jul 31, 2024",2024-07-31,472,0,0.0,2024–2025 AI Adoption Period
ACGL,Arch Capital Group Ltd.,3295489.0,1898666045.0,"Arch Capital Group Ltd., Q3 2024 Earnings Call, Oct 31, 2024",2024-10-31,548,0,0.0,2024–2025 AI Adoption Period
ACGL,Arch Capital Group Ltd.,3370887.0,1916082803.0,"Arch Capital Group Ltd., Q4 2024 Earnings Call, Feb 11, 2025",2025-02-11,527,0,0.0,2024–2025 AI Adoption Period
ACGL,Arch Capital Group Ltd.,3431094.0,1935238756.0,"Arch Capital Group Ltd., Q1 2025 Earnings Call, Apr 30, 2025",2025-04-30,485,0,0.0,2024–2025 AI Adoption Period
ACGL,Arch Capital Group Ltd.,3556488.0,1950162229.0,"Arch Capital Group Ltd., Q2 2025 Earnings Call, Jul 30, 2025",2025-07-30,528,0,0.0,2024–2025 AI Adoption Period
ACGL,Arch Capital Group Ltd.,3571207.0,1961663362.0,"Arch Capital Group Ltd., Q3 2025 Earnings Call, Oct 28, 2025",2025-10-28,494,0,0.0,2024–2025 AI Adoption Period
ADM,Archer-Daniels-Midland Company,2251213.0,701619909.0,"Archer-Daniels-Midland Company, Q4 2020 Earnings Call, Jan 26, 2021",2021-01-26,540,0,0.0,2021–2022 Pre-ChatGPT Transition
ADM,Archer-Daniels-Midland Company,2261178.0,710491202.0,"Archer-Daniels-Midland Company, Q1 2021 Earnings Call, Apr 27, 2021",2021-04-27,607,0,0.0,2021–2022 Pre-ChatGPT Transition
ADM,Archer-Daniels-Midland Company,2351773.0,1673165817.0,"Archer-Daniels-Midland Company, Q2 2021 Earnings Call, Jul 27, 2021",2021-07-27,538,0,0.0,2021–2022 Pre-ChatGPT Transition
ADM,Archer-Daniels-Midland Company,2412861.0,1684524922.0,"Archer-Daniels-Midland Company, Q3 2021 Earnings Call, Oct 26, 2021",2021-10-26,571,0,0.0,2021–2022 Pre-ChatGPT Transition
ADM,Archer-Daniels-Midland Company,2486092.0,1764203030.0,"Archer-Daniels-Midland Company, Q4 2021 Earnings Call, Jan 25, 2022",2022-01-25,535,0,0.0,2021–2022 Pre-ChatGPT Transition
ADM,Archer-Daniels-Midland Company,2543530.0,1777260396.0,"Archer-Daniels-Midland Company, Q1 2022 Earnings Call, Apr 26, 2022",2022-04-26,465,0,0.0,2021–2022 Pre-ChatGPT Transition
ADM,Archer-Daniels-Midland Company,2604282.0,1790180386.0,"Archer-Daniels-Midland Company, Q2 2022 Earnings Call, Jul 26, 2022",2022-07-26,573,0,0.0,2021–2022 Pre-ChatGPT Transition
ADM,Archer-Daniels-Midland Company,2662308.0,1804086672.0,"Archer-Daniels-Midland Company, Q3 2022 Earnings Call, Oct 25, 2022",2022-10-25,463,0,0.0,2021–2022 Pre-ChatGPT Transition
ADM,Archer-Daniels-Midland Company,2721968.0,1821593100.0,"Archer-Daniels-Midland Company, Q4 2022 Earnings Call, Jan 26, 2023",2023-01-26,442,0,0.0,2023 Initial GenAI Surge
ADM,Archer-Daniels-Midland Company,2785323.0,1832705067.0,"Archer-Daniels-Midland Company, Q1 2023 Earnings Call, Apr 25, 2023",2023-04-25,458,0,0.0,2023 Initial GenAI Surge
ADM,Archer-Daniels-Midland Company,2857900.0,1847726341.0,"Archer-Daniels-Midland Company, Q2 2023 Earnings Call, Jul 25, 2023",2023-07-25,428,0,0.0,2023 Initial GenAI Surge
ADM,Archer-Daniels-Midland Company,2924914.0,1858617283.0,"Archer-Daniels-Midland Company, Q3 2023 Earnings Call, Oct 24, 2023",2023-10-24,421,0,0.0,2023 Initial GenAI Surge
ADM,Archer-Daniels-Midland Company,3060141.0,1874007505.0,"Archer-Daniels-Midland Company, Q4 2023 Earnings Call, Mar 12, 2024",2024-03-12,470,0,0.0,2024–2025 AI Adoption Period
ADM,Archer-Daniels-Midland Company,3108492.0,1878242614.0,"Archer-Daniels-Midland Company, Q1 2024 Earnings Call, Apr 30, 2024",2024-04-30,441,0,0.0,2024–2025 AI Adoption Period
ADM,Archer-Daniels-Midland Company,3204065.0,1888124304.0,"Archer-Daniels-Midland Company, Q2 2024 Earnings Call, Jul 30, 2024",2024-07-30,436,0,0.0,2024–2025 AI Adoption Period
ADM,Archer-Daniels-Midland Company,3329246.0,1901461267.0,"Archer-Daniels-Midland Company, Q3 2024 Earnings Call, Dec 03, 2024",2024-12-03,475,0,0.0,2024–2025 AI Adoption Period
ADM,Archer-Daniels-Midland Company,3365310.0,1917926282.0,"Archer-Daniels-Midland Company, Q4 2024 Earnings Call, Feb 04, 2025",2025-02-04,394,0,0.0,2024–2025 AI Adoption Period
ADM,Archer-Daniels-Midland Company,3441189.0,1940607619.0,"Archer-Daniels-Midland Company, Q1 2025 Earnings Call, May 06, 2025",2025-05-06,346,0,0.0,2024–2025 AI Adoption Period
ADM,Archer-Daniels-Midland Company,3515224.0,1954201556.0,"Archer-Daniels-Midland Company, Q2 2025 Earnings Call, Aug 05, 2025",2025-08-05,389,0,0.0,2024–2025 AI Adoption Period
ADM,Archer-Daniels-Midland Company,3589978.0,1965875162.0,"Archer-Daniels-Midland Company, Q3 2025 Earnings Call, Nov 04, 2025",2025-11-04,497,0,0.0,2024–2025 AI Adoption Period
ARES,Ares Management Corporation,2206173.0,700851997.0,"Ares Management Corporation, Q4 2020 Earnings Call, Feb 11, 2021",2021-02-11,434,0,0.0,2021–2022 Pre-ChatGPT Transition
ARES,Ares Management Corporation,2263254.0,710057120.0,"Ares Management Corporation, Q1 2021 Earnings Call, Apr 29, 2021",2021-04-29,418,0,0.0,2021–2022 Pre-ChatGPT Transition
ARES,Ares Management Corporation,2354751.0,1672770004.0,"Ares Management Corporation, Q2 2021 Earnings Call, Jul 29, 2021",2021-07-29,362,0,0.0,2021–2022 Pre-ChatGPT Transition
ARES,Ares Management Corporation,2414436.0,1683407764.0,"Ares Management Corporation, Q3 2021 Earnings Call, Oct 27, 2021",2021-10-27,413,0,0.0,2021–2022 Pre-ChatGPT Transition
ARES,Ares Management Corporation,2492295.0,1763931048.0,"Ares Management Corporation, Q4 2021 Earnings Call, Feb 11, 2022",2022-02-11,483,0,0.0,2021–2022 Pre-ChatGPT Transition
ARES,Ares Management Corporation,2546643.0,1776280567.0,"Ares Management Corporation, Q1 2022 Earnings Call, Apr 28, 2022",2022-04-28,378,1,0.0026455026455026,2021–2022 Pre-ChatGPT Transition
ARES,Ares Management Corporation,2607959.0,1788742188.0,"Ares Management Corporation, Q2 2022 Earnings Call, Jul 28, 2022",2022-07-28,528,1,0.0018939393939393,2021–2022 Pre-ChatGPT Transition
ARES,Ares Management Corporation,2666410.0,1802131569.0,"Ares Management Corporation, Q3 2022 Earnings Call, Oct 27, 2022",2022-10-27,463,0,0.0,2021–2022 Pre-ChatGPT Transition
ARES,Ares Management Corporation,2734463.0,1821176873.0,"Ares Management Corporation, Q4 2022 Earnings Call, Feb 09, 2023",2023-02-09,484,2,0.0041322314049586,2023 Initial GenAI Surge
ARES,Ares Management Corporation,2789925.0,1831647450.0,"Ares Management Corporation, Q1 2023 Earnings Call, Apr 28, 2023",2023-04-28,519,0,0.0,2023 Initial GenAI Surge
ARES,Ares Management Corporation,2864489.0,1846124330.0,"Ares Management Corporation, Q2 2023 Earnings Call, Aug 01, 2023",2023-08-01,440,0,0.0,2023 Initial GenAI Surge
ARES,Ares Management Corporation,3016074.0,1857974409.0,"Ares Management Corporation, Q3 2023 Earnings Call, Oct 31, 2023",2023-10-31,451,0,0.0,2023 Initial GenAI Surge
ARES,Ares Management Corporation,3095515.0,1867800403.0,"Ares Management Corporation, Q4 2023 Earnings Call, Feb 08, 2024",2024-02-08,500,2,0.004,2024–2025 AI Adoption Period
ARES,Ares Management Corporation,3107357.0,1877095678.0,"Ares Management Corporation, Q1 2024 Earnings Call, May 02, 2024",2024-05-02,397,1,0.0025188916876574,2024–2025 AI Adoption Period
ARES,Ares Management Corporation,3211067.0,1886226354.0,"Ares Management Corporation, Q2 2024 Earnings Call, Aug 02, 2024",2024-08-02,541,1,0.0018484288354898,2024–2025 AI Adoption Period
ARES,Ares Management Corporation,3296668.0,1899638133.0,"Ares Management Corporation, Q3 2024 Earnings Call, Nov 01, 2024",2024-11-01,490,2,0.0040816326530612,2024–2025 AI Adoption Period
ARES,Ares Management Corporation,3366422.0,1916474166.0,"Ares Management Corporation, Q4 2024 Earnings Call, Feb 05, 2025",2025-02-05,568,4,0.0070422535211267,2024–2025 AI Adoption Period
ARES,Ares Management Corporation,3438938.0,1938064455.0,"Ares Management Corporation, Q1 2025 Earnings Call, May 05, 2025",2025-05-05,455,0,0.0,2024–2025 AI Adoption Period
ARES,Ares Management Corporation,3559904.0,1951576395.0,"Ares Management Corporation, Q2 2025 Earnings Call, Aug 01, 2025",2025-08-01,429,0,0.0,2024–2025 AI Adoption Period
ARES,Ares Management Corporation,3576279.0,1963063339.0,"Ares Management Corporation, Q3 2025 Earnings Call, Nov 03, 2025",2025-11-03,413,1,0.0024213075060532,2024–2025 AI Adoption Period
ANET,"Arista Networks, Inc.",2259594.0,701922818.0,"Arista Networks, Inc., Q4 2020 Earnings Call, Feb 18, 2021",2021-02-18,541,3,0.0055452865064695,2021–2022 Pre-ChatGPT Transition
ANET,"Arista Networks, Inc.",2269398.0,710499757.0,"Arista Networks, Inc., Q1 2021 Earnings Call, May 04, 2021",2021-05-04,662,5,0.0075528700906344,2021–2022 Pre-ChatGPT Transition
ANET,"Arista Networks, Inc.",2360146.0,1672792577.0,"Arista Networks, Inc., Q2 2021 Earnings Call, Aug 02, 2021",2021-08-02,586,1,0.0017064846416382,2021–2022 Pre-ChatGPT Transition
ANET,"Arista Networks, Inc.",2420674.0,1684279491.0,"Arista Networks, Inc., Q3 2021 Earnings Call, Nov 01, 2021",2021-11-01,581,1,0.0017211703958691,2021–2022 Pre-ChatGPT Transition
ANET,"Arista Networks, Inc.",2493703.0,1764538664.0,"Arista Networks, Inc., Q4 2021 Earnings Call, Feb 14, 2022",2022-02-14,561,8,0.0142602495543672,2021–2022 Pre-ChatGPT Transition
ANET,"Arista Networks, Inc.",2550645.0,1777003660.0,"Arista Networks, Inc., Q1 2022 Earnings Call, May 02, 2022",2022-05-02,635,4,0.0062992125984251,2021–2022 Pre-ChatGPT Transition
ANET,"Arista Networks, Inc.",3275382.0,1789734974.0,"Arista Networks, Inc., Q2 2022 Earnings Call, Aug 01, 2022",2022-08-01,556,1,0.0017985611510791,2021–2022 Pre-ChatGPT Transition
ANET,"Arista Networks, Inc.",3079088.0,1802965832.0,"Arista Networks, Inc., Q3 2022 Earnings Call, Oct 31, 2022",2022-10-31,567,3,0.0052910052910052,2021–2022 Pre-ChatGPT Transition
ANET,"Arista Networks, Inc.",2736516.0,1821963102.0,"Arista Networks, Inc., Q4 2022 Earnings Call, Feb 13, 2023",2023-02-13,690,27,0.0391304347826087,2023 Initial GenAI Surge
ANET,"Arista Networks, Inc.",2790838.0,1831811205.0,"Arista Networks, Inc., Q1 2023 Earnings Call, May 01, 2023",2023-05-01,486,38,0.0781893004115226,2023 Initial GenAI Surge
ANET,"Arista Networks, Inc.",2863470.0,1846593744.0,"Arista Networks, Inc., Q2 2023 Earnings Call, Jul 31, 2023",2023-07-31,452,42,0.0929203539823008,2023 Initial GenAI Surge
ANET,"Arista Networks, Inc.",3023044.0,1857659548.0,"Arista Networks, Inc., Q3 2023 Earnings Call, Oct 30, 2023",2023-10-30,454,36,0.079295154185022,2023 Initial GenAI Surge
ANET,"Arista Networks, Inc.",3020241.0,1868475901.0,"Arista Networks, Inc., Q4 2023 Earnings Call, Feb 12, 2024",2024-02-12,378,49,0.1296296296296296,2024–2025 AI Adoption Period
ANET,"Arista Networks, Inc.",3113166.0,1877652240.0,"Arista Networks, Inc., Q1 2024 Earnings Call, May 07, 2024",2024-05-07,500,51,0.102,2024–2025 AI Adoption Period
ANET,"Arista Networks, Inc.",3204784.0,1886540941.0,"Arista Networks, Inc., Q2 2024 Earnings Call, Jul 30, 2024",2024-07-30,531,56,0.1054613935969868,2024–2025 AI Adoption Period
ANET,"Arista Networks, Inc.",3305096.0,1900389859.0,"Arista Networks, Inc., Q3 2024 Earnings Call, Nov 07, 2024",2024-11-07,419,58,0.1384248210023866,2024–2025 AI Adoption Period
ANET,"Arista Networks, Inc.",3377049.0,1917592440.0,"Arista Networks Inc, Q4 2024 Earnings Call, Feb 18, 2025",2025-02-18,498,54,0.108433734939759,2024–2025 AI Adoption Period
ANET,"Arista Networks, Inc.",3441880.0,1938505677.0,"Arista Networks Inc, Q1 2025 Earnings Call, May 06, 2025",2025-05-06,432,33,0.0763888888888889,2024–2025 AI Adoption Period
ANET,"Arista Networks, Inc.",3568058.0,1952723968.0,"Arista Networks Inc, Q2 2025 Earnings Call, Aug 05, 2025",2025-08-05,461,46,0.0997830802603036,2024–2025 AI Adoption Period
ANET,"Arista Networks, Inc.",3580576.0,1964259780.0,"Arista Networks Inc, Q3 2025 Earnings Call, Nov 04, 2025",2025-11-04,488,58,0.1188524590163934,2024–2025 AI Adoption Period
AJG,Arthur J. Gallagher & Co.,2184977.0,700977175.0,"Arthur J. Gallagher & Co., Q4 2020 Earnings Call, Jan 28, 2021",2021-01-28,633,0,0.0,2021–2022 Pre-ChatGPT Transition
AJG,Arthur J. Gallagher & Co.,2263953.0,710591583.0,"Arthur J. Gallagher & Co., Q1 2021 Earnings Call, Apr 29, 2021",2021-04-29,369,0,0.0,2021–2022 Pre-ChatGPT Transition
AJG,Arthur J. Gallagher & Co.,2355537.0,1673975853.0,"Arthur J. Gallagher & Co., Q2 2021 Earnings Call, Jul 29, 2021",2021-07-29,439,0,0.0,2021–2022 Pre-ChatGPT Transition
AJG,Arthur J. Gallagher & Co.,2416976.0,1684666162.0,"Arthur J. Gallagher & Co., Q3 2021 Earnings Call, Oct 28, 2021",2021-10-28,501,0,0.0,2021–2022 Pre-ChatGPT Transition
AJG,Arthur J. Gallagher & Co.,2479892.0,1763609954.0,"Arthur J. Gallagher & Co., Q4 2021 Earnings Call, Jan 27, 2022",2022-01-27,608,0,0.0,2021–2022 Pre-ChatGPT Transition
AJG,Arthur J. Gallagher & Co.,2592571.0,1777450266.0,"Arthur J. Gallagher & Co., Q1 2022 Earnings Call, Apr 28, 2022",2022-04-28,588,0,0.0,2021–2022 Pre-ChatGPT Transition
AJG,Arthur J. Gallagher & Co.,2608728.0,1790256725.0,"Arthur J. Gallagher & Co., Q2 2022 Earnings Call, Jul 28, 2022",2022-07-28,520,0,0.0,2021–2022 Pre-ChatGPT Transition
AJG,Arthur J. Gallagher & Co.,2793589.0,1803762104.0,"Arthur J. Gallagher & Co., Q3 2022 Earnings Call, Oct 27, 2022",2022-10-27,637,0,0.0,2021–2022 Pre-ChatGPT Transition
AJG,Arthur J. Gallagher & Co.,2723331.0,1820965784.0,"Arthur J. Gallagher & Co., Q4 2022 Earnings Call, Jan 26, 2023",2023-01-26,414,0,0.0,2023 Initial GenAI Surge
AJG,Arthur J. Gallagher & Co.,2991653.0,1832386779.0,"Arthur J. Gallagher & Co., Q1 2023 Earnings Call, Apr 27, 2023",2023-04-27,549,0,0.0,2023 Initial GenAI Surge
AJG,Arthur J. Gallagher & Co.,2862562.0,1847193020.0,"Arthur J. Gallagher & Co., Q2 2023 Earnings Call, Jul 27, 2023",2023-07-27,675,0,0.0,2023 Initial GenAI Surge
AJG,Arthur J. Gallagher & Co.,2991627.0,1858215527.0,"Arthur J. Gallagher & Co., Q3 2023 Earnings Call, Oct 26, 2023",2023-10-26,595,2,0.0033613445378151,2023 Initial GenAI Surge
AJG,Arthur J. Gallagher & Co.,3004256.0,1867439717.0,"Arthur J. Gallagher & Co., Q4 2023 Earnings Call, Jan 25, 2024",2024-01-25,583,3,0.0051457975986277,2024–2025 AI Adoption Period
AJG,Arthur J. Gallagher & Co.,3097893.0,1877342986.0,"Arthur J. Gallagher & Co., Q1 2024 Earnings Call, Apr 25, 2024",2024-04-25,568,3,0.005281690140845,2024–2025 AI Adoption Period
AJG,Arthur J. Gallagher & Co.,3197096.0,1887312430.0,"Arthur J. Gallagher & Co., Q2 2024 Earnings Call, Jul 25, 2024",2024-07-25,638,4,0.006269592476489,2024–2025 AI Adoption Period
AJG,Arthur J. Gallagher & Co.,3288782.0,1899557647.0,"Arthur J. Gallagher & Co., Q3 2024 Earnings Call, Oct 24, 2024",2024-10-24,557,0,0.0,2024–2025 AI Adoption Period
AJG,Arthur J. Gallagher & Co.,3366454.0,1916124654.0,"Arthur J. Gallagher & Co., Q4 2024 Earnings Call, Jan 30, 2025",2025-01-30,554,2,0.003610108303249,2024–2025 AI Adoption Period
AJG,Arthur J. Gallagher & Co.,3494259.0,1939123765.0,"Arthur J. Gallagher & Co., Q1 2025 Earnings Call, May 01, 2025",2025-05-01,552,0,0.0,2024–2025 AI Adoption Period
AJG,Arthur J. Gallagher & Co.,3511243.0,1953010372.0,"Arthur J. Gallagher & Co., Q2 2025 Earnings Call, Jul 31, 2025",2025-07-31,450,5,0.0111111111111111,2024–2025 AI Adoption Period
AJG,Arthur J. Gallagher & Co.,3575888.0,1964569157.0,"Arthur J. Gallagher & Co., Q3 2025 Earnings Call, Oct 30, 2025",2025-10-30,720,1,0.0013888888888888,2024–2025 AI Adoption Period
AIZ,"Assurant, Inc.",2202408.0,700850043.0,"Assurant, Inc., Q4 2020 Earnings Call, Feb 10, 2021",2021-02-10,477,1,0.0020964360587002,2021–2022 Pre-ChatGPT Transition
AIZ,"Assurant, Inc.",2270328.0,710391769.0,"Assurant, Inc., Q1 2021 Earnings Call, May 05, 2021",2021-05-05,470,0,0.0,2021–2022 Pre-ChatGPT Transition
AIZ,"Assurant, Inc.",2362607.0,1673196987.0,"Assurant, Inc., Q2 2021 Earnings Call, Aug 04, 2021",2021-08-04,425,0,0.0,2021–2022 Pre-ChatGPT Transition
AIZ,"Assurant, Inc.",2481984.0,1684279403.0,"Assurant, Inc., Q3 2021 Earnings Call, Nov 03, 2021",2021-11-03,502,0,0.0,2021–2022 Pre-ChatGPT Transition
AIZ,"Assurant, Inc.",2488795.0,1763859743.0,"Assurant, Inc., Q4 2021 Earnings Call, Feb 09, 2022",2022-02-09,457,1,0.0021881838074398,2021–2022 Pre-ChatGPT Transition
AIZ,"Assurant, Inc.",2559157.0,1777134844.0,"Assurant, Inc., Q1 2022 Earnings Call, May 04, 2022",2022-05-04,498,0,0.0,2021–2022 Pre-ChatGPT Transition
AIZ,"Assurant, Inc.",2613554.0,1789898922.0,"Assurant, Inc., Q2 2022 Earnings Call, Aug 03, 2022",2022-08-03,452,0,0.0,2021–2022 Pre-ChatGPT Transition
AIZ,"Assurant, Inc.",2671691.0,1804297434.0,"Assurant, Inc., Q3 2022 Earnings Call, Nov 02, 2022",2022-11-02,566,0,0.0,2021–2022 Pre-ChatGPT Transition
AIZ,"Assurant, Inc.",2731508.0,1821481327.0,"Assurant, Inc., Q4 2022 Earnings Call, Feb 08, 2023",2023-02-08,385,0,0.0,2023 Initial GenAI Surge
AIZ,"Assurant, Inc.",2825705.0,1831669411.0,"Assurant, Inc., Q1 2023 Earnings Call, May 03, 2023",2023-05-03,375,0,0.0,2023 Initial GenAI Surge
AIZ,"Assurant, Inc.",3154096.0,1847194766.0,"Assurant, Inc., Q2 2023 Earnings Call, Aug 02, 2023",2023-08-02,354,0,0.0,2023 Initial GenAI Surge
AIZ,"Assurant, Inc.",2931917.0,1857659676.0,"Assurant, Inc., Q3 2023 Earnings Call, Nov 01, 2023",2023-11-01,430,0,0.0,2023 Initial GenAI Surge
AIZ,"Assurant, Inc.",3045337.0,1867799125.0,"Assurant, Inc., Q4 2023 Earnings Call, Feb 07, 2024",2024-02-07,348,2,0.0057471264367816,2024–2025 AI Adoption Period
AIZ,"Assurant, Inc.",3113937.0,1877137134.0,"Assurant, Inc., Q1 2024 Earnings Call, May 08, 2024",2024-05-08,291,1,0.0034364261168384,2024–2025 AI Adoption Period
AIZ,"Assurant, Inc.",3216240.0,1887601283.0,"Assurant, Inc., Q2 2024 Earnings Call, Aug 07, 2024",2024-08-07,402,1,0.0024875621890547,2024–2025 AI Adoption Period
AIZ,"Assurant, Inc.",3351716.0,1899871676.0,"Assurant, Inc., Q3 2024 Earnings Call, Nov 06, 2024",2024-11-06,335,3,0.008955223880597,2024–2025 AI Adoption Period
AIZ,"Assurant, Inc.",3375978.0,1916503988.0,"Assurant, Inc., Q4 2024 Earnings Call, Feb 12, 2025",2025-02-12,378,1,0.0026455026455026,2024–2025 AI Adoption Period
AIZ,"Assurant, Inc.",3442789.0,1938332967.0,"Assurant, Inc., Q1 2025 Earnings Call, May 07, 2025",2025-05-07,410,1,0.0024390243902439,2024–2025 AI Adoption Period
AIZ,"Assurant, Inc.",3517157.0,1952725248.0,"Assurant, Inc., Q2 2025 Earnings Call, Aug 06, 2025",2025-08-06,294,8,0.0272108843537414,2024–2025 AI Adoption Period
AIZ,"Assurant, Inc.",3604137.0,1963783934.0,"Assurant, Inc., Q3 2025 Earnings Call, Nov 05, 2025",2025-11-05,347,4,0.0115273775216138,2024–2025 AI Adoption Period
ATO,Atmos Energy Corporation,2189770.0,700518489.0,"Atmos Energy Corporation, Q1 2021 Earnings Call, Feb 03, 2021",2021-02-03,260,0,0.0,2021–2022 Pre-ChatGPT Transition
ATO,Atmos Energy Corporation,2272828.0,710742346.0,"Atmos Energy Corporation, Q2 2021 Earnings Call, May 06, 2021",2021-05-06,296,0,0.0,2021–2022 Pre-ChatGPT Transition
ATO,Atmos Energy Corporation,2364880.0,1673417871.0,"Atmos Energy Corporation, Q3 2021 Earnings Call, Aug 05, 2021",2021-08-05,157,0,0.0,2021–2022 Pre-ChatGPT Transition
ATO,Atmos Energy Corporation,2466176.0,1684671715.0,"Atmos Energy Corporation, Q4 2021 Earnings Call, Nov 11, 2021",2021-11-11,374,0,0.0,2021–2022 Pre-ChatGPT Transition
ATO,Atmos Energy Corporation,2493693.0,1763506115.0,"Atmos Energy Corporation, Q1 2022 Earnings Call, Feb 09, 2022",2022-02-09,263,0,0.0,2021–2022 Pre-ChatGPT Transition
ATO,Atmos Energy Corporation,2554884.0,1777453478.0,"Atmos Energy Corporation, Q2 2022 Earnings Call, May 05, 2022",2022-05-05,249,0,0.0,2021–2022 Pre-ChatGPT Transition
ATO,Atmos Energy Corporation,2615701.0,1790180278.0,"Atmos Energy Corporation, Q3 2022 Earnings Call, Aug 04, 2022",2022-08-04,183,0,0.0,2021–2022 Pre-ChatGPT Transition
ATO,Atmos Energy Corporation,2684256.0,1803762543.0,"Atmos Energy Corporation, Q4 2022 Earnings Call, Nov 10, 2022",2022-11-10,374,0,0.0,2021–2022 Pre-ChatGPT Transition
ATO,Atmos Energy Corporation,2766004.0,1820855374.0,"Atmos Energy Corporation, Q1 2023 Earnings Call, Feb 08, 2023",2023-02-08,187,0,0.0,2023 Initial GenAI Surge
ATO,Atmos Energy Corporation,2798034.0,1832386718.0,"Atmos Energy Corporation, Q2 2023 Earnings Call, May 04, 2023",2023-05-04,165,0,0.0,2023 Initial GenAI Surge
ATO,Atmos Energy Corporation,3122960.0,1847194717.0,"Atmos Energy Corporation, Q3 2023 Earnings Call, Aug 03, 2023",2023-08-03,140,0,0.0,2023 Initial GenAI Surge
ATO,Atmos Energy Corporation,2944584.0,1858085989.0,"Atmos Energy Corporation, Q4 2023 Earnings Call, Nov 09, 2023",2023-11-09,281,0,0.0,2023 Initial GenAI Surge
ATO,Atmos Energy Corporation,3014829.0,1867441063.0,"Atmos Energy Corporation, Q1 2024 Earnings Call, Feb 07, 2024",2024-02-07,247,0,0.0,2024–2025 AI Adoption Period
ATO,Atmos Energy Corporation,3116243.0,1877231259.0,"Atmos Energy Corporation, Q2 2024 Earnings Call, May 09, 2024",2024-05-09,155,0,0.0,2024–2025 AI Adoption Period
ATO,Atmos Energy Corporation,3224599.0,1887476163.0,"Atmos Energy Corporation, Q3 2024 Earnings Call, Aug 08, 2024",2024-08-08,157,0,0.0,2024–2025 AI Adoption Period
ATO,Atmos Energy Corporation,3302548.0,1899558849.0,"Atmos Energy Corporation, Q4 2024 Earnings Call, Nov 07, 2024",2024-11-07,277,0,0.0,2024–2025 AI Adoption Period
ATO,Atmos Energy Corporation,3366197.0,1915656598.0,"Atmos Energy Corporation, Q1 2025 Earnings Call, Feb 05, 2025",2025-02-05,211,0,0.0,2024–2025 AI Adoption Period
ATO,Atmos Energy Corporation,3491952.0,1937820602.0,"Atmos Energy Corporation, Q2 2025 Earnings Call, May 08, 2025",2025-05-08,226,0,0.0,2024–2025 AI Adoption Period
ATO,Atmos Energy Corporation,3519004.0,1951782626.0,"Atmos Energy Corporation, Q3 2025 Earnings Call, Aug 07, 2025",2025-08-07,168,0,0.0,2024–2025 AI Adoption Period
ATO,Atmos Energy Corporation,3588649.0,1964260454.0,"Atmos Energy Corporation, 2025 Earnings Call, Nov 06, 2025",2025-11-06,251,0,0.0,2024–2025 AI Adoption Period
ADSK,"Autodesk, Inc.",2293022.0,702894090.0,"Autodesk, Inc., Q4 2021 Earnings Call, Feb 25, 2021",2021-02-25,532,1,0.0018796992481203,2021–2022 Pre-ChatGPT Transition
ADSK,"Autodesk, Inc.",2303247.0,713473093.0,"Autodesk, Inc., Q1 2022 Earnings Call, May 27, 2021",2021-05-27,483,0,0.0,2021–2022 Pre-ChatGPT Transition
ADSK,"Autodesk, Inc.",2386180.0,1675898952.0,"Autodesk, Inc., Q2 2022 Earnings Call, Aug 25, 2021",2021-08-25,505,1,0.0019801980198019,2021–2022 Pre-ChatGPT Transition
ADSK,"Autodesk, Inc.",2447962.0,1687074169.0,"Autodesk, Inc., Q3 2022 Earnings Call, Nov 23, 2021",2021-11-23,472,0,0.0,2021–2022 Pre-ChatGPT Transition
ADSK,"Autodesk, Inc.",2507004.0,1767490581.0,"Autodesk, Inc., Q4 2022 Earnings Call, Feb 24, 2022",2022-02-24,444,0,0.0,2021–2022 Pre-ChatGPT Transition
ADSK,"Autodesk, Inc.",2581767.0,1781280781.0,"Autodesk, Inc., Q1 2023 Earnings Call, May 26, 2022",2022-05-26,542,2,0.003690036900369,2021–2022 Pre-ChatGPT Transition
ADSK,"Autodesk, Inc.",2637719.0,1793878135.0,"Autodesk, Inc., Q2 2023 Earnings Call, Aug 24, 2022",2022-08-24,473,2,0.0042283298097251,2021–2022 Pre-ChatGPT Transition
ADSK,"Autodesk, Inc.",2696201.0,1813429993.0,"Autodesk, Inc., Q3 2023 Earnings Call, Nov 22, 2022",2022-11-22,516,0,0.0,2021–2022 Pre-ChatGPT Transition
ADSK,"Autodesk, Inc.",2750418.0,1824368574.0,"Autodesk, Inc., Q4 2023 Earnings Call, Feb 23, 2023",2023-02-23,500,3,0.006,2023 Initial GenAI Surge
ADSK,"Autodesk, Inc.",2821873.0,1835615656.0,"Autodesk, Inc., Q1 2024 Earnings Call, May 25, 2023",2023-05-25,488,11,0.0225409836065573,2023 Initial GenAI Surge
ADSK,"Autodesk, Inc.",2892866.0,1849633067.0,"Autodesk, Inc., Q2 2024 Earnings Call, Aug 23, 2023",2023-08-23,491,2,0.0040733197556008,2023 Initial GenAI Surge
ADSK,"Autodesk, Inc.",2963577.0,1860805671.0,"Autodesk, Inc., Q3 2024 Earnings Call, Nov 21, 2023",2023-11-21,521,7,0.0134357005758157,2023 Initial GenAI Surge
ADSK,"Autodesk, Inc.",3045923.0,1870911506.0,"Autodesk, Inc., Q4 2024 Earnings Call, Feb 29, 2024",2024-02-29,504,12,0.0238095238095238,2024–2025 AI Adoption Period
ADSK,"Autodesk, Inc.",3157709.0,1884394605.0,"Autodesk, Inc., Q1 2025 Earnings Call, Jun 11, 2024",2024-06-11,532,17,0.0319548872180451,2024–2025 AI Adoption Period
ADSK,"Autodesk, Inc.",3246826.0,1889630891.0,"Autodesk, Inc., Q2 2025 Earnings Call, Aug 29, 2024",2024-08-29,484,3,0.006198347107438,2024–2025 AI Adoption Period
ADSK,"Autodesk, Inc.",3319302.0,1902986693.0,"Autodesk, Inc., Q3 2025 Earnings Call, Nov 26, 2024",2024-11-26,477,7,0.0146750524109014,2024–2025 AI Adoption Period
ADSK,"Autodesk, Inc.",3387338.0,1930088913.0,"Autodesk, Inc., Q4 2025 Earnings Call, Feb 27, 2025",2025-02-27,529,15,0.0283553875236294,2024–2025 AI Adoption Period
ADSK,"Autodesk, Inc.",3490391.0,1941582625.0,"Autodesk, Inc., Q1 2026 Earnings Call, May 22, 2025",2025-05-22,556,19,0.0341726618705036,2024–2025 AI Adoption Period
ADSK,"Autodesk, Inc.",3539661.0,1955611445.0,"Autodesk, Inc., Q2 2026 Earnings Call, Aug 28, 2025",2025-08-28,574,32,0.0557491289198606,2024–2025 AI Adoption Period
ADSK,"Autodesk, Inc.",3607822.0,1968650820.0,"Autodesk, Inc., Q3 2026 Earnings Call, Nov 25, 2025",2025-11-25,507,20,0.039447731755424,2024–2025 AI Adoption Period
ADP,"Automatic Data Processing, Inc.",2182155.0,698308699.0,"Automatic Data Processing, Inc., Q2 2021 Earnings Call, Jan 27, 2021",2021-01-27,564,0,0.0,2021–2022 Pre-ChatGPT Transition
ADP,"Automatic Data Processing, Inc.",2260871.0,707791192.0,"Automatic Data Processing, Inc., Q3 2021 Earnings Call, Apr 28, 2021",2021-04-28,608,1,0.0016447368421052,2021–2022 Pre-ChatGPT Transition
ADP,"Automatic Data Processing, Inc.",2352716.0,718741333.0,"Automatic Data Processing, Inc., Q4 2021 Earnings Call, Jul 28, 2021",2021-07-28,554,0,0.0,2021–2022 Pre-ChatGPT Transition
ADP,"Automatic Data Processing, Inc.",2414509.0,1682316362.0,"Automatic Data Processing, Inc., Q1 2022 Earnings Call, Oct 27, 2021",2021-10-27,544,0,0.0,2021–2022 Pre-ChatGPT Transition
ADP,"Automatic Data Processing, Inc.",2477733.0,1762319465.0,"Automatic Data Processing, Inc., Q2 2022 Earnings Call, Jan 26, 2022",2022-01-26,586,3,0.0051194539249146,2021–2022 Pre-ChatGPT Transition
ADP,"Automatic Data Processing, Inc.",2544941.0,1774527701.0,"Automatic Data Processing, Inc., Q3 2022 Earnings Call, Apr 27, 2022",2022-04-27,547,1,0.0018281535648994,2021–2022 Pre-ChatGPT Transition
ADP,"Automatic Data Processing, Inc.",2605392.0,1787675322.0,"Automatic Data Processing, Inc., Q4 2022 Earnings Call, Jul 27, 2022",2022-07-27,557,0,0.0,2021–2022 Pre-ChatGPT Transition
ADP,"Automatic Data Processing, Inc.",2695408.0,1800652754.0,"Automatic Data Processing, Inc., Q1 2023 Earnings Call, Oct 26, 2022",2022-10-26,654,1,0.0015290519877675,2021–2022 Pre-ChatGPT Transition
ADP,"Automatic Data Processing, Inc.",2721293.0,1819053499.0,"Automatic Data Processing, Inc., Q2 2023 Earnings Call, Jan 25, 2023",2023-01-25,527,0,0.0,2023 Initial GenAI Surge
ADP,"Automatic Data Processing, Inc.",2786396.0,1829588047.0,"Automatic Data Processing, Inc., Q3 2023 Earnings Call, Apr 26, 2023",2023-04-26,589,9,0.0152801358234295,2023 Initial GenAI Surge
ADP,"Automatic Data Processing, Inc.",2858923.0,1846088008.0,"Automatic Data Processing, Inc., Q4 2023 Earnings Call, Jul 26, 2023",2023-07-26,535,14,0.0261682242990654,2023 Initial GenAI Surge
ADP,"Automatic Data Processing, Inc.",2925818.0,1857023150.0,"Automatic Data Processing, Inc., Q1 2024 Earnings Call, Oct 25, 2023",2023-10-25,593,16,0.026981450252951,2023 Initial GenAI Surge
ADP,"Automatic Data Processing, Inc.",3008195.0,1865552006.0,"Automatic Data Processing, Inc., Q2 2024 Earnings Call, Jan 31, 2024",2024-01-31,523,19,0.0363288718929254,2024–2025 AI Adoption Period
ADP,"Automatic Data Processing, Inc.",3106327.0,1876577642.0,"Automatic Data Processing, Inc., Q3 2024 Earnings Call, May 01, 2024",2024-05-01,454,16,0.0352422907488986,2024–2025 AI Adoption Period
ADP,"Automatic Data Processing, Inc.",3205959.0,1886197929.0,"Automatic Data Processing, Inc., Q4 2024 Earnings Call, Jul 31, 2024",2024-07-31,566,15,0.0265017667844522,2024–2025 AI Adoption Period
ADP,"Automatic Data Processing, Inc.",3293473.0,1899090076.0,"Automatic Data Processing, Inc., Q1 2025 Earnings Call, Oct 30, 2024",2024-10-30,575,6,0.0104347826086956,2024–2025 AI Adoption Period
ADP,"Automatic Data Processing, Inc.",3416174.0,1913328080.0,"Automatic Data Processing, Inc., Q2 2025 Earnings Call, Jan 29, 2025",2025-01-29,551,7,0.0127041742286751,2024–2025 AI Adoption Period
ADP,"Automatic Data Processing, Inc.",3430748.0,1937103113.0,"Automatic Data Processing, Inc., Q3 2025 Earnings Call, Apr 30, 2025",2025-04-30,591,5,0.0084602368866328,2024–2025 AI Adoption Period
ADP,"Automatic Data Processing, Inc.",3555876.0,1949958644.0,"Automatic Data Processing, Inc., Q4 2025 Earnings Call, Jul 30, 2025",2025-07-30,550,13,0.0236363636363636,2024–2025 AI Adoption Period
ADP,"Automatic Data Processing, Inc.",3573880.0,1962413377.0,"Automatic Data Processing, Inc., Q1 2026 Earnings Call, Oct 29, 2025",2025-10-29,505,15,0.0297029702970297,2024–2025 AI Adoption Period
AZO,"AutoZone, Inc.",2228225.0,704429875.0,"AutoZone, Inc., Q2 2021 Earnings Call, Mar 02, 2021",2021-03-02,581,0,0.0,2021–2022 Pre-ChatGPT Transition
AZO,"AutoZone, Inc.",2299092.0,713892226.0,"AutoZone, Inc., Q3 2021 Earnings Call, May 25, 2021",2021-05-25,593,1,0.0016863406408094,2021–2022 Pre-ChatGPT Transition
AZO,"AutoZone, Inc.",2399695.0,1680259480.0,"AutoZone, Inc., Q4 2021 Earnings Call, Sep 21, 2021",2021-09-21,560,0,0.0,2021–2022 Pre-ChatGPT Transition
AZO,"AutoZone, Inc.",2456366.0,1759312425.0,"AutoZone, Inc., Q1 2022 Earnings Call, Dec 07, 2021",2021-12-07,546,1,0.0018315018315018,2021–2022 Pre-ChatGPT Transition
AZO,"AutoZone, Inc.",2512897.0,1771686920.0,"AutoZone, Inc., Q2 2022 Earnings Call, Mar 01, 2022",2022-03-01,492,2,0.0040650406504065,2021–2022 Pre-ChatGPT Transition
AZO,"AutoZone, Inc.",2577592.0,1781749293.0,"AutoZone, Inc., Q3 2022 Earnings Call, May 24, 2022",2022-05-24,538,0,0.0,2021–2022 Pre-ChatGPT Transition
AZO,"AutoZone, Inc.",2649327.0,1798827292.0,"AutoZone, Inc., Q4 2022 Earnings Call, Sep 19, 2022",2022-09-19,511,0,0.0,2021–2022 Pre-ChatGPT Transition
AZO,"AutoZone, Inc.",2703158.0,1815300125.0,"AutoZone, Inc., Q1 2023 Earnings Call, Dec 06, 2022",2022-12-06,532,0,0.0,2023 Initial GenAI Surge
AZO,"AutoZone, Inc.",2753344.0,1825079706.0,"AutoZone, Inc., Q2 2023 Earnings Call, Feb 28, 2023",2023-02-28,519,0,0.0,2023 Initial GenAI Surge
AZO,"AutoZone, Inc.",2818961.0,1836941676.0,"AutoZone, Inc., Q3 2023 Earnings Call, May 23, 2023",2023-05-23,522,0,0.0,2023 Initial GenAI Surge
AZO,"AutoZone, Inc.",2909340.0,1853772756.0,"AutoZone, Inc., Q4 2023 Earnings Call, Sep 19, 2023",2023-09-19,580,0,0.0,2023 Initial GenAI Surge
AZO,"AutoZone, Inc.",2975920.0,1861691151.0,"AutoZone, Inc., Q1 2024 Earnings Call, Dec 05, 2023",2023-12-05,508,0,0.0,2023 Initial GenAI Surge
AZO,"AutoZone, Inc.",3041251.0,1870799536.0,"AutoZone, Inc., Q2 2024 Earnings Call, Feb 27, 2024",2024-02-27,541,0,0.0,2024–2025 AI Adoption Period
AZO,"AutoZone, Inc.",3136441.0,1879533922.0,"AutoZone, Inc., Q3 2024 Earnings Call, May 21, 2024",2024-05-21,493,0,0.0,2024–2025 AI Adoption Period
AZO,"AutoZone, Inc.",3273146.0,1892710445.0,"AutoZone, Inc., Q4 2024 Earnings Call, Sep 24, 2024",2024-09-24,598,0,0.0,2024–2025 AI Adoption Period
AZO,"AutoZone, Inc.",3337713.0,1904464432.0,"AutoZone, Inc., Q1 2025 Earnings Call, Dec 10, 2024",2024-12-10,584,0,0.0,2024–2025 AI Adoption Period
AZO,"AutoZone, Inc.",3392240.0,1929731368.0,"AutoZone, Inc., Q2 2025 Earnings Call, Mar 04, 2025",2025-03-04,554,0,0.0,2024–2025 AI Adoption Period
AZO,"AutoZone, Inc.",3468275.0,1941170469.0,"AutoZone, Inc., Q3 2025 Earnings Call, May 27, 2025",2025-05-27,525,0,0.0,2024–2025 AI Adoption Period
AZO,"AutoZone, Inc.",3552125.0,1957609476.0,"AutoZone, Inc., Q4 2025 Earnings Call, Sep 23, 2025",2025-09-23,497,0,0.0,2024–2025 AI Adoption Period
AZO,"AutoZone, Inc.",3616914.0,1971061513.0,"AutoZone, Inc., Q1 2026 Earnings Call, Dec 09, 2025",2025-12-09,469,0,0.0,2024–2025 AI Adoption Period
AVB,"AvalonBay Communities, Inc.",3147854.0,701104232.0,"AvalonBay Communities, Inc., Q4 2020 Earnings Call, Feb 04, 2021",2021-02-04,836,1,0.0011961722488038,2021–2022 Pre-ChatGPT Transition
AVB,"AvalonBay Communities, Inc.",2268483.0,709905627.0,"AvalonBay Communities, Inc., Q1 2021 Earnings Call, Apr 29, 2021",2021-04-29,570,3,0.0052631578947368,2021–2022 Pre-ChatGPT Transition
AVB,"AvalonBay Communities, Inc.",2382483.0,1672557296.0,"AvalonBay Communities, Inc., Q2 2021 Earnings Call, Jul 29, 2021",2021-07-29,612,0,0.0,2021–2022 Pre-ChatGPT Transition
AVB,"AvalonBay Communities, Inc.",2421920.0,1683621664.0,"AvalonBay Communities, Inc., Q3 2021 Earnings Call, Oct 28, 2021",2021-10-28,640,0,0.0,2021–2022 Pre-ChatGPT Transition
AVB,"AvalonBay Communities, Inc.",2491196.0,1763505498.0,"AvalonBay Communities, Inc., Q4 2021 Earnings Call, Feb 03, 2022",2022-02-03,648,0,0.0,2021–2022 Pre-ChatGPT Transition
AVB,"AvalonBay Communities, Inc.",2547542.0,1777573669.0,"AvalonBay Communities, Inc., Q1 2022 Earnings Call, Apr 28, 2022",2022-04-28,512,0,0.0,2021–2022 Pre-ChatGPT Transition
AVB,"AvalonBay Communities, Inc.",2622545.0,1789000994.0,"AvalonBay Communities, Inc., Q2 2022 Earnings Call, Jul 28, 2022",2022-07-28,421,0,0.0,2021–2022 Pre-ChatGPT Transition
AVB,"AvalonBay Communities, Inc.",2706472.0,1804618327.0,"AvalonBay Communities, Inc., Q3 2022 Earnings Call, Nov 04, 2022",2022-11-04,478,0,0.0,2021–2022 Pre-ChatGPT Transition
AVB,"AvalonBay Communities, Inc.",2769183.0,1821250574.0,"AvalonBay Communities, Inc., Q4 2022 Earnings Call, Feb 09, 2023",2023-02-09,615,0,0.0,2023 Initial GenAI Surge
AVB,"AvalonBay Communities, Inc.",2788471.0,1831289121.0,"AvalonBay Communities, Inc., Q1 2023 Earnings Call, Apr 27, 2023",2023-04-27,573,0,0.0,2023 Initial GenAI Surge
AVB,"AvalonBay Communities, Inc.",2864569.0,1846947735.0,"AvalonBay Communities, Inc., Q2 2023 Earnings Call, Aug 01, 2023",2023-08-01,488,1,0.0020491803278688,2023 Initial GenAI Surge
AVB,"AvalonBay Communities, Inc.",2927743.0,1857163388.0,"AvalonBay Communities, Inc., Q3 2023 Earnings Call, Oct 26, 2023",2023-10-26,621,0,0.0,2023 Initial GenAI Surge
AVB,"AvalonBay Communities, Inc.",3010034.0,1867445688.0,"AvalonBay Communities, Inc., Q4 2023 Earnings Call, Feb 01, 2024",2024-02-01,572,1,0.0017482517482517,2024–2025 AI Adoption Period
AVB,"AvalonBay Communities, Inc.",3099140.0,1877231982.0,"AvalonBay Communities, Inc., Q1 2024 Earnings Call, Apr 26, 2024",2024-04-26,682,1,0.001466275659824,2024–2025 AI Adoption Period
AVB,"AvalonBay Communities, Inc.",3209035.0,1886225254.0,"AvalonBay Communities, Inc., Q2 2024 Earnings Call, Aug 01, 2024",2024-08-01,460,0,0.0,2024–2025 AI Adoption Period
AVB,"AvalonBay Communities, Inc.",3299106.0,1899558870.0,"AvalonBay Communities, Inc., Q3 2024 Earnings Call, Nov 05, 2024",2024-11-05,573,1,0.0017452006980802,2024–2025 AI Adoption Period
AVB,"AvalonBay Communities, Inc.",3367896.0,1916126270.0,"AvalonBay Communities, Inc., Q4 2024 Earnings Call, Feb 06, 2025",2025-02-06,565,1,0.0017699115044247,2024–2025 AI Adoption Period
AVB,"AvalonBay Communities, Inc.",3434361.0,1937821720.0,"AvalonBay Communities, Inc., Q1 2025 Earnings Call, May 01, 2025",2025-05-01,531,1,0.0018832391713747,2024–2025 AI Adoption Period
AVB,"AvalonBay Communities, Inc.",3510875.0,1953016185.0,"AvalonBay Communities, Inc., Q2 2025 Earnings Call, Jul 31, 2025",2025-07-31,506,1,0.0019762845849802,2024–2025 AI Adoption Period
AVB,"AvalonBay Communities, Inc.",3584028.0,1962925035.0,"AvalonBay Communities, Inc., Q3 2025 Earnings Call, Oct 30, 2025",2025-10-30,429,4,0.0093240093240093,2024–2025 AI Adoption Period
AVY,Avery Dennison Corporation,2190225.0,701917312.0,"Avery Dennison Corporation, Q4 2020 Earnings Call, Feb 03, 2021",2021-02-03,479,0,0.0,2021–2022 Pre-ChatGPT Transition
AVY,Avery Dennison Corporation,2261200.0,710858435.0,"Avery Dennison Corporation, Q1 2021 Earnings Call, Apr 28, 2021",2021-04-28,465,0,0.0,2021–2022 Pre-ChatGPT Transition
AVY,Avery Dennison Corporation,2353241.0,1674086341.0,"Avery Dennison Corporation, Q2 2021 Earnings Call, Jul 28, 2021",2021-07-28,442,0,0.0,2021–2022 Pre-ChatGPT Transition
AVY,Avery Dennison Corporation,2414514.0,1684721158.0,"Avery Dennison Corporation, Q3 2021 Earnings Call, Oct 27, 2021",2021-10-27,389,0,0.0,2021–2022 Pre-ChatGPT Transition
AVY,Avery Dennison Corporation,2482977.0,1764509297.0,"Avery Dennison Corporation, Q4 2021 Earnings Call, Feb 02, 2022",2022-02-02,477,0,0.0,2021–2022 Pre-ChatGPT Transition
AVY,Avery Dennison Corporation,2543547.0,1777394082.0,"Avery Dennison Corporation, Q1 2022 Earnings Call, Apr 26, 2022",2022-04-26,393,0,0.0,2021–2022 Pre-ChatGPT Transition
AVY,Avery Dennison Corporation,2605605.0,1790229515.0,"Avery Dennison Corporation, Q2 2022 Earnings Call, Jul 27, 2022",2022-07-27,264,0,0.0,2021–2022 Pre-ChatGPT Transition
AVY,Avery Dennison Corporation,2663956.0,1803860663.0,"Avery Dennison Corporation, Q3 2022 Earnings Call, Oct 26, 2022",2022-10-26,305,0,0.0,2021–2022 Pre-ChatGPT Transition
AVY,Avery Dennison Corporation,2727719.0,1821945750.0,"Avery Dennison Corporation, Q4 2022 Earnings Call, Feb 02, 2023",2023-02-02,311,0,0.0,2023 Initial GenAI Surge
AVY,Avery Dennison Corporation,2786581.0,1832478096.0,"Avery Dennison Corporation, Q1 2023 Earnings Call, Apr 26, 2023",2023-04-26,358,0,0.0,2023 Initial GenAI Surge
AVY,Avery Dennison Corporation,2886021.0,1847280756.0,"Avery Dennison Corporation, Q2 2023 Earnings Call, Jul 25, 2023",2023-07-25,353,0,0.0,2023 Initial GenAI Surge
AVY,Avery Dennison Corporation,2926075.0,1858295751.0,"Avery Dennison Corporation, Q3 2023 Earnings Call, Oct 25, 2023",2023-10-25,309,0,0.0,2023 Initial GenAI Surge
AVY,Avery Dennison Corporation,3008485.0,1868280644.0,"Avery Dennison Corporation, Q4 2023 Earnings Call, Jan 31, 2024",2024-01-31,330,0,0.0,2024–2025 AI Adoption Period
AVY,Avery Dennison Corporation,3095180.0,1876574977.0,"Avery Dennison Corporation, Q1 2024 Earnings Call, Apr 24, 2024",2024-04-24,305,0,0.0,2024–2025 AI Adoption Period
AVY,Avery Dennison Corporation,3192962.0,1888602786.0,"Avery Dennison Corporation, Q2 2024 Earnings Call, Jul 23, 2024",2024-07-23,323,0,0.0,2024–2025 AI Adoption Period
AVY,Avery Dennison Corporation,3287084.0,1899086384.0,"Avery Dennison Corporation, Q3 2024 Earnings Call, Oct 23, 2024",2024-10-23,308,0,0.0,2024–2025 AI Adoption Period
AVY,Avery Dennison Corporation,3362749.0,1916232517.0,"Avery Dennison Corporation, Q4 2024 Earnings Call, Jan 30, 2025",2025-01-30,369,0,0.0,2024–2025 AI Adoption Period
AVY,Avery Dennison Corporation,3423059.0,1937694237.0,"Avery Dennison Corporation, Q1 2025 Earnings Call, Apr 23, 2025",2025-04-23,476,0,0.0,2024–2025 AI Adoption Period
AVY,Avery Dennison Corporation,3510084.0,1951452870.0,"Avery Dennison Corporation, Q2 2025 Earnings Call, Jul 22, 2025",2025-07-22,390,0,0.0,2024–2025 AI Adoption Period
AVY,Avery Dennison Corporation,3618450.0,1962903521.0,"Avery Dennison Corporation, Q3 2025 Earnings Call, Oct 22, 2025",2025-10-22,375,0,0.0,2024–2025 AI Adoption Period
AXON,"Axon Enterprise, Inc.",2224745.0,704031805.0,"Axon Enterprise, Inc., Q4 2020 Earnings Call, Feb 25, 2021",2021-02-25,512,0,0.0,2021–2022 Pre-ChatGPT Transition
AXON,"Axon Enterprise, Inc.",2481817.0,712691917.0,"Axon Enterprise, Inc., Q1 2021 Earnings Call, May 06, 2021",2021-05-06,365,1,0.0027397260273972,2021–2022 Pre-ChatGPT Transition
AXON,"Axon Enterprise, Inc.",2510127.0,1674832159.0,"Axon Enterprise, Inc., Q2 2021 Earnings Call, Aug 05, 2021",2021-08-05,338,2,0.0059171597633136,2021–2022 Pre-ChatGPT Transition
AXON,"Axon Enterprise, Inc.",2441067.0,1686160713.0,"Axon Enterprise, Inc., Q3 2021 Earnings Call, Nov 15, 2021",2021-11-15,610,0,0.0,2021–2022 Pre-ChatGPT Transition
AXON,"Axon Enterprise, Inc.",2539095.0,1771774355.0,"Axon Enterprise, Inc., Q4 2021 Earnings Call, Feb 24, 2022",2022-02-24,375,0,0.0,2021–2022 Pre-ChatGPT Transition
AXON,"Axon Enterprise, Inc.",2561701.0,1781571467.0,"Axon Enterprise, Inc., Q1 2022 Earnings Call, May 10, 2022",2022-05-10,483,0,0.0,2021–2022 Pre-ChatGPT Transition
AXON,"Axon Enterprise, Inc.",2653447.0,1793378747.0,"Axon Enterprise, Inc., Q2 2022 Earnings Call, Aug 09, 2022",2022-08-09,422,0,0.0,2021–2022 Pre-ChatGPT Transition
AXON,"Axon Enterprise, Inc.",3281318.0,1805996528.0,"Axon Enterprise, Inc., Q3 2022 Earnings Call, Nov 08, 2022",2022-11-08,475,0,0.0,2021–2022 Pre-ChatGPT Transition
AXON,"Axon Enterprise, Inc.",2754388.0,1824931206.0,"Axon Enterprise, Inc., Q4 2022 Earnings Call, Feb 28, 2023",2023-02-28,435,2,0.0045977011494252,2023 Initial GenAI Surge
AXON,"Axon Enterprise, Inc.",2800283.0,1834950514.0,"Axon Enterprise, Inc., Q1 2023 Earnings Call, May 09, 2023",2023-05-09,441,1,0.0022675736961451,2023 Initial GenAI Surge
AXON,"Axon Enterprise, Inc.",2875491.0,1848990367.0,"Axon Enterprise, Inc., Q2 2023 Earnings Call, Aug 08, 2023",2023-08-08,509,14,0.0275049115913556,2023 Initial GenAI Surge
AXON,"Axon Enterprise, Inc.",2940857.0,1859965228.0,"Axon Enterprise, Inc., Q3 2023 Earnings Call, Nov 07, 2023",2023-11-07,493,8,0.0162271805273833,2023 Initial GenAI Surge
AXON,"Axon Enterprise, Inc.",3041873.0,1871624749.0,"Axon Enterprise, Inc., Q4 2023 Earnings Call, Feb 27, 2024",2024-02-27,546,2,0.0036630036630036,2024–2025 AI Adoption Period
AXON,"Axon Enterprise, Inc.",3111132.0,1878770740.0,"Axon Enterprise, Inc., Q1 2024 Earnings Call, May 06, 2024",2024-05-06,422,10,0.0236966824644549,2024–2025 AI Adoption Period
AXON,"Axon Enterprise, Inc.",3215885.0,1888645529.0,"Axon Enterprise, Inc., Q2 2024 Earnings Call, Aug 06, 2024",2024-08-06,605,24,0.0396694214876033,2024–2025 AI Adoption Period
AXON,"Axon Enterprise, Inc.",3314809.0,1901714283.0,"Axon Enterprise, Inc., Q3 2024 Earnings Call, Nov 07, 2024",2024-11-07,580,24,0.0413793103448275,2024–2025 AI Adoption Period
AXON,"Axon Enterprise, Inc.",3384298.0,1931172130.0,"Axon Enterprise, Inc., Q4 2024 Earnings Call, Feb 25, 2025",2025-02-25,604,26,0.043046357615894,2024–2025 AI Adoption Period
AXON,"Axon Enterprise, Inc.",3444225.0,1940764239.0,"Axon Enterprise, Inc., Q1 2025 Earnings Call, May 07, 2025",2025-05-07,599,24,0.0400667779632721,2024–2025 AI Adoption Period
AXON,"Axon Enterprise, Inc.",3543415.0,1954088632.0,"Axon Enterprise, Inc., Q2 2025 Earnings Call, Aug 04, 2025",2025-08-04,565,26,0.0460176991150442,2024–2025 AI Adoption Period
AXON,"Axon Enterprise, Inc.",3590647.0,1966908894.0,"Axon Enterprise, Inc., Q3 2025 Earnings Call, Nov 04, 2025",2025-11-04,601,19,0.0316139767054908,2024–2025 AI Adoption Period
BKR,Baker Hughes Company,2177840.0,698468164.0,"Baker Hughes Company, Q4 2020 Earnings Call, Jan 21, 2021",2021-01-21,534,8,0.0149812734082397,2021–2022 Pre-ChatGPT Transition
BKR,Baker Hughes Company,2254419.0,707670403.0,"Baker Hughes Company, Q1 2021 Earnings Call, Apr 21, 2021",2021-04-21,481,7,0.0145530145530145,2021–2022 Pre-ChatGPT Transition
BKR,Baker Hughes Company,2348653.0,718968165.0,"Baker Hughes Company, Q2 2021 Earnings Call, Jul 21, 2021",2021-07-21,478,3,0.006276150627615,2021–2022 Pre-ChatGPT Transition
BKR,Baker Hughes Company,2408155.0,1682581530.0,"Baker Hughes Company, Q3 2021 Earnings Call, Oct 20, 2021",2021-10-20,520,1,0.0019230769230769,2021–2022 Pre-ChatGPT Transition
BKR,Baker Hughes Company,2477123.0,1759380345.0,"Baker Hughes Company, 2021 Earnings Call, Jan 20, 2022",2022-01-20,465,3,0.0064516129032258,2021–2022 Pre-ChatGPT Transition
BKR,Baker Hughes Company,2540264.0,1774966434.0,"Baker Hughes Company, Q1 2022 Earnings Call, Apr 20, 2022",2022-04-20,519,2,0.0038535645472061,2021–2022 Pre-ChatGPT Transition
BKR,Baker Hughes Company,2601333.0,1787108353.0,"Baker Hughes Company, Q2 2022 Earnings Call, Jul 20, 2022",2022-07-20,483,1,0.0020703933747412,2021–2022 Pre-ChatGPT Transition
BKR,Baker Hughes Company,2746209.0,1800779098.0,"Baker Hughes Company, Q3 2022 Earnings Call, Oct 19, 2022",2022-10-19,505,1,0.0019801980198019,2021–2022 Pre-ChatGPT Transition
BKR,Baker Hughes Company,2720151.0,1815278351.0,"Baker Hughes Company, Q4 2022 Earnings Call, Jan 23, 2023",2023-01-23,438,1,0.002283105022831,2023 Initial GenAI Surge
BKR,Baker Hughes Company,2781905.0,1829322085.0,"Baker Hughes Company, Q1 2023 Earnings Call, Apr 19, 2023",2023-04-19,462,1,0.0021645021645021,2023 Initial GenAI Surge
BKR,Baker Hughes Company,2853968.0,1841199909.0,"Baker Hughes Company, Q2 2023 Earnings Call, Jul 19, 2023",2023-07-19,446,0,0.0,2023 Initial GenAI Surge
BKR,Baker Hughes Company,3010966.0,1855172873.0,"Baker Hughes Company, Q3 2023 Earnings Call, Oct 26, 2023",2023-10-26,423,0,0.0,2023 Initial GenAI Surge
BKR,Baker Hughes Company,3002612.0,1864648870.0,"Baker Hughes Company, Q4 2023 Earnings Call, Jan 24, 2024",2024-01-24,450,0,0.0,2024–2025 AI Adoption Period
BKR,Baker Hughes Company,3094959.0,1874747113.0,"Baker Hughes Company, Q1 2024 Earnings Call, Apr 24, 2024",2024-04-24,423,8,0.0189125295508274,2024–2025 AI Adoption Period
BKR,Baker Hughes Company,3197914.0,1884952470.0,"Baker Hughes Company, Q2 2024 Earnings Call, Jul 26, 2024",2024-07-26,462,2,0.0043290043290043,2024–2025 AI Adoption Period
BKR,Baker Hughes Company,3286982.0,1897592049.0,"Baker Hughes Company, Q3 2024 Earnings Call, Oct 23, 2024",2024-10-23,444,2,0.0045045045045045,2024–2025 AI Adoption Period
BKR,Baker Hughes Company,3363814.0,1912534883.0,"Baker Hughes Company, Q4 2024 Earnings Call, Jan 31, 2025",2025-01-31,435,4,0.0091954022988505,2024–2025 AI Adoption Period
BKR,Baker Hughes Company,3422823.0,1934889069.0,"Baker Hughes Company, Q1 2025 Earnings Call, Apr 23, 2025",2025-04-23,423,1,0.0023640661938534,2024–2025 AI Adoption Period
BKR,Baker Hughes Company,3501820.0,1947969251.0,"Baker Hughes Company, Q2 2025 Earnings Call, Jul 23, 2025",2025-07-23,416,1,0.0024038461538461,2024–2025 AI Adoption Period
BKR,Baker Hughes Company,3568009.0,1961793212.0,"Baker Hughes Company, Q3 2025 Earnings Call, Oct 24, 2025",2025-10-24,424,7,0.0165094339622641,2024–2025 AI Adoption Period
BAC,Bank of America Corporation,2175557.0,670919296.0,"Bank of America Corporation, Q4 2020 Earnings Call, Jan 19, 2021",2021-01-19,833,1,0.0012004801920768,2021–2022 Pre-ChatGPT Transition
BAC,Bank of America Corporation,2251951.0,670919338.0,"Bank of America Corporation, Q1 2021 Earnings Call, Apr 15, 2021",2021-04-15,737,0,0.0,2021–2022 Pre-ChatGPT Transition
BAC,Bank of America Corporation,2347396.0,670919360.0,"Bank of America Corporation, Q2 2021 Earnings Call, Jul 14, 2021",2021-07-14,636,3,0.0047169811320754,2021–2022 Pre-ChatGPT Transition
BAC,Bank of America Corporation,2406384.0,670919376.0,"Bank of America Corporation, Q3 2021 Earnings Call, Oct 14, 2021",2021-10-14,680,1,0.0014705882352941,2021–2022 Pre-ChatGPT Transition
BAC,Bank of America Corporation,2474726.0,718142226.0,"Bank of America Corporation, Q4 2021 Earnings Call, Jan 19, 2022",2022-01-19,738,2,0.002710027100271,2021–2022 Pre-ChatGPT Transition
BAC,Bank of America Corporation,2539302.0,718142253.0,"Bank of America Corporation, Q1 2022 Earnings Call, Apr 18, 2022",2022-04-18,824,0,0.0,2021–2022 Pre-ChatGPT Transition
BAC,Bank of America Corporation,2600417.0,718142335.0,"Bank of America Corporation, Q2 2022 Earnings Call, Jul 18, 2022",2022-07-18,645,0,0.0,2021–2022 Pre-ChatGPT Transition
BAC,Bank of America Corporation,2657992.0,718142358.0,"Bank of America Corporation, Q3 2022 Earnings Call, Oct 17, 2022",2022-10-17,718,0,0.0,2021–2022 Pre-ChatGPT Transition
BAC,Bank of America Corporation,2718283.0,1784038192.0,"Bank of America Corporation, Q4 2022 Earnings Call, Jan 13, 2023",2023-01-13,734,0,0.0,2023 Initial GenAI Surge
BAC,Bank of America Corporation,2781380.0,1784038229.0,"Bank of America Corporation, Q1 2023 Earnings Call, Apr 18, 2023",2023-04-18,799,4,0.0050062578222778,2023 Initial GenAI Surge
BAC,Bank of America Corporation,2853349.0,1784038253.0,"Bank of America Corporation, Q2 2023 Earnings Call, Jul 18, 2023",2023-07-18,679,6,0.0088365243004418,2023 Initial GenAI Surge
BAC,Bank of America Corporation,2921383.0,1784038290.0,"Bank of America Corporation, Q3 2023 Earnings Call, Oct 17, 2023",2023-10-17,760,4,0.0052631578947368,2023 Initial GenAI Surge
BAC,Bank of America Corporation,2994389.0,1841933932.0,"Bank of America Corporation, Q4 2023 Earnings Call, Jan 12, 2024",2024-01-12,737,11,0.0149253731343283,2024–2025 AI Adoption Period
BAC,Bank of America Corporation,3085895.0,1841935147.0,"Bank of America Corporation, Q1 2024 Earnings Call, Apr 16, 2024",2024-04-16,633,0,0.0,2024–2025 AI Adoption Period
BAC,Bank of America Corporation,3186894.0,1841935225.0,"Bank of America Corporation, Q2 2024 Earnings Call, Jul 16, 2024",2024-07-16,722,4,0.0055401662049861,2024–2025 AI Adoption Period
BAC,Bank of America Corporation,3283714.0,1841935251.0,"Bank of America Corporation, Q3 2024 Earnings Call, Oct 15, 2024",2024-10-15,552,1,0.0018115942028985,2024–2025 AI Adoption Period
BAC,Bank of America Corporation,3356606.0,1884459069.0,"Bank of America Corporation, Q4 2024 Earnings Call, Jan 16, 2025",2025-01-16,724,0,0.0,2024–2025 AI Adoption Period
BAC,Bank of America Corporation,3418560.0,1884459151.0,"Bank of America Corporation, Q1 2025 Earnings Call, Apr 15, 2025",2025-04-15,705,2,0.0028368794326241,2024–2025 AI Adoption Period
BAC,Bank of America Corporation,3498010.0,1884459375.0,"Bank of America Corporation, Q2 2025 Earnings Call, Jul 16, 2025",2025-07-16,737,18,0.0244233378561736,2024–2025 AI Adoption Period
BAC,Bank of America Corporation,3562087.0,1884459647.0,"Bank of America Corporation, Q3 2025 Earnings Call, Oct 15, 2025",2025-10-15,695,14,0.0201438848920863,2024–2025 AI Adoption Period
BG,BAWAG Group AG,2200249.0,703485203.0,"BAWAG Group AG, 2020 Earnings Call, Feb 09, 2021",2021-02-09,338,0,0.0,2021–2022 Pre-ChatGPT Transition
BG,BAWAG Group AG,2257890.0,712168440.0,"BAWAG Group AG, Q1 2021 Earnings Call, Apr 26, 2021",2021-04-26,405,0,0.0,2021–2022 Pre-ChatGPT Transition
BG,BAWAG Group AG,2352164.0,1674648753.0,"BAWAG Group AG, Q2 2021 Earnings Call, Jul 26, 2021",2021-07-26,292,0,0.0,2021–2022 Pre-ChatGPT Transition
BG,BAWAG Group AG,2529728.0,1686003093.0,"BAWAG Group AG, Q3 2021 Earnings Call, Oct 28, 2021",2021-10-28,223,0,0.0,2021–2022 Pre-ChatGPT Transition
BG,BAWAG Group AG,2528944.0,1772186366.0,"BAWAG Group AG, 2021 Earnings Call, Mar 01, 2022",2022-03-01,589,2,0.0033955857385398,2021–2022 Pre-ChatGPT Transition
BG,BAWAG Group AG,2543338.0,1777917759.0,"BAWAG Group AG, Q1 2022 Earnings Call, Apr 26, 2022",2022-04-26,342,0,0.0,2021–2022 Pre-ChatGPT Transition
BG,BAWAG Group AG,2602296.0,1790254626.0,"BAWAG Group AG, Q2 2022 Earnings Call, Jul 21, 2022",2022-07-21,383,0,0.0,2021–2022 Pre-ChatGPT Transition
BG,BAWAG Group AG,2658821.0,1803459143.0,"BAWAG Group AG, Q3 2022 Earnings Call, Oct 19, 2022",2022-10-19,336,0,0.0,2021–2022 Pre-ChatGPT Transition
BG,BAWAG Group AG,2735618.0,1823055591.0,"BAWAG Group AG, 2022 Earnings Call, Feb 13, 2023",2023-02-13,370,0,0.0,2023 Initial GenAI Surge
BG,BAWAG Group AG,2786223.0,1832378685.0,"BAWAG Group AG, Q1 2023 Earnings Call, Apr 25, 2023",2023-04-25,476,0,0.0,2023 Initial GenAI Surge
BG,BAWAG Group AG,2854087.0,1846536797.0,"BAWAG Group AG, Q2 2023 Earnings Call, Jul 19, 2023",2023-07-19,557,0,0.0,2023 Initial GenAI Surge
BG,BAWAG Group AG,2987618.0,1857971603.0,"BAWAG Group AG, Q3 2023 Earnings Call, Oct 17, 2023",2023-10-17,295,0,0.0,2023 Initial GenAI Surge
BG,BAWAG Group AG,3070755.0,1868177935.0,"BAWAG Group AG, 2023 Earnings Call, Feb 01, 2024",2024-02-01,414,0,0.0,2024–2025 AI Adoption Period
BG,BAWAG Group AG,3100776.0,1878217248.0,"BAWAG Group AG, Q1 2024 Earnings Call, Apr 29, 2024",2024-04-29,366,0,0.0,2024–2025 AI Adoption Period
BG,BAWAG Group AG,3189013.0,1886899188.0,"BAWAG Group AG, Q2 2024 Earnings Call, Jul 18, 2024",2024-07-18,448,0,0.0,2024–2025 AI Adoption Period
BG,BAWAG Group AG,3291078.0,1900649277.0,"BAWAG Group AG, Q3 2024 Earnings Call, Oct 28, 2024",2024-10-28,448,0,0.0,2024–2025 AI Adoption Period
BG,BAWAG Group AG,3391713.0,1930834899.0,"BAWAG Group AG, 2024 Earnings Call, Mar 04, 2025",2025-03-04,234,0,0.0,2024–2025 AI Adoption Period
BG,BAWAG Group AG,3432947.0,1938959296.0,"BAWAG Group AG, Q1 2025 Earnings Call, Apr 29, 2025",2025-04-29,282,0,0.0,2024–2025 AI Adoption Period
BG,BAWAG Group AG,3501400.0,1952554373.0,"BAWAG Group AG, Q2 2025 Earnings Call, Jul 23, 2025",2025-07-23,264,0,0.0,2024–2025 AI Adoption Period
BG,BAWAG Group AG,3563351.0,1964556481.0,"BAWAG Group AG, Q3 2025 Earnings Call, Oct 22, 2025",2025-10-22,360,6,0.0166666666666666,2024–2025 AI Adoption Period
BAX,Baxter International Inc.,2192051.0,699514627.0,"Baxter International Inc., Q4 2020 Earnings Call, Feb 04, 2021",2021-02-04,515,0,0.0,2021–2022 Pre-ChatGPT Transition
BAX,Baxter International Inc.,2262482.0,709056523.0,"Baxter International Inc., Q1 2021 Earnings Call, Apr 29, 2021",2021-04-29,506,2,0.0039525691699604,2021–2022 Pre-ChatGPT Transition
BAX,Baxter International Inc.,2369667.0,718658980.0,"Baxter International Inc., Q2 2021 Earnings Call, Jul 29, 2021",2021-07-29,483,0,0.0,2021–2022 Pre-ChatGPT Transition
BAX,Baxter International Inc.,2476658.0,1683168886.0,"Baxter International Inc., Q3 2021 Earnings Call, Oct 28, 2021",2021-10-28,454,0,0.0,2021–2022 Pre-ChatGPT Transition
BAX,Baxter International Inc.,2497496.0,1763504814.0,"Baxter International Inc., Q4 2021 Earnings Call, Feb 17, 2022",2022-02-17,415,0,0.0,2021–2022 Pre-ChatGPT Transition
BAX,Baxter International Inc.,2546393.0,1775436087.0,"Baxter International Inc., Q1 2022 Earnings Call, Apr 28, 2022",2022-04-28,426,0,0.0,2021–2022 Pre-ChatGPT Transition
BAX,Baxter International Inc.,2607101.0,1786273441.0,"Baxter International Inc., Q2 2022 Earnings Call, Jul 28, 2022",2022-07-28,513,0,0.0,2021–2022 Pre-ChatGPT Transition
BAX,Baxter International Inc.,2665762.0,1799828724.0,"Baxter International Inc., Q3 2022 Earnings Call, Oct 27, 2022",2022-10-27,463,0,0.0,2021–2022 Pre-ChatGPT Transition
BAX,Baxter International Inc.,2733292.0,1820957093.0,"Baxter International Inc., Q4 2022 Earnings Call, Feb 09, 2023",2023-02-09,485,0,0.0,2023 Initial GenAI Surge
BAX,Baxter International Inc.,2788661.0,1820967863.0,"Baxter International Inc., Q1 2023 Earnings Call, Apr 27, 2023",2023-04-27,503,0,0.0,2023 Initial GenAI Surge
BAX,Baxter International Inc.,2861101.0,1841790333.0,"Baxter International Inc., Q2 2023 Earnings Call, Jul 27, 2023",2023-07-27,465,0,0.0,2023 Initial GenAI Surge
BAX,Baxter International Inc.,2933927.0,1856114154.0,"Baxter International Inc., Q3 2023 Earnings Call, Nov 02, 2023",2023-11-02,426,0,0.0,2023 Initial GenAI Surge
BAX,Baxter International Inc.,3016491.0,1867439693.0,"Baxter International Inc., Q4 2023 Earnings Call, Feb 08, 2024",2024-02-08,471,0,0.0,2024–2025 AI Adoption Period
BAX,Baxter International Inc.,3107154.0,1877762009.0,"Baxter International Inc., Q1 2024 Earnings Call, May 02, 2024",2024-05-02,472,0,0.0,2024–2025 AI Adoption Period
BAX,Baxter International Inc.,3214231.0,1888232013.0,"Baxter International Inc., Q2 2024 Earnings Call, Aug 06, 2024",2024-08-06,476,1,0.0021008403361344,2024–2025 AI Adoption Period
BAX,Baxter International Inc.,3304716.0,1900870202.0,"Baxter International Inc., Q3 2024 Earnings Call, Nov 08, 2024",2024-11-08,536,0,0.0,2024–2025 AI Adoption Period
BAX,Baxter International Inc.,3379758.0,1917806659.0,"Baxter International Inc., Q4 2024 Earnings Call, Feb 20, 2025",2025-02-20,514,0,0.0,2024–2025 AI Adoption Period
BAX,Baxter International Inc.,3432535.0,1939742416.0,"Baxter International Inc., Q1 2025 Earnings Call, May 01, 2025",2025-05-01,498,0,0.0,2024–2025 AI Adoption Period
BAX,Baxter International Inc.,3510077.0,1953688109.0,"Baxter International Inc., Q2 2025 Earnings Call, Jul 31, 2025",2025-07-31,483,0,0.0,2024–2025 AI Adoption Period
BAX,Baxter International Inc.,3575891.0,1966194296.0,"Baxter International Inc., Q3 2025 Earnings Call, Oct 30, 2025",2025-10-30,471,0,0.0,2024–2025 AI Adoption Period
BDX,"Becton, Dickinson and Company",2192009.0,700923566.0,"Becton, Dickinson and Company, Q1 2021 Earnings Call, Feb 04, 2021",2021-02-04,619,1,0.0016155088852988,2021–2022 Pre-ChatGPT Transition
BDX,"Becton, Dickinson and Company",2272621.0,710378802.0,"Becton, Dickinson and Company, Q2 2021 Earnings Call, May 06, 2021",2021-05-06,694,1,0.0014409221902017,2021–2022 Pre-ChatGPT Transition
BDX,"Becton, Dickinson and Company",2364853.0,1672579828.0,"Becton, Dickinson and Company, Q3 2021 Earnings Call, Aug 05, 2021",2021-08-05,649,0,0.0,2021–2022 Pre-ChatGPT Transition
BDX,"Becton, Dickinson and Company",2425048.0,1684279471.0,"Becton, Dickinson and Company, Q4 2021 Earnings Call, Nov 04, 2021",2021-11-04,609,0,0.0,2021–2022 Pre-ChatGPT Transition
BDX,"Becton, Dickinson and Company",2484331.0,1763384122.0,"Becton, Dickinson and Company, Q1 2022 Earnings Call, Feb 03, 2022",2022-02-03,546,0,0.0,2021–2022 Pre-ChatGPT Transition
BDX,"Becton, Dickinson and Company",2585318.0,1777449679.0,"Becton, Dickinson and Company, Q2 2022 Earnings Call, May 05, 2022",2022-05-05,641,2,0.0031201248049922,2021–2022 Pre-ChatGPT Transition
BDX,"Becton, Dickinson and Company",2615730.0,1790176625.0,"Becton, Dickinson and Company, Q3 2022 Earnings Call, Aug 04, 2022",2022-08-04,612,0,0.0,2021–2022 Pre-ChatGPT Transition
BDX,"Becton, Dickinson and Company",2683508.0,1804618186.0,"Becton, Dickinson and Company, Q4 2022 Earnings Call, Nov 10, 2022",2022-11-10,631,0,0.0,2021–2022 Pre-ChatGPT Transition
BDX,"Becton, Dickinson and Company",2727535.0,1820855408.0,"Becton, Dickinson and Company, Q1 2023 Earnings Call, Feb 02, 2023",2023-02-02,601,0,0.0,2023 Initial GenAI Surge
BDX,"Becton, Dickinson and Company",2848574.0,1832386782.0,"Becton, Dickinson and Company, Q2 2023 Earnings Call, May 04, 2023",2023-05-04,664,0,0.0,2023 Initial GenAI Surge
BDX,"Becton, Dickinson and Company",3021137.0,1847193033.0,"Becton, Dickinson and Company, Q3 2023 Earnings Call, Aug 03, 2023",2023-08-03,554,0,0.0,2023 Initial GenAI Surge
BDX,"Becton, Dickinson and Company",2944629.0,1858867446.0,"Becton, Dickinson and Company, Q4 2023 Earnings Call, Nov 09, 2023",2023-11-09,624,2,0.0032051282051282,2023 Initial GenAI Surge
BDX,"Becton, Dickinson and Company",3009733.0,1867439048.0,"Becton, Dickinson and Company, Q1 2024 Earnings Call, Feb 01, 2024",2024-02-01,514,0,0.0,2024–2025 AI Adoption Period
BDX,"Becton, Dickinson and Company",3106676.0,1877229733.0,"Becton, Dickinson and Company, Q2 2024 Earnings Call, May 02, 2024",2024-05-02,327,0,0.0,2024–2025 AI Adoption Period
BDX,"Becton, Dickinson and Company",3209076.0,1885263949.0,"Becton, Dickinson and Company, Q3 2024 Earnings Call, Aug 01, 2024",2024-08-01,520,8,0.0153846153846153,2024–2025 AI Adoption Period
BDX,"Becton, Dickinson and Company",3301989.0,1885263733.0,"Becton, Dickinson and Company, Q4 2024 Earnings Call, Nov 07, 2024",2024-11-07,427,10,0.0234192037470726,2024–2025 AI Adoption Period
BDX,"Becton, Dickinson and Company",3367628.0,1917053869.0,"Becton, Dickinson and Company, Q1 2025 Earnings Call, Feb 06, 2025",2025-02-06,440,2,0.0045454545454545,2024–2025 AI Adoption Period
BDX,"Becton, Dickinson and Company",3432402.0,1937797431.0,"Becton, Dickinson and Company, Q2 2025 Earnings Call, May 01, 2025",2025-05-01,445,9,0.0202247191011235,2024–2025 AI Adoption Period
BDX,"Becton, Dickinson and Company",3518540.0,1943177779.0,"Becton, Dickinson and Company, Q3 2025 Earnings Call, Aug 07, 2025",2025-08-07,348,3,0.0086206896551724,2024–2025 AI Adoption Period
BDX,"Becton, Dickinson and Company",3606351.0,1964557590.0,"Becton, Dickinson and Company, Q4 2025 Earnings Call, Nov 06, 2025",2025-11-06,402,1,0.0024875621890547,2024–2025 AI Adoption Period
BBY,"Best Buy Co., Inc.",2289282.0,702760909.0,"Best Buy Co., Inc., Q4 2021 Earnings Call, Feb 25, 2021",2021-02-25,454,0,0.0,2021–2022 Pre-ChatGPT Transition
BBY,"Best Buy Co., Inc.",2302459.0,712132199.0,"Best Buy Co., Inc., Q1 2022 Earnings Call, May 27, 2021",2021-05-27,485,0,0.0,2021–2022 Pre-ChatGPT Transition
BBY,"Best Buy Co., Inc.",2384801.0,1674861568.0,"Best Buy Co., Inc., Q2 2022 Earnings Call, Aug 24, 2021",2021-08-24,473,0,0.0,2021–2022 Pre-ChatGPT Transition
BBY,"Best Buy Co., Inc.",2447582.0,1686775216.0,"Best Buy Co., Inc., Q3 2022 Earnings Call, Nov 23, 2021",2021-11-23,521,0,0.0,2021–2022 Pre-ChatGPT Transition
BBY,"Best Buy Co., Inc.",2532272.0,1764327809.0,"Best Buy Co., Inc., Q4 2022 Earnings Call, Mar 03, 2022",2022-03-03,1087,0,0.0,2021–2022 Pre-ChatGPT Transition
BBY,"Best Buy Co., Inc.",2577532.0,1780496803.0,"Best Buy Co., Inc., Q1 2023 Earnings Call, May 24, 2022",2022-05-24,483,0,0.0,2021–2022 Pre-ChatGPT Transition
BBY,"Best Buy Co., Inc.",2640904.0,1793891092.0,"Best Buy Co., Inc., Q2 2023 Earnings Call, Aug 30, 2022",2022-08-30,499,0,0.0,2021–2022 Pre-ChatGPT Transition
BBY,"Best Buy Co., Inc.",2695883.0,1813334074.0,"Best Buy Co., Inc., Q3 2023 Earnings Call, Nov 22, 2022",2022-11-22,491,0,0.0,2021–2022 Pre-ChatGPT Transition
BBY,"Best Buy Co., Inc.",2756336.0,1824684035.0,"Best Buy Co., Inc., Q4 2023 Earnings Call, Mar 02, 2023",2023-03-02,493,0,0.0,2023 Initial GenAI Surge
BBY,"Best Buy Co., Inc.",2821323.0,1834815934.0,"Best Buy Co., Inc., Q1 2024 Earnings Call, May 25, 2023",2023-05-25,495,3,0.006060606060606,2023 Initial GenAI Surge
BBY,"Best Buy Co., Inc.",3079583.0,1848146223.0,"Best Buy Co., Inc., Q2 2024 Earnings Call, Aug 29, 2023",2023-08-29,494,6,0.0121457489878542,2023 Initial GenAI Surge
BBY,"Best Buy Co., Inc.",2963012.0,1858615497.0,"Best Buy Co., Inc., Q3 2024 Earnings Call, Nov 21, 2023",2023-11-21,477,3,0.0062893081761006,2023 Initial GenAI Surge
BBY,"Best Buy Co., Inc.",3044938.0,1869210929.0,"Best Buy Co., Inc., Q4 2024 Earnings Call, Feb 29, 2024",2024-02-29,474,14,0.0295358649789029,2024–2025 AI Adoption Period
BBY,"Best Buy Co., Inc.",3148150.0,1879614445.0,"Best Buy Co., Inc., Q1 2025 Earnings Call, May 30, 2024",2024-05-30,490,21,0.0428571428571428,2024–2025 AI Adoption Period
BBY,"Best Buy Co., Inc.",3246119.0,1889194550.0,"Best Buy Co., Inc., Q2 2025 Earnings Call, Aug 29, 2024",2024-08-29,505,19,0.0376237623762376,2024–2025 AI Adoption Period
BBY,"Best Buy Co., Inc.",3319119.0,1901573183.0,"Best Buy Co., Inc., Q3 2025 Earnings Call, Nov 26, 2024",2024-11-26,533,15,0.0281425891181988,2024–2025 AI Adoption Period
BBY,"Best Buy Co., Inc.",3391940.0,1917791117.0,"Best Buy Co., Inc., Q4 2025 Earnings Call, Mar 04, 2025",2025-03-04,508,6,0.0118110236220472,2024–2025 AI Adoption Period
BBY,"Best Buy Co., Inc.",3495745.0,1941140719.0,"Best Buy Co., Inc., Q1 2026 Earnings Call, May 29, 2025",2025-05-29,498,9,0.0180722891566265,2024–2025 AI Adoption Period
BBY,"Best Buy Co., Inc.",3536717.0,1954557963.0,"Best Buy Co., Inc., Q2 2026 Earnings Call, Aug 28, 2025",2025-08-28,493,9,0.0182555780933062,2024–2025 AI Adoption Period
BBY,"Best Buy Co., Inc.",3604884.0,1966188929.0,"Best Buy Co., Inc., Q3 2026 Earnings Call, Nov 25, 2025",2025-11-25,504,8,0.0158730158730158,2024–2025 AI Adoption Period
BIIB,Biogen Inc.,2239724.0,701108320.0,"Biogen Inc., Q4 2020 Earnings Call, Feb 03, 2021",2021-02-03,479,0,0.0,2021–2022 Pre-ChatGPT Transition
BIIB,Biogen Inc.,2255485.0,710875286.0,"Biogen Inc., Q1 2021 Earnings Call, Apr 22, 2021",2021-04-22,481,1,0.002079002079002,2021–2022 Pre-ChatGPT Transition
BIIB,Biogen Inc.,2384576.0,1673352174.0,"Biogen Inc., Q2 2021 Earnings Call, Jul 22, 2021",2021-07-22,560,0,0.0,2021–2022 Pre-ChatGPT Transition
BIIB,Biogen Inc.,2408046.0,1684547581.0,"Biogen Inc., Q3 2021 Earnings Call, Oct 20, 2021",2021-10-20,507,0,0.0,2021–2022 Pre-ChatGPT Transition
BIIB,Biogen Inc.,2484105.0,1764822695.0,"Biogen Inc., Q4 2021 Earnings Call, Feb 03, 2022",2022-02-03,470,1,0.002127659574468,2021–2022 Pre-ChatGPT Transition
BIIB,Biogen Inc.,2589327.0,1777174987.0,"Biogen Inc., Q1 2022 Earnings Call, May 03, 2022",2022-05-03,464,0,0.0,2021–2022 Pre-ChatGPT Transition
BIIB,Biogen Inc.,2601733.0,1789929265.0,"Biogen Inc., Q2 2022 Earnings Call, Jul 20, 2022",2022-07-20,497,0,0.0,2021–2022 Pre-ChatGPT Transition
BIIB,Biogen Inc.,2662363.0,1804304509.0,"Biogen Inc., Q3 2022 Earnings Call, Oct 25, 2022",2022-10-25,523,0,0.0,2021–2022 Pre-ChatGPT Transition
BIIB,Biogen Inc.,2738823.0,1822364941.0,"Biogen Inc., Q4 2022 Earnings Call, Feb 15, 2023",2023-02-15,531,0,0.0,2023 Initial GenAI Surge
BIIB,Biogen Inc.,2785113.0,1832857557.0,"Biogen Inc., Q1 2023 Earnings Call, Apr 25, 2023",2023-04-25,607,0,0.0,2023 Initial GenAI Surge
BIIB,Biogen Inc.,2857939.0,1847544427.0,"Biogen Inc., Q2 2023 Earnings Call, Jul 25, 2023",2023-07-25,607,0,0.0,2023 Initial GenAI Surge
BIIB,Biogen Inc.,2942248.0,1858786753.0,"Biogen Inc., Q3 2023 Earnings Call, Nov 08, 2023",2023-11-08,501,0,0.0,2023 Initial GenAI Surge
BIIB,Biogen Inc.,3021890.0,1868292151.0,"Biogen Inc., Q4 2023 Earnings Call, Feb 13, 2024",2024-02-13,581,0,0.0,2024–2025 AI Adoption Period
BIIB,Biogen Inc.,3095121.0,1877720186.0,"Biogen Inc., Q1 2024 Earnings Call, Apr 24, 2024",2024-04-24,543,1,0.001841620626151,2024–2025 AI Adoption Period
BIIB,Biogen Inc.,3209458.0,1885547344.0,"Biogen Inc., Q2 2024 Earnings Call, Aug 01, 2024",2024-08-01,537,2,0.0037243947858473,2024–2025 AI Adoption Period
BIIB,Biogen Inc.,3293440.0,1899542005.0,"Biogen Inc., Q3 2024 Earnings Call, Oct 30, 2024",2024-10-30,464,2,0.0043103448275862,2024–2025 AI Adoption Period
BIIB,Biogen Inc.,3372011.0,1929027859.0,"Biogen Inc., Q4 2024 Earnings Call, Feb 12, 2025",2025-02-12,573,3,0.0052356020942408,2024–2025 AI Adoption Period
BIIB,Biogen Inc.,3432488.0,1936425189.0,"Biogen Inc., Q1 2025 Earnings Call, May 01, 2025",2025-05-01,532,1,0.0018796992481203,2024–2025 AI Adoption Period
BIIB,Biogen Inc.,3510306.0,1951437891.0,"Biogen Inc., Q2 2025 Earnings Call, Jul 31, 2025",2025-07-31,539,0,0.0,2024–2025 AI Adoption Period
BIIB,Biogen Inc.,3582892.0,1962043227.0,"Biogen Inc., Q3 2025 Earnings Call, Oct 30, 2025",2025-10-30,539,2,0.0037105751391465,2024–2025 AI Adoption Period
BLK,"BlackRock, Inc.",2172228.0,699733494.0,"BlackRock, Inc., Q4 2020 Earnings Call, Jan 14, 2021",2021-01-14,390,3,0.0076923076923076,2021–2022 Pre-ChatGPT Transition
BLK,"BlackRock, Inc.",2251725.0,710028977.0,"BlackRock, Inc., Q1 2021 Earnings Call, Apr 15, 2021",2021-04-15,360,1,0.0027777777777777,2021–2022 Pre-ChatGPT Transition
BLK,"BlackRock, Inc.",2344957.0,1672517031.0,"BlackRock, Inc., Q2 2021 Earnings Call, Jul 14, 2021",2021-07-14,436,0,0.0,2021–2022 Pre-ChatGPT Transition
BLK,"BlackRock, Inc.",2405980.0,1683407963.0,"BlackRock, Inc., Q3 2021 Earnings Call, Oct 13, 2021",2021-10-13,413,0,0.0,2021–2022 Pre-ChatGPT Transition
BLK,"BlackRock, Inc.",2472128.0,1762754828.0,"BlackRock, Inc., Q4 2021 Earnings Call, Jan 14, 2022",2022-01-14,378,0,0.0,2021–2022 Pre-ChatGPT Transition
BLK,"BlackRock, Inc.",2537434.0,1776371771.0,"BlackRock, Inc., Q1 2022 Earnings Call, Apr 13, 2022",2022-04-13,402,0,0.0,2021–2022 Pre-ChatGPT Transition
BLK,"BlackRock, Inc.",2611888.0,1788955488.0,"BlackRock, Inc., Q2 2022 Earnings Call, Jul 15, 2022",2022-07-15,384,0,0.0,2021–2022 Pre-ChatGPT Transition
BLK,"BlackRock, Inc.",2657246.0,1802641297.0,"BlackRock, Inc., Q3 2022 Earnings Call, Oct 13, 2022",2022-10-13,411,0,0.0,2021–2022 Pre-ChatGPT Transition
BLK,"BlackRock, Inc.",2718251.0,1820012817.0,"BlackRock, Inc., Q4 2022 Earnings Call, Jan 13, 2023",2023-01-13,397,0,0.0,2023 Initial GenAI Surge
BLK,"BlackRock, Inc.",2780585.0,1831392504.0,"BlackRock, Inc., Q1 2023 Earnings Call, Apr 14, 2023",2023-04-14,425,0,0.0,2023 Initial GenAI Surge
BLK,"BlackRock, Inc.",2851286.0,1846241540.0,"BlackRock, Inc., Q2 2023 Earnings Call, Jul 14, 2023",2023-07-14,381,2,0.0052493438320209,2023 Initial GenAI Surge
BLK,"BlackRock, Inc.",2917793.0,1857264486.0,"BlackRock, Inc., Q3 2023 Earnings Call, Oct 13, 2023",2023-10-13,486,5,0.0102880658436214,2023 Initial GenAI Surge
BLK,"BlackRock, Inc.",2994347.0,1866318668.0,"BlackRock, Inc., Q4 2023 Earnings Call, Jan 12, 2024",2024-01-12,616,1,0.0016233766233766,2024–2025 AI Adoption Period
BLK,"BlackRock, Inc.",3084106.0,1876582481.0,"BlackRock, Inc., Q1 2024 Earnings Call, Apr 12, 2024",2024-04-12,498,4,0.0080321285140562,2024–2025 AI Adoption Period
BLK,"BlackRock, Inc.",3278463.0,1886486220.0,"BlackRock, Inc., Q2 2024 Earnings Call, Jul 15, 2024",2024-07-15,487,10,0.0205338809034907,2024–2025 AI Adoption Period
BLK,"BlackRock, Inc.",3281090.0,1898806644.0,"BlackRock, Inc., Q3 2024 Earnings Call, Oct 11, 2024",2024-10-11,514,6,0.0116731517509727,2024–2025 AI Adoption Period
BLK,"BlackRock, Inc.",3355603.0,1914759492.0,"BlackRock, Inc., Q4 2024 Earnings Call, Jan 15, 2025",2025-01-15,545,2,0.0036697247706422,2024–2025 AI Adoption Period
BLK,"BlackRock, Inc.",3416271.0,1936788168.0,"BlackRock, Inc., Q1 2025 Earnings Call, Apr 11, 2025",2025-04-11,479,4,0.0083507306889352,2024–2025 AI Adoption Period
BLK,"BlackRock, Inc.",3497336.0,1951287277.0,"BlackRock, Inc., Q2 2025 Earnings Call, Jul 15, 2025",2025-07-15,487,1,0.002053388090349,2024–2025 AI Adoption Period
BLK,"BlackRock, Inc.",3560959.0,1962610424.0,"BlackRock, Inc., Q3 2025 Earnings Call, Oct 14, 2025",2025-10-14,497,3,0.0060362173038229,2024–2025 AI Adoption Period
BX,Blackstone Inc.,2252077.0,700611656.0,"The Blackstone Group Inc., Q4 2020 Earnings Call, Jan 27, 2021",2021-01-27,555,0,0.0,2021–2022 Pre-ChatGPT Transition
BX,Blackstone Inc.,2255680.0,709695290.0,"The Blackstone Group Inc., Q1 2021 Earnings Call, Apr 22, 2021",2021-04-22,519,0,0.0,2021–2022 Pre-ChatGPT Transition
BX,Blackstone Inc.,2350438.0,1673306888.0,"The Blackstone Group Inc., Q2 2021 Earnings Call, Jul 22, 2021",2021-07-22,446,0,0.0,2021–2022 Pre-ChatGPT Transition
BX,Blackstone Inc.,2409105.0,1683551370.0,"Blackstone Inc., Q3 2021 Earnings Call, Oct 21, 2021",2021-10-21,460,0,0.0,2021–2022 Pre-ChatGPT Transition
BX,Blackstone Inc.,2478862.0,1763657983.0,"Blackstone Inc., Q4 2021 Earnings Call, Jan 27, 2022",2022-01-27,505,0,0.0,2021–2022 Pre-ChatGPT Transition
BX,Blackstone Inc.,2541015.0,1776624764.0,"Blackstone Inc., Q1 2022 Earnings Call, Apr 21, 2022",2022-04-21,450,0,0.0,2021–2022 Pre-ChatGPT Transition
BX,Blackstone Inc.,2602372.0,1788950971.0,"Blackstone Inc., Q2 2022 Earnings Call, Jul 21, 2022",2022-07-21,592,0,0.0,2021–2022 Pre-ChatGPT Transition
BX,Blackstone Inc.,2660005.0,1802626169.0,"Blackstone Inc., Q3 2022 Earnings Call, Oct 20, 2022",2022-10-20,597,0,0.0,2021–2022 Pre-ChatGPT Transition
BX,Blackstone Inc.,2721976.0,1820965421.0,"Blackstone Inc., Q4 2022 Earnings Call, Jan 26, 2023",2023-01-26,524,0,0.0,2023 Initial GenAI Surge
BX,Blackstone Inc.,2782607.0,1831112350.0,"Blackstone Inc., Q1 2023 Earnings Call, Apr 20, 2023",2023-04-20,619,4,0.0064620355411954,2023 Initial GenAI Surge
BX,Blackstone Inc.,2872539.0,1846100148.0,"Blackstone Inc., Q2 2023 Earnings Call, Jul 20, 2023",2023-07-20,573,4,0.0069808027923211,2023 Initial GenAI Surge
BX,Blackstone Inc.,2922269.0,1857151423.0,"Blackstone Inc., Q3 2023 Earnings Call, Oct 19, 2023",2023-10-19,511,1,0.0019569471624266,2023 Initial GenAI Surge
BX,Blackstone Inc.,3004012.0,1867414910.0,"Blackstone Inc., Q4 2023 Earnings Call, Jan 25, 2024",2024-01-25,496,1,0.002016129032258,2024–2025 AI Adoption Period
BX,Blackstone Inc.,3088314.0,1875989549.0,"Blackstone Inc., Q1 2024 Earnings Call, Apr 18, 2024",2024-04-18,561,11,0.0196078431372549,2024–2025 AI Adoption Period
BX,Blackstone Inc.,3189536.0,1885829315.0,"Blackstone Inc., Q2 2024 Earnings Call, Jul 18, 2024",2024-07-18,479,8,0.0167014613778705,2024–2025 AI Adoption Period
BX,Blackstone Inc.,3284800.0,1898729847.0,"Blackstone Inc., Q3 2024 Earnings Call, Oct 17, 2024",2024-10-17,527,5,0.0094876660341555,2024–2025 AI Adoption Period
BX,Blackstone Inc.,3414249.0,1915299426.0,"Blackstone Inc., Q4 2024 Earnings Call, Jan 30, 2025",2025-01-30,614,3,0.004885993485342,2024–2025 AI Adoption Period
BX,Blackstone Inc.,3488187.0,1936575705.0,"Blackstone Inc., Q1 2025 Earnings Call, Apr 17, 2025",2025-04-17,518,0,0.0,2024–2025 AI Adoption Period
BX,Blackstone Inc.,3564423.0,1950674531.0,"Blackstone Inc., Q2 2025 Earnings Call, Jul 24, 2025",2025-07-24,448,2,0.0044642857142857,2024–2025 AI Adoption Period
BX,Blackstone Inc.,3568065.0,1961985669.0,"Blackstone Inc., Q3 2025 Earnings Call, Oct 23, 2025",2025-10-23,505,3,0.0059405940594059,2024–2025 AI Adoption Period
BKNG,Booking Holdings Inc.,2350103.0,704649317.0,"Booking Holdings Inc., Q4 2020 Earnings Call, Feb 24, 2021",2021-02-24,521,0,0.0,2021–2022 Pre-ChatGPT Transition
BKNG,Booking Holdings Inc.,2271437.0,712502376.0,"Booking Holdings Inc., Q1 2021 Earnings Call, May 05, 2021",2021-05-05,531,0,0.0,2021–2022 Pre-ChatGPT Transition
BKNG,Booking Holdings Inc.,2363624.0,1674109413.0,"Booking Holdings Inc., Q2 2021 Earnings Call, Aug 04, 2021",2021-08-04,527,0,0.0,2021–2022 Pre-ChatGPT Transition
BKNG,Booking Holdings Inc.,2423945.0,1684972787.0,"Booking Holdings Inc., Q3 2021 Earnings Call, Nov 03, 2021",2021-11-03,521,0,0.0,2021–2022 Pre-ChatGPT Transition
BKNG,Booking Holdings Inc.,2504386.0,1765996750.0,"Booking Holdings Inc., Q4 2021 Earnings Call, Feb 23, 2022",2022-02-23,475,0,0.0,2021–2022 Pre-ChatGPT Transition
BKNG,Booking Holdings Inc.,2553641.0,1777130023.0,"Booking Holdings Inc., Q1 2022 Earnings Call, May 04, 2022",2022-05-04,498,1,0.002008032128514,2021–2022 Pre-ChatGPT Transition
BKNG,Booking Holdings Inc.,2614601.0,1790176453.0,"Booking Holdings Inc., Q2 2022 Earnings Call, Aug 03, 2022",2022-08-03,550,1,0.0018181818181818,2021–2022 Pre-ChatGPT Transition
BKNG,Booking Holdings Inc.,2675402.0,1803737474.0,"Booking Holdings Inc., Q3 2022 Earnings Call, Nov 02, 2022",2022-11-02,490,0,0.0,2021–2022 Pre-ChatGPT Transition
BKNG,Booking Holdings Inc.,2750382.0,1823825080.0,"Booking Holdings Inc., Q4 2022 Earnings Call, Feb 23, 2023",2023-02-23,476,6,0.0126050420168067,2023 Initial GenAI Surge
BKNG,Booking Holdings Inc.,2795393.0,1832798466.0,"Booking Holdings Inc., Q1 2023 Earnings Call, May 04, 2023",2023-05-04,495,18,0.0363636363636363,2023 Initial GenAI Surge
BKNG,Booking Holdings Inc.,2870313.0,1846566050.0,"Booking Holdings Inc., Q2 2023 Earnings Call, Aug 03, 2023",2023-08-03,527,28,0.0531309297912713,2023 Initial GenAI Surge
BKNG,Booking Holdings Inc.,2934967.0,1858307909.0,"Booking Holdings Inc., Q3 2023 Earnings Call, Nov 02, 2023",2023-11-02,580,15,0.0258620689655172,2023 Initial GenAI Surge
BKNG,Booking Holdings Inc.,3034769.0,1869462843.0,"Booking Holdings Inc., Q4 2023 Earnings Call, Feb 22, 2024",2024-02-22,444,17,0.0382882882882882,2024–2025 AI Adoption Period
BKNG,Booking Holdings Inc.,3108118.0,1876683591.0,"Booking Holdings Inc., Q1 2024 Earnings Call, May 02, 2024",2024-05-02,510,16,0.0313725490196078,2024–2025 AI Adoption Period
BKNG,Booking Holdings Inc.,3209253.0,1886484027.0,"Booking Holdings Inc., Q2 2024 Earnings Call, Aug 01, 2024",2024-08-01,480,8,0.0166666666666666,2024–2025 AI Adoption Period
BKNG,Booking Holdings Inc.,3294173.0,1899328487.0,"Booking Holdings Inc., Q3 2024 Earnings Call, Oct 30, 2024",2024-10-30,497,37,0.0744466800804829,2024–2025 AI Adoption Period
BKNG,Booking Holdings Inc.,3415932.0,1917748222.0,"Booking Holdings Inc., Q4 2024 Earnings Call, Feb 20, 2025",2025-02-20,449,32,0.0712694877505567,2024–2025 AI Adoption Period
BKNG,Booking Holdings Inc.,3489062.0,1937319856.0,"Booking Holdings Inc., Q1 2025 Earnings Call, Apr 29, 2025",2025-04-29,443,31,0.0699774266365688,2024–2025 AI Adoption Period
BKNG,Booking Holdings Inc.,3556244.0,1951464511.0,"Booking Holdings Inc., Q2 2025 Earnings Call, Jul 29, 2025",2025-07-29,462,25,0.0541125541125541,2024–2025 AI Adoption Period
BKNG,Booking Holdings Inc.,3571538.0,1962606890.0,"Booking Holdings Inc., Q3 2025 Earnings Call, Oct 28, 2025",2025-10-28,493,36,0.0730223123732251,2024–2025 AI Adoption Period
BSX,Boston Scientific Corporation,2189902.0,700103809.0,"Boston Scientific Corporation, Q4 2020 Earnings Call, Feb 03, 2021",2021-02-03,501,1,0.0019960079840319,2021–2022 Pre-ChatGPT Transition
BSX,Boston Scientific Corporation,2261035.0,709358111.0,"Boston Scientific Corporation, Q1 2021 Earnings Call, Apr 28, 2021",2021-04-28,531,0,0.0,2021–2022 Pre-ChatGPT Transition
BSX,Boston Scientific Corporation,2351864.0,1672382391.0,"Boston Scientific Corporation, Q2 2021 Earnings Call, Jul 27, 2021",2021-07-27,491,0,0.0,2021–2022 Pre-ChatGPT Transition
BSX,Boston Scientific Corporation,2414234.0,1684269994.0,"Boston Scientific Corporation, Q3 2021 Earnings Call, Oct 27, 2021",2021-10-27,479,0,0.0,2021–2022 Pre-ChatGPT Transition
BSX,Boston Scientific Corporation,2482873.0,1763248901.0,"Boston Scientific Corporation, Q4 2021 Earnings Call, Feb 02, 2022",2022-02-02,480,0,0.0,2021–2022 Pre-ChatGPT Transition
BSX,Boston Scientific Corporation,2544863.0,1776587024.0,"Boston Scientific Corporation, Q1 2022 Earnings Call, Apr 27, 2022",2022-04-27,494,1,0.0020242914979757,2021–2022 Pre-ChatGPT Transition
BSX,Boston Scientific Corporation,2605903.0,1788768031.0,"Boston Scientific Corporation, Q2 2022 Earnings Call, Jul 27, 2022",2022-07-27,550,0,0.0,2021–2022 Pre-ChatGPT Transition
BSX,Boston Scientific Corporation,2663692.0,1802947210.0,"Boston Scientific Corporation, Q3 2022 Earnings Call, Oct 26, 2022",2022-10-26,571,0,0.0,2021–2022 Pre-ChatGPT Transition
BSX,Boston Scientific Corporation,2728642.0,1820589694.0,"Boston Scientific Corporation, Q4 2022 Earnings Call, Feb 01, 2023",2023-02-01,481,0,0.0,2023 Initial GenAI Surge
BSX,Boston Scientific Corporation,2786629.0,1831658428.0,"Boston Scientific Corporation, Q1 2023 Earnings Call, Apr 26, 2023",2023-04-26,547,1,0.0018281535648994,2023 Initial GenAI Surge
BSX,Boston Scientific Corporation,2860302.0,1846092577.0,"Boston Scientific Corporation, Q2 2023 Earnings Call, Jul 27, 2023",2023-07-27,478,0,0.0,2023 Initial GenAI Surge
BSX,Boston Scientific Corporation,2927191.0,1854771210.0,"Boston Scientific Corporation, Q3 2023 Earnings Call, Oct 26, 2023",2023-10-26,410,0,0.0,2023 Initial GenAI Surge
BSX,Boston Scientific Corporation,3008319.0,1867585340.0,"Boston Scientific Corporation, Q4 2023 Earnings Call, Jan 31, 2024",2024-01-31,479,0,0.0,2024–2025 AI Adoption Period
BSX,Boston Scientific Corporation,3094827.0,1876577751.0,"Boston Scientific Corporation, Q1 2024 Earnings Call, Apr 24, 2024",2024-04-24,447,1,0.0022371364653243,2024–2025 AI Adoption Period
BSX,Boston Scientific Corporation,3194384.0,1886197782.0,"Boston Scientific Corporation, Q2 2024 Earnings Call, Jul 24, 2024",2024-07-24,493,0,0.0,2024–2025 AI Adoption Period
BSX,Boston Scientific Corporation,3287095.0,1899306311.0,"Boston Scientific Corporation, Q3 2024 Earnings Call, Oct 23, 2024",2024-10-23,488,0,0.0,2024–2025 AI Adoption Period
BSX,Boston Scientific Corporation,3366280.0,1914751752.0,"Boston Scientific Corporation, Q4 2024 Earnings Call, Feb 05, 2025",2025-02-05,458,0,0.0,2024–2025 AI Adoption Period
BSX,Boston Scientific Corporation,3423063.0,1937103171.0,"Boston Scientific Corporation, Q1 2025 Earnings Call, Apr 23, 2025",2025-04-23,491,0,0.0,2024–2025 AI Adoption Period
BSX,Boston Scientific Corporation,3501761.0,1951458313.0,"Boston Scientific Corporation, Q2 2025 Earnings Call, Jul 23, 2025",2025-07-23,451,0,0.0,2024–2025 AI Adoption Period
BSX,Boston Scientific Corporation,3615292.0,1959052485.0,"Boston Scientific Corporation, Q3 2025 Earnings Call, Oct 22, 2025",2025-10-22,452,1,0.0022123893805309,2024–2025 AI Adoption Period
BMY,Bristol-Myers Squibb Company,2192299.0,699084559.0,"Bristol-Myers Squibb Company, Q4 2020 Earnings Call, Feb 04, 2021",2021-02-04,528,0,0.0,2021–2022 Pre-ChatGPT Transition
BMY,Bristol-Myers Squibb Company,2263244.0,707216767.0,"Bristol-Myers Squibb Company, Q1 2021 Earnings Call, Apr 29, 2021",2021-04-29,578,0,0.0,2021–2022 Pre-ChatGPT Transition
BMY,Bristol-Myers Squibb Company,2352730.0,718093568.0,"Bristol-Myers Squibb Company, Q2 2021 Earnings Call, Jul 28, 2021",2021-07-28,541,0,0.0,2021–2022 Pre-ChatGPT Transition
BMY,Bristol-Myers Squibb Company,2443221.0,1680597874.0,"Bristol-Myers Squibb Company, Q3 2021 Earnings Call, Oct 27, 2021",2021-10-27,529,0,0.0,2021–2022 Pre-ChatGPT Transition
BMY,Bristol-Myers Squibb Company,2486271.0,1684538774.0,"Bristol-Myers Squibb Company, Q4 2021 Earnings Call, Feb 04, 2022",2022-02-04,608,0,0.0,2021–2022 Pre-ChatGPT Transition
BMY,Bristol-Myers Squibb Company,2548786.0,1684539096.0,"Bristol-Myers Squibb Company, Q1 2022 Earnings Call, Apr 29, 2022",2022-04-29,584,0,0.0,2021–2022 Pre-ChatGPT Transition
BMY,Bristol-Myers Squibb Company,2605579.0,1684539193.0,"Bristol-Myers Squibb Company, Q2 2022 Earnings Call, Jul 27, 2022",2022-07-27,641,0,0.0,2021–2022 Pre-ChatGPT Transition
BMY,Bristol-Myers Squibb Company,2663496.0,1684539230.0,"Bristol-Myers Squibb Company, Q3 2022 Earnings Call, Oct 26, 2022",2022-10-26,610,0,0.0,2021–2022 Pre-ChatGPT Transition
BMY,Bristol-Myers Squibb Company,2727563.0,1792655277.0,"Bristol-Myers Squibb Company, Q4 2022 Earnings Call, Feb 02, 2023",2023-02-02,543,0,0.0,2023 Initial GenAI Surge
BMY,Bristol-Myers Squibb Company,2788125.0,1792655611.0,"Bristol-Myers Squibb Company, Q1 2023 Earnings Call, Apr 27, 2023",2023-04-27,577,0,0.0,2023 Initial GenAI Surge
BMY,Bristol-Myers Squibb Company,2860292.0,1792651506.0,"Bristol-Myers Squibb Company, Q2 2023 Earnings Call, Jul 27, 2023",2023-07-27,659,0,0.0,2023 Initial GenAI Surge
BMY,Bristol-Myers Squibb Company,2927081.0,1792655437.0,"Bristol-Myers Squibb Company, Q3 2023 Earnings Call, Oct 26, 2023",2023-10-26,567,0,0.0,2023 Initial GenAI Surge
BMY,Bristol-Myers Squibb Company,3061677.0,1845974560.0,"Bristol-Myers Squibb Company, Q4 2023 Earnings Call, Feb 02, 2024",2024-02-02,582,0,0.0,2024–2025 AI Adoption Period
BMY,Bristol-Myers Squibb Company,3096780.0,1845974617.0,"Bristol-Myers Squibb Company, Q1 2024 Earnings Call, Apr 25, 2024",2024-04-25,617,0,0.0,2024–2025 AI Adoption Period
BMY,Bristol-Myers Squibb Company,3197855.0,1845974639.0,"Bristol-Myers Squibb Company, Q2 2024 Earnings Call, Jul 26, 2024",2024-07-26,677,0,0.0,2024–2025 AI Adoption Period
BMY,Bristol-Myers Squibb Company,3295439.0,1845974663.0,"Bristol-Myers Squibb Company, Q3 2024 Earnings Call, Oct 31, 2024",2024-10-31,620,0,0.0,2024–2025 AI Adoption Period
BMY,Bristol-Myers Squibb Company,3367925.0,1874974523.0,"Bristol-Myers Squibb Company, Q4 2024 Earnings Call, Feb 06, 2025",2025-02-06,731,0,0.0,2024–2025 AI Adoption Period
BMY,Bristol-Myers Squibb Company,3424282.0,1877339168.0,"Bristol-Myers Squibb Company, Q1 2025 Earnings Call, Apr 24, 2025",2025-04-24,717,1,0.00139470013947,2024–2025 AI Adoption Period
BMY,Bristol-Myers Squibb Company,3510615.0,1874974528.0,"Bristol-Myers Squibb Company, Q2 2025 Earnings Call, Jul 31, 2025",2025-07-31,537,1,0.0018621973929236,2024–2025 AI Adoption Period
BMY,Bristol-Myers Squibb Company,3578540.0,1874974529.0,"Bristol-Myers Squibb Company, Q3 2025 Earnings Call, Oct 30, 2025",2025-10-30,577,2,0.0034662045060658,2024–2025 AI Adoption Period
BR,"Broadridge Financial Solutions, Inc.",3086700.0,701592236.0,"Broadridge Financial Solutions, Inc., Q2 2021 Earnings Call, Feb 02, 2021",2021-02-02,443,1,0.0022573363431151,2021–2022 Pre-ChatGPT Transition
BR,"Broadridge Financial Solutions, Inc.",2295527.0,712050075.0,"Broadridge Financial Solutions, Inc., Q3 2021 Earnings Call, May 04, 2021",2021-05-04,446,3,0.0067264573991031,2021–2022 Pre-ChatGPT Transition
BR,"Broadridge Financial Solutions, Inc.",2374990.0,1674464173.0,"Broadridge Financial Solutions, Inc., Q4 2021 Earnings Call, Aug 12, 2021",2021-08-12,496,4,0.0080645161290322,2021–2022 Pre-ChatGPT Transition
BR,"Broadridge Financial Solutions, Inc.",2423000.0,1685595101.0,"Broadridge Financial Solutions, Inc., Q1 2022 Earnings Call, Nov 03, 2021",2021-11-03,466,2,0.0042918454935622,2021–2022 Pre-ChatGPT Transition
BR,"Broadridge Financial Solutions, Inc.",2481794.0,1764654088.0,"Broadridge Financial Solutions, Inc., Q2 2022 Earnings Call, Feb 01, 2022",2022-02-01,449,0,0.0,2021–2022 Pre-ChatGPT Transition
BR,"Broadridge Financial Solutions, Inc.",2551793.0,1779905215.0,"Broadridge Financial Solutions, Inc., Q3 2022 Earnings Call, May 03, 2022",2022-05-03,404,3,0.0074257425742574,2021–2022 Pre-ChatGPT Transition
BR,"Broadridge Financial Solutions, Inc.",2629717.0,1793292196.0,"Broadridge Financial Solutions, Inc., Q4 2022 Earnings Call, Aug 12, 2022",2022-08-12,447,0,0.0,2021–2022 Pre-ChatGPT Transition
BR,"Broadridge Financial Solutions, Inc.",2671698.0,1805524478.0,"Broadridge Financial Solutions, Inc., Q1 2023 Earnings Call, Nov 02, 2022",2022-11-02,364,0,0.0,2021–2022 Pre-ChatGPT Transition
BR,"Broadridge Financial Solutions, Inc.",2730866.0,1822780292.0,"Broadridge Financial Solutions, Inc., Q2 2023 Earnings Call, Feb 02, 2023",2023-02-02,408,0,0.0,2023 Initial GenAI Surge
BR,"Broadridge Financial Solutions, Inc.",2791603.0,1833596546.0,"Broadridge Financial Solutions, Inc., Q3 2023 Earnings Call, May 02, 2023",2023-05-02,463,0,0.0,2023 Initial GenAI Surge
BR,"Broadridge Financial Solutions, Inc.",3085635.0,1848511284.0,"Broadridge Financial Solutions, Inc., Q4 2023 Earnings Call, Aug 08, 2023",2023-08-08,473,2,0.0042283298097251,2023 Initial GenAI Surge
BR,"Broadridge Financial Solutions, Inc.",2933709.0,1859500443.0,"Broadridge Financial Solutions, Inc., Q1 2024 Earnings Call, Nov 02, 2023",2023-11-02,367,6,0.0163487738419618,2023 Initial GenAI Surge
BR,"Broadridge Financial Solutions, Inc.",3067676.0,1868801820.0,"Broadridge Financial Solutions, Inc., Q2 2024 Earnings Call, Feb 01, 2024",2024-02-01,476,15,0.0315126050420168,2024–2025 AI Adoption Period
BR,"Broadridge Financial Solutions, Inc.",3114036.0,1878625869.0,"Broadridge Financial Solutions, Inc., Q3 2024 Earnings Call, May 08, 2024",2024-05-08,359,8,0.022284122562674,2024–2025 AI Adoption Period
BR,"Broadridge Financial Solutions, Inc.",3213961.0,1888762080.0,"Broadridge Financial Solutions, Inc., Q4 2024 Earnings Call, Aug 06, 2024",2024-08-06,407,5,0.0122850122850122,2024–2025 AI Adoption Period
BR,"Broadridge Financial Solutions, Inc.",3350275.0,1901461989.0,"Broadridge Financial Solutions, Inc., Q1 2025 Earnings Call, Nov 05, 2024",2024-11-05,368,2,0.0054347826086956,2024–2025 AI Adoption Period
BR,"Broadridge Financial Solutions, Inc.",3367726.0,1917054288.0,"Broadridge Financial Solutions, Inc., Q2 2025 Earnings Call, Jan 31, 2025",2025-01-31,448,14,0.03125,2024–2025 AI Adoption Period
BR,"Broadridge Financial Solutions, Inc.",3493544.0,1940399908.0,"Broadridge Financial Solutions, Inc., Q3 2025 Earnings Call, May 01, 2025",2025-05-01,459,2,0.0043572984749455,2024–2025 AI Adoption Period
BR,"Broadridge Financial Solutions, Inc.",3562338.0,1954386475.0,"Broadridge Financial Solutions, Inc., Q4 2025 Earnings Call, Aug 05, 2025",2025-08-05,416,6,0.0144230769230769,2024–2025 AI Adoption Period
BR,"Broadridge Financial Solutions, Inc.",3629772.0,1966780020.0,"Broadridge Financial Solutions, Inc., Q1 2026 Earnings Call, Nov 04, 2025",2025-11-04,423,1,0.0023640661938534,2024–2025 AI Adoption Period
BRO,"Brown & Brown, Inc.",2181462.0,699939765.0,"Brown & Brown, Inc., Q4 2020 Earnings Call, Jan 26, 2021",2021-01-26,595,0,0.0,2021–2022 Pre-ChatGPT Transition
BRO,"Brown & Brown, Inc.",3496137.0,709908033.0,"Brown & Brown, Inc., Q1 2021 Earnings Call, Apr 27, 2021",2021-04-27,486,0,0.0,2021–2022 Pre-ChatGPT Transition
BRO,"Brown & Brown, Inc.",2351454.0,1672580278.0,"Brown & Brown, Inc., Q2 2021 Earnings Call, Jul 27, 2021",2021-07-27,413,0,0.0,2021–2022 Pre-ChatGPT Transition
BRO,"Brown & Brown, Inc.",2412752.0,1683524669.0,"Brown & Brown, Inc., Q3 2021 Earnings Call, Oct 26, 2021",2021-10-26,479,0,0.0,2021–2022 Pre-ChatGPT Transition
BRO,"Brown & Brown, Inc.",3001867.0,1763051465.0,"Brown & Brown, Inc., Q4 2021 Earnings Call, Jan 25, 2022",2022-01-25,438,0,0.0,2021–2022 Pre-ChatGPT Transition
BRO,"Brown & Brown, Inc.",2543257.0,1776491716.0,"Brown & Brown, Inc., Q1 2022 Earnings Call, Apr 26, 2022",2022-04-26,537,0,0.0,2021–2022 Pre-ChatGPT Transition
BRO,"Brown & Brown, Inc.",2604404.0,1789005637.0,"Brown & Brown, Inc., Q2 2022 Earnings Call, Jul 26, 2022",2022-07-26,560,0,0.0,2021–2022 Pre-ChatGPT Transition
BRO,"Brown & Brown, Inc.",2712207.0,1803857804.0,"Brown & Brown, Inc., Q3 2022 Earnings Call, Oct 25, 2022",2022-10-25,550,0,0.0,2021–2022 Pre-ChatGPT Transition
BRO,"Brown & Brown, Inc.",2720663.0,1820612097.0,"Brown & Brown, Inc., Q4 2022 Earnings Call, Jan 24, 2023",2023-01-24,546,0,0.0,2023 Initial GenAI Surge
BRO,"Brown & Brown, Inc.",2785072.0,1831377006.0,"Brown & Brown, Inc., Q1 2023 Earnings Call, Apr 25, 2023",2023-04-25,467,0,0.0,2023 Initial GenAI Surge
BRO,"Brown & Brown, Inc.",2879887.0,1846326685.0,"Brown & Brown, Inc., Q2 2023 Earnings Call, Jul 25, 2023",2023-07-25,502,0,0.0,2023 Initial GenAI Surge
BRO,"Brown & Brown, Inc.",2924755.0,1857471069.0,"Brown & Brown, Inc., Q3 2023 Earnings Call, Oct 24, 2023",2023-10-24,365,0,0.0,2023 Initial GenAI Surge
BRO,"Brown & Brown, Inc.",3001589.0,1866646933.0,"Brown & Brown, Inc., Q4 2023 Earnings Call, Jan 23, 2024",2024-01-23,529,0,0.0,2024–2025 AI Adoption Period
BRO,"Brown & Brown, Inc.",3093142.0,1876575186.0,"Brown & Brown, Inc., Q1 2024 Earnings Call, Apr 23, 2024",2024-04-23,469,0,0.0,2024–2025 AI Adoption Period
BRO,"Brown & Brown, Inc.",3192651.0,1885831938.0,"Brown & Brown, Inc., Q2 2024 Earnings Call, Jul 23, 2024",2024-07-23,543,0,0.0,2024–2025 AI Adoption Period
BRO,"Brown & Brown, Inc.",3292016.0,1899024353.0,"Brown & Brown, Inc., Q3 2024 Earnings Call, Oct 29, 2024",2024-10-29,428,0,0.0,2024–2025 AI Adoption Period
BRO,"Brown & Brown, Inc.",3376261.0,1915209152.0,"Brown & Brown, Inc., Q4 2024 Earnings Call, Jan 28, 2025",2025-01-28,409,0,0.0,2024–2025 AI Adoption Period
BRO,"Brown & Brown, Inc.",3428089.0,1937523270.0,"Brown & Brown, Inc., Q1 2025 Earnings Call, Apr 29, 2025",2025-04-29,456,0,0.0,2024–2025 AI Adoption Period
BRO,"Brown & Brown, Inc.",3506443.0,1951482836.0,"Brown & Brown, Inc., Q2 2025 Earnings Call, Jul 29, 2025",2025-07-29,477,0,0.0,2024–2025 AI Adoption Period
BRO,"Brown & Brown, Inc.",3569426.0,1962737387.0,"Brown & Brown, Inc., Q3 2025 Earnings Call, Oct 28, 2025",2025-10-28,525,0,0.0,2024–2025 AI Adoption Period
BLDR,"Builders FirstSource, Inc.",2226272.0,701225337.0,"Builders FirstSource, Inc., Q4 2020 Earnings Call, Feb 26, 2021",2021-02-26,652,0,0.0,2021–2022 Pre-ChatGPT Transition
BLDR,"Builders FirstSource, Inc.",2304039.0,712335271.0,"Builders FirstSource, Inc., Q1 2021 Earnings Call, May 06, 2021",2021-05-06,613,0,0.0,2021–2022 Pre-ChatGPT Transition
BLDR,"Builders FirstSource, Inc.",2365259.0,1674834973.0,"Builders FirstSource, Inc., Q2 2021 Earnings Call, Aug 05, 2021",2021-08-05,612,0,0.0,2021–2022 Pre-ChatGPT Transition
BLDR,"Builders FirstSource, Inc.",2425456.0,1685127185.0,"Builders FirstSource, Inc., Q3 2021 Earnings Call, Nov 04, 2021",2021-11-04,546,0,0.0,2021–2022 Pre-ChatGPT Transition
BLDR,"Builders FirstSource, Inc.",2528912.0,1767492110.0,"Builders FirstSource, Inc., Q4 2021 Earnings Call, Mar 01, 2022",2022-03-01,585,0,0.0,2021–2022 Pre-ChatGPT Transition
BLDR,"Builders FirstSource, Inc.",2560698.0,1778014059.0,"Builders FirstSource, Inc., Q1 2022 Earnings Call, May 10, 2022",2022-05-10,562,0,0.0,2021–2022 Pre-ChatGPT Transition
BLDR,"Builders FirstSource, Inc.",2611047.0,1790513119.0,"Builders FirstSource, Inc., Q2 2022 Earnings Call, Aug 01, 2022",2022-08-01,564,0,0.0,2021–2022 Pre-ChatGPT Transition
BLDR,"Builders FirstSource, Inc.",2679263.0,1805667564.0,"Builders FirstSource, Inc., Q3 2022 Earnings Call, Nov 08, 2022",2022-11-08,529,0,0.0,2021–2022 Pre-ChatGPT Transition
BLDR,"Builders FirstSource, Inc.",3279202.0,1823816341.0,"Builders FirstSource, Inc., Q4 2022 Earnings Call, Feb 28, 2023",2023-02-28,592,0,0.0,2023 Initial GenAI Surge
BLDR,"Builders FirstSource, Inc.",2803902.0,1832208482.0,"Builders FirstSource, Inc., Q1 2023 Earnings Call, May 03, 2023",2023-05-03,506,0,0.0,2023 Initial GenAI Surge
BLDR,"Builders FirstSource, Inc.",2865852.0,1846753818.0,"Builders FirstSource, Inc., Q2 2023 Earnings Call, Aug 02, 2023",2023-08-02,570,0,0.0,2023 Initial GenAI Surge
BLDR,"Builders FirstSource, Inc.",2932513.0,1858050706.0,"Builders FirstSource, Inc., Q3 2023 Earnings Call, Nov 01, 2023",2023-11-01,562,0,0.0,2023 Initial GenAI Surge
BLDR,"Builders FirstSource, Inc.",3033862.0,1868775659.0,"Builders FirstSource, Inc., Q4 2023 Earnings Call, Feb 22, 2024",2024-02-22,477,0,0.0,2024–2025 AI Adoption Period
BLDR,"Builders FirstSource, Inc.",3112723.0,1877615792.0,"Builders FirstSource, Inc., Q1 2024 Earnings Call, May 07, 2024",2024-05-07,550,0,0.0,2024–2025 AI Adoption Period
BLDR,"Builders FirstSource, Inc.",3214285.0,1887386142.0,"Builders FirstSource, Inc., Q2 2024 Earnings Call, Aug 06, 2024",2024-08-06,564,0,0.0,2024–2025 AI Adoption Period
BLDR,"Builders FirstSource, Inc.",3298963.0,1899958184.0,"Builders FirstSource, Inc., Q3 2024 Earnings Call, Nov 05, 2024",2024-11-05,579,0,0.0,2024–2025 AI Adoption Period
BLDR,"Builders FirstSource, Inc.",3379263.0,1917915717.0,"Builders FirstSource, Inc., Q4 2024 Earnings Call, Feb 20, 2025",2025-02-20,604,0,0.0,2024–2025 AI Adoption Period
BLDR,"Builders FirstSource, Inc.",3495697.0,1937708041.0,"Builders FirstSource, Inc., Q1 2025 Earnings Call, May 01, 2025",2025-05-01,580,0,0.0,2024–2025 AI Adoption Period
BLDR,"Builders FirstSource, Inc.",3510052.0,1952971007.0,"Builders FirstSource, Inc., Q2 2025 Earnings Call, Jul 31, 2025",2025-07-31,633,1,0.0015797788309636,2024–2025 AI Adoption Period
BLDR,"Builders FirstSource, Inc.",3576977.0,1964508861.0,"Builders FirstSource, Inc., Q3 2025 Earnings Call, Oct 30, 2025",2025-10-30,680,4,0.0058823529411764,2024–2025 AI Adoption Period
BG,Bunge Global SA,2253566.0,701103494.0,"Bunge Limited, Q4 2020 Earnings Call, Feb 10, 2021",2021-02-10,413,0,0.0,2021–2022 Pre-ChatGPT Transition
BG,Bunge Global SA,2268264.0,708161413.0,"Bunge Limited, Q1 2021 Earnings Call, May 04, 2021",2021-05-04,444,0,0.0,2021–2022 Pre-ChatGPT Transition
BG,Bunge Global SA,2387785.0,1672572034.0,"Bunge Limited, Q2 2021 Earnings Call, Jul 28, 2021",2021-07-28,420,0,0.0,2021–2022 Pre-ChatGPT Transition
BG,Bunge Global SA,2421049.0,1683287328.0,"Bunge Limited, Q3 2021 Earnings Call, Oct 27, 2021",2021-10-27,459,0,0.0,2021–2022 Pre-ChatGPT Transition
BG,Bunge Global SA,2488711.0,1763980555.0,"Bunge Limited, Q4 2021 Earnings Call, Feb 09, 2022",2022-02-09,438,0,0.0,2021–2022 Pre-ChatGPT Transition
BG,Bunge Global SA,2544797.0,1776491610.0,"Bunge Limited, Q1 2022 Earnings Call, Apr 27, 2022",2022-04-27,463,0,0.0,2021–2022 Pre-ChatGPT Transition
BG,Bunge Global SA,2605217.0,1790063411.0,"Bunge Limited, Q2 2022 Earnings Call, Jul 27, 2022",2022-07-27,467,0,0.0,2021–2022 Pre-ChatGPT Transition
BG,Bunge Global SA,2663503.0,1802492845.0,"Bunge Limited, Q3 2022 Earnings Call, Oct 26, 2022",2022-10-26,513,1,0.0019493177387914,2021–2022 Pre-ChatGPT Transition
BG,Bunge Global SA,2731516.0,1821453714.0,"Bunge Limited, Q4 2022 Earnings Call, Feb 08, 2023",2023-02-08,425,0,0.0,2023 Initial GenAI Surge
BG,Bunge Global SA,2811071.0,1832123078.0,"Bunge Limited, Q1 2023 Earnings Call, May 03, 2023",2023-05-03,520,0,0.0,2023 Initial GenAI Surge
BG,Bunge Global SA,3153980.0,1847615841.0,"Bunge Limited, Q2 2023 Earnings Call, Aug 02, 2023",2023-08-02,495,0,0.0,2023 Initial GenAI Surge
BG,Bunge Global SA,2926934.0,1856939990.0,"Bunge Limited, Q3 2023 Earnings Call, Oct 26, 2023",2023-10-26,455,0,0.0,2023 Initial GenAI Surge
BG,Bunge Global SA,3014724.0,1868283065.0,"Bunge Global SA, Q4 2023 Earnings Call, Feb 07, 2024",2024-02-07,472,0,0.0,2024–2025 AI Adoption Period
BG,Bunge Global SA,3094685.0,1877230067.0,"Bunge Global SA, Q1 2024 Earnings Call, Apr 24, 2024",2024-04-24,406,0,0.0,2024–2025 AI Adoption Period
BG,Bunge Global SA,3205664.0,1886193764.0,"Bunge Global SA, Q2 2024 Earnings Call, Jul 31, 2024",2024-07-31,370,0,0.0,2024–2025 AI Adoption Period
BG,Bunge Global SA,3293317.0,1899640204.0,"Bunge Global SA, Q3 2024 Earnings Call, Oct 30, 2024",2024-10-30,396,0,0.0,2024–2025 AI Adoption Period
BG,Bunge Global SA,3366120.0,1916247143.0,"Bunge Global SA, Q4 2024 Earnings Call, Feb 05, 2025",2025-02-05,466,0,0.0,2024–2025 AI Adoption Period
BG,Bunge Global SA,3442869.0,1938637153.0,"Bunge Global SA, Q1 2025 Earnings Call, May 07, 2025",2025-05-07,398,0,0.0,2024–2025 AI Adoption Period
BG,Bunge Global SA,3508038.0,1952830268.0,"Bunge Global SA, Q2 2025 Earnings Call, Jul 30, 2025",2025-07-30,392,0,0.0,2024–2025 AI Adoption Period
BG,Bunge Global SA,3592633.0,1962912505.0,"Bunge Global SA, Q3 2025 Earnings Call, Nov 05, 2025",2025-11-05,438,0,0.0,2024–2025 AI Adoption Period
BXP,"BXP, Inc.",2182526.0,700977355.0,"Boston Properties, Inc., Q4 2020 Earnings Call, Jan 27, 2021",2021-01-27,800,0,0.0,2021–2022 Pre-ChatGPT Transition
BXP,"BXP, Inc.",2261032.0,711346399.0,"Boston Properties, Inc., Q1 2021 Earnings Call, Apr 28, 2021",2021-04-28,783,0,0.0,2021–2022 Pre-ChatGPT Transition
BXP,"BXP, Inc.",2353125.0,1673289519.0,"Boston Properties, Inc., Q2 2021 Earnings Call, Jul 28, 2021",2021-07-28,827,0,0.0,2021–2022 Pre-ChatGPT Transition
BXP,"BXP, Inc.",2414636.0,1684382945.0,"Boston Properties, Inc., Q3 2021 Earnings Call, Oct 27, 2021",2021-10-27,751,0,0.0,2021–2022 Pre-ChatGPT Transition
BXP,"BXP, Inc.",2483280.0,1764119640.0,"Boston Properties, Inc., Q4 2021 Earnings Call, Jan 26, 2022",2022-01-26,864,0,0.0,2021–2022 Pre-ChatGPT Transition
BXP,"BXP, Inc.",2551190.0,1778074695.0,"Boston Properties, Inc., Q1 2022 Earnings Call, May 03, 2022",2022-05-03,558,0,0.0,2021–2022 Pre-ChatGPT Transition
BXP,"BXP, Inc.",2605575.0,1791086020.0,"Boston Properties, Inc., Q2 2022 Earnings Call, Jul 27, 2022",2022-07-27,506,0,0.0,2021–2022 Pre-ChatGPT Transition
BXP,"BXP, Inc.",3351339.0,1803346897.0,"Boston Properties, Inc., Q3 2022 Earnings Call, Oct 26, 2022",2022-10-26,575,0,0.0,2021–2022 Pre-ChatGPT Transition
BXP,"BXP, Inc.",2726740.0,1820719383.0,"Boston Properties, Inc., Q4 2022 Earnings Call, Feb 01, 2023",2023-02-01,472,0,0.0,2023 Initial GenAI Surge
BXP,"BXP, Inc.",2790356.0,1832123074.0,"Boston Properties, Inc., Q1 2023 Earnings Call, Apr 26, 2023",2023-04-26,494,0,0.0,2023 Initial GenAI Surge
BXP,"BXP, Inc.",2866114.0,1846944985.0,"Boston Properties, Inc., Q2 2023 Earnings Call, Aug 02, 2023",2023-08-02,528,5,0.0094696969696969,2023 Initial GenAI Surge
BXP,"BXP, Inc.",2934437.0,1856325539.0,"Boston Properties, Inc., Q3 2023 Earnings Call, Nov 02, 2023",2023-11-02,591,1,0.0016920473773265,2023 Initial GenAI Surge
BXP,"BXP, Inc.",3009040.0,1867782978.0,"Boston Properties, Inc., Q4 2023 Earnings Call, Jan 31, 2024",2024-01-31,616,5,0.0081168831168831,2024–2025 AI Adoption Period
BXP,"BXP, Inc.",3105190.0,1876678417.0,"Boston Properties, Inc., Q1 2024 Earnings Call, May 01, 2024",2024-05-01,675,10,0.0148148148148148,2024–2025 AI Adoption Period
BXP,"BXP, Inc.",3206316.0,1887297305.0,"BXP, Inc., Q2 2024 Earnings Call, Jul 31, 2024",2024-07-31,509,2,0.0039292730844793,2024–2025 AI Adoption Period
BXP,"BXP, Inc.",3294546.0,1899338784.0,"BXP, Inc., Q3 2024 Earnings Call, Oct 30, 2024",2024-10-30,566,8,0.0141342756183745,2024–2025 AI Adoption Period
BXP,"BXP, Inc.",3361914.0,1914775534.0,"BXP, Inc., Q4 2024 Earnings Call, Jan 29, 2025",2025-01-29,766,6,0.0078328981723237,2024–2025 AI Adoption Period
BXP,"BXP, Inc.",3431067.0,1938506909.0,"BXP, Inc., Q1 2025 Earnings Call, Apr 30, 2025",2025-04-30,487,5,0.0102669404517453,2024–2025 AI Adoption Period
BXP,"BXP, Inc.",3508369.0,1951326101.0,"BXP, Inc., Q2 2025 Earnings Call, Jul 30, 2025",2025-07-30,585,17,0.029059829059829,2024–2025 AI Adoption Period
BXP,"BXP, Inc.",3575771.0,1962738020.0,"BXP, Inc., Q3 2025 Earnings Call, Oct 29, 2025",2025-10-29,520,12,0.023076923076923,2024–2025 AI Adoption Period
CDNS,"Cadence Design Systems, Inc.",2222252.0,700659958.0,"Cadence Design Systems, Inc., Q4 2020 Earnings Call, Feb 22, 2021",2021-02-22,494,9,0.0182186234817813,2021–2022 Pre-ChatGPT Transition
CDNS,"Cadence Design Systems, Inc.",2258493.0,710900679.0,"Cadence Design Systems, Inc., Q1 2021 Earnings Call, Apr 26, 2021",2021-04-26,404,1,0.0024752475247524,2021–2022 Pre-ChatGPT Transition
CDNS,"Cadence Design Systems, Inc.",2351094.0,1673555909.0,"Cadence Design Systems, Inc., Q2 2021 Earnings Call, Jul 26, 2021",2021-07-26,398,8,0.0201005025125628,2021–2022 Pre-ChatGPT Transition
CDNS,"Cadence Design Systems, Inc.",2443101.0,1684769881.0,"Cadence Design Systems, Inc., Q3 2021 Earnings Call, Oct 25, 2021",2021-10-25,480,5,0.0104166666666666,2021–2022 Pre-ChatGPT Transition
CDNS,"Cadence Design Systems, Inc.",2511954.0,1763644458.0,"Cadence Design Systems, Inc., Q4 2021 Earnings Call, Feb 22, 2022",2022-02-22,444,16,0.036036036036036,2021–2022 Pre-ChatGPT Transition
CDNS,"Cadence Design Systems, Inc.",2542761.0,1777573759.0,"Cadence Design Systems, Inc., Q1 2022 Earnings Call, Apr 25, 2022",2022-04-25,356,5,0.0140449438202247,2021–2022 Pre-ChatGPT Transition
CDNS,"Cadence Design Systems, Inc.",2603774.0,1790281099.0,"Cadence Design Systems, Inc., Q2 2022 Earnings Call, Jul 25, 2022",2022-07-25,422,9,0.0213270142180094,2021–2022 Pre-ChatGPT Transition
CDNS,"Cadence Design Systems, Inc.",2661744.0,1803898192.0,"Cadence Design Systems, Inc., Q3 2022 Earnings Call, Oct 24, 2022",2022-10-24,523,19,0.0363288718929254,2021–2022 Pre-ChatGPT Transition
CDNS,"Cadence Design Systems, Inc.",2736619.0,1821012711.0,"Cadence Design Systems, Inc., Q4 2022 Earnings Call, Feb 13, 2023",2023-02-13,531,38,0.071563088512241,2023 Initial GenAI Surge
CDNS,"Cadence Design Systems, Inc.",2784658.0,1832505972.0,"Cadence Design Systems, Inc., Q1 2023 Earnings Call, Apr 24, 2023",2023-04-24,528,55,0.1041666666666666,2023 Initial GenAI Surge
CDNS,"Cadence Design Systems, Inc.",2856789.0,1847302415.0,"Cadence Design Systems, Inc., Q2 2023 Earnings Call, Jul 24, 2023",2023-07-24,583,71,0.1217838765008576,2023 Initial GenAI Surge
CDNS,"Cadence Design Systems, Inc.",2924456.0,1858321056.0,"Cadence Design Systems, Inc., Q3 2023 Earnings Call, Oct 23, 2023",2023-10-23,522,85,0.1628352490421455,2023 Initial GenAI Surge
CDNS,"Cadence Design Systems, Inc.",3020349.0,1867611964.0,"Cadence Design Systems, Inc., Q4 2023 Earnings Call, Feb 12, 2024",2024-02-12,603,72,0.1194029850746268,2024–2025 AI Adoption Period
CDNS,"Cadence Design Systems, Inc.",3092722.0,1877343357.0,"Cadence Design Systems, Inc., Q1 2024 Earnings Call, Apr 22, 2024",2024-04-22,549,66,0.1202185792349726,2024–2025 AI Adoption Period
CDNS,"Cadence Design Systems, Inc.",3191893.0,1886994377.0,"Cadence Design Systems, Inc., Q2 2024 Earnings Call, Jul 22, 2024",2024-07-22,524,47,0.0896946564885496,2024–2025 AI Adoption Period
CDNS,"Cadence Design Systems, Inc.",3291592.0,1899667539.0,"Cadence Design Systems, Inc., Q3 2024 Earnings Call, Oct 28, 2024",2024-10-28,573,66,0.1151832460732984,2024–2025 AI Adoption Period
CDNS,"Cadence Design Systems, Inc.",3415233.0,1914932832.0,"Cadence Design Systems, Inc., Q4 2024 Earnings Call, Feb 18, 2025",2025-02-18,397,32,0.0806045340050377,2024–2025 AI Adoption Period
CDNS,"Cadence Design Systems, Inc.",3427194.0,1938131748.0,"Cadence Design Systems, Inc., Q1 2025 Earnings Call, Apr 28, 2025",2025-04-28,426,46,0.107981220657277,2024–2025 AI Adoption Period
CDNS,"Cadence Design Systems, Inc.",3505733.0,1951776570.0,"Cadence Design Systems, Inc., Q2 2025 Earnings Call, Jul 28, 2025",2025-07-28,533,72,0.1350844277673546,2024–2025 AI Adoption Period
CDNS,"Cadence Design Systems, Inc.",3568505.0,1963108375.0,"Cadence Design Systems, Inc., Q3 2025 Earnings Call, Oct 27, 2025",2025-10-27,552,77,0.1394927536231884,2024–2025 AI Adoption Period
CPT,Camden Property Trust,3269643.0,700521228.0,"Camden Property Trust, Q4 2020 Earnings Call, Feb 05, 2021",2021-02-05,555,1,0.0018018018018018,2021–2022 Pre-ChatGPT Transition
CPT,Camden Property Trust,2267798.0,710900544.0,"Camden Property Trust, Q1 2021 Earnings Call, Apr 30, 2021",2021-04-30,611,2,0.0032733224222585,2021–2022 Pre-ChatGPT Transition
CPT,Camden Property Trust,2357814.0,1673197918.0,"Camden Property Trust, Q2 2021 Earnings Call, Jul 30, 2021",2021-07-30,603,0,0.0,2021–2022 Pre-ChatGPT Transition
CPT,Camden Property Trust,2418698.0,1684280821.0,"Camden Property Trust, Q3 2021 Earnings Call, Oct 29, 2021",2021-10-29,563,0,0.0,2021–2022 Pre-ChatGPT Transition
CPT,Camden Property Trust,2491513.0,1763861680.0,"Camden Property Trust, Q4 2021 Earnings Call, Feb 04, 2022",2022-02-04,624,1,0.0016025641025641,2021–2022 Pre-ChatGPT Transition
CPT,Camden Property Trust,2549209.0,1777134899.0,"Camden Property Trust, Q1 2022 Earnings Call, Apr 29, 2022",2022-04-29,600,0,0.0,2021–2022 Pre-ChatGPT Transition
CPT,Camden Property Trust,2609926.0,1789898845.0,"Camden Property Trust, Q2 2022 Earnings Call, Jul 29, 2022",2022-07-29,428,0,0.0,2021–2022 Pre-ChatGPT Transition
CPT,Camden Property Trust,2668142.0,1803763705.0,"Camden Property Trust, Q3 2022 Earnings Call, Oct 28, 2022",2022-10-28,557,0,0.0,2021–2022 Pre-ChatGPT Transition
CPT,Camden Property Trust,2729514.0,1821012726.0,"Camden Property Trust, Q4 2022 Earnings Call, Feb 03, 2023",2023-02-03,652,0,0.0,2023 Initial GenAI Surge
CPT,Camden Property Trust,2789928.0,1832252385.0,"Camden Property Trust, Q1 2023 Earnings Call, Apr 28, 2023",2023-04-28,441,0,0.0,2023 Initial GenAI Surge
CPT,Camden Property Trust,3028826.0,1847194989.0,"Camden Property Trust, Q2 2023 Earnings Call, Aug 04, 2023",2023-08-04,405,0,0.0,2023 Initial GenAI Surge
CPT,Camden Property Trust,3076869.0,1858086012.0,"Camden Property Trust, Q3 2023 Earnings Call, Oct 27, 2023",2023-10-27,568,0,0.0,2023 Initial GenAI Surge
CPT,Camden Property Trust,3010836.0,1868800921.0,"Camden Property Trust, Q4 2023 Earnings Call, Feb 02, 2024",2024-02-02,452,0,0.0,2024–2025 AI Adoption Period
CPT,Camden Property Trust,3109635.0,1877232037.0,"Camden Property Trust, Q1 2024 Earnings Call, May 03, 2024",2024-05-03,386,0,0.0,2024–2025 AI Adoption Period
CPT,Camden Property Trust,3211075.0,1887320094.0,"Camden Property Trust, Q2 2024 Earnings Call, Aug 02, 2024",2024-08-02,391,0,0.0,2024–2025 AI Adoption Period
CPT,Camden Property Trust,3297585.0,1899871650.0,"Camden Property Trust, Q3 2024 Earnings Call, Nov 01, 2024",2024-11-01,497,0,0.0,2024–2025 AI Adoption Period
CPT,Camden Property Trust,3375846.0,1916505431.0,"Camden Property Trust, Q4 2024 Earnings Call, Feb 07, 2025",2025-02-07,560,0,0.0,2024–2025 AI Adoption Period
CPT,Camden Property Trust,3437552.0,1937521898.0,"Camden Property Trust, Q1 2025 Earnings Call, May 02, 2025",2025-05-02,492,0,0.0,2024–2025 AI Adoption Period
CPT,Camden Property Trust,3512568.0,1952725456.0,"Camden Property Trust, Q2 2025 Earnings Call, Aug 01, 2025",2025-08-01,469,0,0.0,2024–2025 AI Adoption Period
CPT,Camden Property Trust,3610949.0,1964557292.0,"Camden Property Trust, Q3 2025 Earnings Call, Nov 07, 2025",2025-11-07,513,0,0.0,2024–2025 AI Adoption Period
CF,Canaccord Genuity Group Inc.,2193185.0,701762891.0,"Canaccord Genuity Group Inc., Q3 2021 Earnings Call, Feb 04, 2021",2021-02-04,458,0,0.0,2021–2022 Pre-ChatGPT Transition
CF,Canaccord Genuity Group Inc.,2336444.0,715220170.0,"Canaccord Genuity Group Inc., Q4 2021 Earnings Call, Jun 02, 2021",2021-06-02,367,0,0.0,2021–2022 Pre-ChatGPT Transition
CF,Canaccord Genuity Group Inc.,2363177.0,1674651026.0,"Canaccord Genuity Group Inc., Q1 2022 Earnings Call, Aug 04, 2021",2021-08-04,366,0,0.0,2021–2022 Pre-ChatGPT Transition
CF,Canaccord Genuity Group Inc.,2431997.0,1686090312.0,"Canaccord Genuity Group Inc., Q2 2022 Earnings Call, Nov 09, 2021",2021-11-09,297,0,0.0,2021–2022 Pre-ChatGPT Transition
CF,Canaccord Genuity Group Inc.,2493134.0,1764338519.0,"Canaccord Genuity Group Inc., Q3 2022 Earnings Call, Feb 10, 2022",2022-02-10,249,0,0.0,2021–2022 Pre-ChatGPT Transition
CF,Canaccord Genuity Group Inc.,2584541.0,1783927824.0,"Canaccord Genuity Group Inc., Q4 2022 Earnings Call, Jun 03, 2022",2022-06-03,354,0,0.0,2021–2022 Pre-ChatGPT Transition
CF,Canaccord Genuity Group Inc.,2622093.0,1787866838.0,"Canaccord Genuity Group Inc., Q1 2023 Earnings Call, Aug 05, 2022",2022-08-05,321,0,0.0,2021–2022 Pre-ChatGPT Transition
CF,Canaccord Genuity Group Inc.,2678382.0,1805388177.0,"Canaccord Genuity Group Inc., Q2 2023 Earnings Call, Nov 03, 2022",2022-11-03,382,0,0.0,2021–2022 Pre-ChatGPT Transition
CF,Canaccord Genuity Group Inc.,2735263.0,1823714929.0,"Canaccord Genuity Group Inc., Q3 2023 Earnings Call, Feb 09, 2023",2023-02-09,93,0,0.0,2023 Initial GenAI Surge
CF,Canaccord Genuity Group Inc.,2840437.0,1840575789.0,"Canaccord Genuity Group Inc., Q4 2023 Earnings Call, Jun 19, 2023",2023-06-19,463,0,0.0,2023 Initial GenAI Surge
CF,Canaccord Genuity Group Inc.,2912452.0,1848518702.0,"Canaccord Genuity Group Inc., Q1 2024 Earnings Call, Aug 04, 2023",2023-08-04,311,0,0.0,2023 Initial GenAI Surge
CF,Canaccord Genuity Group Inc.,3013426.0,1860458897.0,"Canaccord Genuity Group Inc., Q2 2024 Earnings Call, Nov 15, 2023",2023-11-15,230,0,0.0,2023 Initial GenAI Surge
CF,Canaccord Genuity Group Inc.,3056759.0,1869364818.0,"Canaccord Genuity Group Inc., Q3 2024 Earnings Call, Feb 08, 2024",2024-02-08,346,0,0.0,2024–2025 AI Adoption Period
CF,Canaccord Genuity Group Inc.,3154202.0,1881838282.0,"Canaccord Genuity Group Inc., Q4 2024 Earnings Call, Jun 06, 2024",2024-06-06,413,0,0.0,2024–2025 AI Adoption Period
CF,Canaccord Genuity Group Inc.,3229514.0,1888842081.0,"Canaccord Genuity Group Inc., Q1 2025 Earnings Call, Aug 09, 2024",2024-08-09,275,0,0.0,2024–2025 AI Adoption Period
CF,Canaccord Genuity Group Inc.,3351445.0,1901717759.0,"Canaccord Genuity Group Inc., Q2 2025 Earnings Call, Nov 08, 2024",2024-11-08,334,0,0.0,2024–2025 AI Adoption Period
CF,Canaccord Genuity Group Inc.,3366360.0,1917786168.0,"Canaccord Genuity Group Inc., Q3 2025 Earnings Call, Feb 05, 2025",2025-02-05,245,0,0.0,2024–2025 AI Adoption Period
CF,Canaccord Genuity Group Inc.,3477723.0,1944572222.0,"Canaccord Genuity Group Inc., Q4 2025 Earnings Call, Jun 05, 2025",2025-06-05,348,0,0.0,2024–2025 AI Adoption Period
CF,Canaccord Genuity Group Inc.,3595710.0,1954633446.0,"Canaccord Genuity Group Inc., Q1 2026 Earnings Call, Aug 07, 2025",2025-08-07,255,0,0.0,2024–2025 AI Adoption Period
CF,Canaccord Genuity Group Inc.,3593703.0,1968072561.0,"Canaccord Genuity Group Inc., Q2 2026 Earnings Call, Nov 14, 2025",2025-11-14,433,0,0.0,2024–2025 AI Adoption Period
COF,Capital One Financial Corporation,2181806.0,699245119.0,"Capital One Financial Corporation, Q4 2020 Earnings Call, Jan 26, 2021",2021-01-26,399,0,0.0,2021–2022 Pre-ChatGPT Transition
COF,Capital One Financial Corporation,2259905.0,709056181.0,"Capital One Financial Corporation, Q1 2021 Earnings Call, Apr 27, 2021",2021-04-27,437,0,0.0,2021–2022 Pre-ChatGPT Transition
COF,Capital One Financial Corporation,2350013.0,718760777.0,"Capital One Financial Corporation, Q2 2021 Earnings Call, Jul 22, 2021",2021-07-22,422,1,0.0023696682464454,2021–2022 Pre-ChatGPT Transition
COF,Capital One Financial Corporation,2477780.0,1682810709.0,"Capital One Financial Corporation, Q3 2021 Earnings Call, Oct 26, 2021",2021-10-26,516,1,0.001937984496124,2021–2022 Pre-ChatGPT Transition
COF,Capital One Financial Corporation,2477172.0,1762673047.0,"Capital One Financial Corporation, Q4 2021 Earnings Call, Jan 25, 2022",2022-01-25,569,2,0.0035149384885764,2021–2022 Pre-ChatGPT Transition
COF,Capital One Financial Corporation,2544066.0,1776590547.0,"Capital One Financial Corporation, Q1 2022 Earnings Call, Apr 26, 2022",2022-04-26,525,1,0.0019047619047619,2021–2022 Pre-ChatGPT Transition
COF,Capital One Financial Corporation,2602648.0,1787602384.0,"Capital One Financial Corporation, Q2 2022 Earnings Call, Jul 21, 2022",2022-07-21,488,0,0.0,2021–2022 Pre-ChatGPT Transition
COF,Capital One Financial Corporation,2723758.0,1803467717.0,"Capital One Financial Corporation, Q3 2022 Earnings Call, Oct 27, 2022",2022-10-27,555,6,0.0108108108108108,2021–2022 Pre-ChatGPT Transition
COF,Capital One Financial Corporation,2720936.0,1819079847.0,"Capital One Financial Corporation, Q4 2022 Earnings Call, Jan 24, 2023",2023-01-24,473,0,0.0,2023 Initial GenAI Surge
COF,Capital One Financial Corporation,2789964.0,1830208198.0,"Capital One Financial Corporation, Q1 2023 Earnings Call, Apr 27, 2023",2023-04-27,572,2,0.0034965034965034,2023 Initial GenAI Surge
COF,Capital One Financial Corporation,2890833.0,1845307264.0,"Capital One Financial Corporation, Q2 2023 Earnings Call, Jul 20, 2023",2023-07-20,481,2,0.0041580041580041,2023 Initial GenAI Surge
COF,Capital One Financial Corporation,2928190.0,1856325465.0,"Capital One Financial Corporation, Q3 2023 Earnings Call, Oct 26, 2023",2023-10-26,478,2,0.00418410041841,2023 Initial GenAI Surge
COF,Capital One Financial Corporation,3062051.0,1864934272.0,"Capital One Financial Corporation, Q4 2023 Earnings Call, Jan 25, 2024",2024-01-25,499,2,0.0040080160320641,2024–2025 AI Adoption Period
COF,Capital One Financial Corporation,3097863.0,1875383303.0,"Capital One Financial Corporation, Q1 2024 Earnings Call, Apr 25, 2024",2024-04-25,506,0,0.0,2024–2025 AI Adoption Period
COF,Capital One Financial Corporation,3277732.0,1885079171.0,"Capital One Financial Corporation, Q2 2024 Earnings Call, Jul 23, 2024",2024-07-23,435,2,0.0045977011494252,2024–2025 AI Adoption Period
COF,Capital One Financial Corporation,3288816.0,1898704708.0,"Capital One Financial Corporation, Q3 2024 Earnings Call, Oct 24, 2024",2024-10-24,431,0,0.0,2024–2025 AI Adoption Period
COF,Capital One Financial Corporation,3357994.0,1913672089.0,"Capital One Financial Corporation, Q4 2024 Earnings Call, Jan 21, 2025",2025-01-21,580,0,0.0,2024–2025 AI Adoption Period
COF,Capital One Financial Corporation,3422057.0,1936174439.0,"Capital One Financial Corporation, Q1 2025 Earnings Call, Apr 22, 2025",2025-04-22,587,2,0.0034071550255536,2024–2025 AI Adoption Period
COF,Capital One Financial Corporation,3501037.0,1948022290.0,"Capital One Financial Corporation, Q2 2025 Earnings Call, Jul 22, 2025",2025-07-22,596,7,0.011744966442953,2024–2025 AI Adoption Period
COF,Capital One Financial Corporation,3567897.0,1962115754.0,"Capital One Financial Corporation, Q3 2025 Earnings Call, Oct 21, 2025",2025-10-21,535,6,0.011214953271028,2024–2025 AI Adoption Period
CAH,"Cardinal Health, Inc.",2194434.0,700099205.0,"Cardinal Health, Inc., Q2 2021 Earnings Call, Feb 05, 2021",2021-02-05,405,0,0.0,2021–2022 Pre-ChatGPT Transition
CAH,"Cardinal Health, Inc.",2272645.0,709675654.0,"Cardinal Health, Inc., Q3 2021 Earnings Call, May 06, 2021",2021-05-06,364,2,0.0054945054945054,2021–2022 Pre-ChatGPT Transition
CAH,"Cardinal Health, Inc.",2368539.0,1671807472.0,"Cardinal Health, Inc., Q4 2021 Earnings Call, Aug 05, 2021",2021-08-05,410,1,0.0024390243902439,2021–2022 Pre-ChatGPT Transition
CAH,"Cardinal Health, Inc.",2431041.0,1683142197.0,"Cardinal Health, Inc., Q1 2022 Earnings Call, Nov 09, 2021",2021-11-09,371,0,0.0,2021–2022 Pre-ChatGPT Transition
CAH,"Cardinal Health, Inc.",2484096.0,1763151532.0,"Cardinal Health, Inc., Q2 2022 Earnings Call, Feb 03, 2022",2022-02-03,325,0,0.0,2021–2022 Pre-ChatGPT Transition
CAH,"Cardinal Health, Inc.",2554620.0,1776580686.0,"Cardinal Health, Inc., Q3 2022 Earnings Call, May 05, 2022",2022-05-05,413,0,0.0,2021–2022 Pre-ChatGPT Transition
CAH,"Cardinal Health, Inc.",2628065.0,1790061238.0,"Cardinal Health, Inc., Q4 2022 Earnings Call, Aug 11, 2022",2022-08-11,520,0,0.0,2021–2022 Pre-ChatGPT Transition
CAH,"Cardinal Health, Inc.",2675762.0,1802033164.0,"Cardinal Health, Inc., Q1 2023 Earnings Call, Nov 04, 2022",2022-11-04,398,0,0.0,2021–2022 Pre-ChatGPT Transition
CAH,"Cardinal Health, Inc.",2727673.0,1820583739.0,"Cardinal Health, Inc., Q2 2023 Earnings Call, Feb 02, 2023",2023-02-02,444,1,0.0022522522522522,2023 Initial GenAI Surge
CAH,"Cardinal Health, Inc.",2794267.0,1831225989.0,"Cardinal Health, Inc., Q3 2023 Earnings Call, May 04, 2023",2023-05-04,448,0,0.0,2023 Initial GenAI Surge
CAH,"Cardinal Health, Inc.",2885493.0,1846752964.0,"Cardinal Health, Inc., Q4 2023 Earnings Call, Aug 15, 2023",2023-08-15,427,0,0.0,2023 Initial GenAI Surge
CAH,"Cardinal Health, Inc.",3010525.0,1856892466.0,"Cardinal Health, Inc., Q1 2024 Earnings Call, Nov 03, 2023",2023-11-03,426,0,0.0,2023 Initial GenAI Surge
CAH,"Cardinal Health, Inc.",3050201.0,1866620149.0,"Cardinal Health, Inc., Q2 2024 Earnings Call, Feb 01, 2024",2024-02-01,448,2,0.0044642857142857,2024–2025 AI Adoption Period
CAH,"Cardinal Health, Inc.",3107062.0,1875726582.0,"Cardinal Health, Inc., Q3 2024 Earnings Call, May 02, 2024",2024-05-02,511,1,0.0019569471624266,2024–2025 AI Adoption Period
CAH,"Cardinal Health, Inc.",3229568.0,1888612140.0,"Cardinal Health, Inc., Q4 2024 Earnings Call, Aug 14, 2024",2024-08-14,584,4,0.0068493150684931,2024–2025 AI Adoption Period
CAH,"Cardinal Health, Inc.",3296857.0,1898361429.0,"Cardinal Health, Inc., Q1 2025 Earnings Call, Nov 01, 2024",2024-11-01,549,0,0.0,2024–2025 AI Adoption Period
CAH,"Cardinal Health, Inc.",3362529.0,1913469446.0,"Cardinal Health, Inc., Q2 2025 Earnings Call, Jan 30, 2025",2025-01-30,551,0,0.0,2024–2025 AI Adoption Period
CAH,"Cardinal Health, Inc.",3432617.0,1936293790.0,"Cardinal Health, Inc., Q3 2025 Earnings Call, May 01, 2025",2025-05-01,428,1,0.0023364485981308,2024–2025 AI Adoption Period
CAH,"Cardinal Health, Inc.",3524345.0,1953391112.0,"Cardinal Health, Inc., Q4 2025 Earnings Call, Aug 12, 2025",2025-08-12,460,1,0.0021739130434782,2024–2025 AI Adoption Period
CAH,"Cardinal Health, Inc.",3576180.0,1961601238.0,"Cardinal Health, Inc., Q1 2026 Earnings Call, Oct 30, 2025",2025-10-30,399,0,0.0,2024–2025 AI Adoption Period
CCL,Carnival Corporation & plc,3414098.0,700261796.0,"Carnival Corporation & Plc, Q4 2020 Earnings Call, Jan 11, 2021",2021-01-11,427,0,0.0,2021–2022 Pre-ChatGPT Transition
CCL,Carnival Corporation & plc,2248061.0,709873642.0,"Carnival Corporation & plc, Q1 2021 Earnings Call, Apr 07, 2021",2021-04-07,483,0,0.0,2021–2022 Pre-ChatGPT Transition
CCL,Carnival Corporation & plc,2329070.0,718902764.0,"Carnival Corporation & plc, Q2 2021 Earnings Call, Jun 24, 2021",2021-06-24,456,0,0.0,2021–2022 Pre-ChatGPT Transition
CCL,Carnival Corporation & plc,2406497.0,1681789682.0,"Carnival Corporation & plc, Q3 2021 Earnings Call, Sep 24, 2021",2021-09-24,466,0,0.0,2021–2022 Pre-ChatGPT Transition
CCL,Carnival Corporation & plc,2463050.0,1761353249.0,"Carnival Corporation & plc, Q4 2021 Earnings Call, Dec 20, 2021",2021-12-20,469,0,0.0,2021–2022 Pre-ChatGPT Transition
CCL,Carnival Corporation & plc,2528817.0,1774555194.0,"Carnival Corporation & plc, Q1 2022 Earnings Call, Mar 22, 2022",2022-03-22,461,0,0.0,2021–2022 Pre-ChatGPT Transition
CCL,Carnival Corporation & plc,2592699.0,1787264405.0,"Carnival Corporation & plc, Q2 2022 Earnings Call, Jun 24, 2022",2022-06-24,475,0,0.0,2021–2022 Pre-ChatGPT Transition
CCL,Carnival Corporation & plc,2653554.0,1801596813.0,"Carnival Corporation & plc, Q3 2022 Earnings Call, Sep 30, 2022",2022-09-30,438,0,0.0,2021–2022 Pre-ChatGPT Transition
CCL,Carnival Corporation & plc,2712124.0,1818564368.0,"Carnival Corporation & plc, Q4 2022 Earnings Call, Dec 21, 2022",2022-12-21,395,0,0.0,2023 Initial GenAI Surge
CCL,Carnival Corporation & plc,2772814.0,1829325973.0,"Carnival Corporation & plc, Q1 2023 Earnings Call, Mar 27, 2023",2023-03-27,521,0,0.0,2023 Initial GenAI Surge
CCL,Carnival Corporation & plc,2843733.0,1842702788.0,"Carnival Corporation & plc, Q2 2023 Earnings Call, Jun 26, 2023",2023-06-26,431,0,0.0,2023 Initial GenAI Surge
CCL,Carnival Corporation & plc,2913410.0,1855848418.0,"Carnival Corporation & plc, Q3 2023 Earnings Call, Sep 29, 2023",2023-09-29,496,0,0.0,2023 Initial GenAI Surge
CCL,Carnival Corporation & plc,2984173.0,1864907542.0,"Carnival Corporation & plc, Q4 2023 Earnings Call, Dec 21, 2023",2023-12-21,481,0,0.0,2023 Initial GenAI Surge
CCL,Carnival Corporation & plc,3072635.0,1874626738.0,"Carnival Corporation & plc, Q1 2024 Earnings Call, Mar 27, 2024",2024-03-27,425,0,0.0,2024–2025 AI Adoption Period
CCL,Carnival Corporation & plc,3169173.0,1884482317.0,"Carnival Corporation & plc, Q2 2024 Earnings Call, Jun 25, 2024",2024-06-25,514,0,0.0,2024–2025 AI Adoption Period
CCL,Carnival Corporation & plc,3275516.0,1897786639.0,"Carnival Corporation & plc, Q3 2024 Earnings Call, Sep 30, 2024",2024-09-30,513,0,0.0,2024–2025 AI Adoption Period
CCL,Carnival Corporation & plc,3349869.0,1912329935.0,"Carnival Corporation & plc, Q4 2024 Earnings Call, Dec 20, 2024",2024-12-20,519,0,0.0,2024–2025 AI Adoption Period
CCL,Carnival Corporation & plc,3406010.0,1934582725.0,"Carnival Corporation & plc, Q1 2025 Earnings Call, Mar 21, 2025",2025-03-21,481,0,0.0,2024–2025 AI Adoption Period
CCL,Carnival Corporation & plc,3490972.0,1947879570.0,"Carnival Corporation & plc, Q2 2025 Earnings Call, Jun 24, 2025",2025-06-24,472,0,0.0,2024–2025 AI Adoption Period
CCL,Carnival Corporation & plc,3554806.0,1960587706.0,"Carnival Corporation & plc, Q3 2025 Earnings Call, Sep 29, 2025",2025-09-29,489,0,0.0,2024–2025 AI Adoption Period
CCL,Carnival Corporation & plc,3629911.0,1973727947.0,"Carnival Corporation & plc, Q4 2025 Earnings Call, Dec 19, 2025",2025-12-19,461,3,0.0065075921908893,2024–2025 AI Adoption Period
CARR,Carrier Global Corporation,2200634.0,701330338.0,"Carrier Global Corporation, Q4 2020 Earnings Call, Feb 09, 2021",2021-02-09,572,1,0.0017482517482517,2021–2022 Pre-ChatGPT Transition
CARR,Carrier Global Corporation,2263201.0,711123874.0,"Carrier Global Corporation, Q1 2021 Earnings Call, Apr 29, 2021",2021-04-29,560,1,0.0017857142857142,2021–2022 Pre-ChatGPT Transition
CARR,Carrier Global Corporation,2354163.0,1673716808.0,"Carrier Global Corporation, Q2 2021 Earnings Call, Jul 29, 2021",2021-07-29,646,1,0.001547987616099,2021–2022 Pre-ChatGPT Transition
CARR,Carrier Global Corporation,2445349.0,1684665996.0,"Carrier Global Corporation, Q3 2021 Earnings Call, Oct 28, 2021",2021-10-28,571,0,0.0,2021–2022 Pre-ChatGPT Transition
CARR,Carrier Global Corporation,2487609.0,1764632222.0,"Carrier Global Corporation, Q4 2021 Earnings Call, Feb 08, 2022",2022-02-08,543,0,0.0,2021–2022 Pre-ChatGPT Transition
CARR,Carrier Global Corporation,2546534.0,1777135043.0,"Carrier Global Corporation, Q1 2022 Earnings Call, Apr 28, 2022",2022-04-28,598,1,0.0016722408026755,2021–2022 Pre-ChatGPT Transition
CARR,Carrier Global Corporation,2607056.0,1789735405.0,"Carrier Global Corporation, Q2 2022 Earnings Call, Jul 28, 2022",2022-07-28,530,0,0.0,2021–2022 Pre-ChatGPT Transition
CARR,Carrier Global Corporation,2665095.0,1803033050.0,"Carrier Global Corporation, Q3 2022 Earnings Call, Oct 27, 2022",2022-10-27,525,0,0.0,2021–2022 Pre-ChatGPT Transition
CARR,Carrier Global Corporation,2730622.0,1822127205.0,"Carrier Global Corporation, Q4 2022 Earnings Call, Feb 07, 2023",2023-02-07,558,0,0.0,2023 Initial GenAI Surge
CARR,Carrier Global Corporation,2786229.0,1832687590.0,"Carrier Global Corporation, Q1 2023 Earnings Call, Apr 26, 2023",2023-04-26,628,0,0.0,2023 Initial GenAI Surge
CARR,Carrier Global Corporation,2860139.0,1847117189.0,"Carrier Global Corporation, Q2 2023 Earnings Call, Jul 27, 2023",2023-07-27,560,8,0.0142857142857142,2023 Initial GenAI Surge
CARR,Carrier Global Corporation,2931539.0,1858215037.0,"Carrier Global Corporation, Q3 2023 Earnings Call, Oct 26, 2023",2023-10-26,559,2,0.0035778175313059,2023 Initial GenAI Surge
CARR,Carrier Global Corporation,3013132.0,1868575416.0,"Carrier Global Corporation, Q4 2023 Earnings Call, Feb 06, 2024",2024-02-06,585,1,0.0017094017094017,2024–2025 AI Adoption Period
CARR,Carrier Global Corporation,3096646.0,1877229031.0,"Carrier Global Corporation, Q1 2024 Earnings Call, Apr 25, 2024",2024-04-25,582,2,0.0034364261168384,2024–2025 AI Adoption Period
CARR,Carrier Global Corporation,3277144.0,1887475980.0,"Carrier Global Corporation, Q2 2024 Earnings Call, Jul 25, 2024",2024-07-25,571,2,0.0035026269702276,2024–2025 AI Adoption Period
CARR,Carrier Global Corporation,3287891.0,1900179411.0,"Carrier Global Corporation, Q3 2024 Earnings Call, Oct 24, 2024",2024-10-24,556,0,0.0,2024–2025 AI Adoption Period
CARR,Carrier Global Corporation,3370675.0,1917592161.0,"Carrier Global Corporation, Q4 2024 Earnings Call, Feb 11, 2025",2025-02-11,602,0,0.0,2024–2025 AI Adoption Period
CARR,Carrier Global Corporation,3487087.0,1940522487.0,"Carrier Global Corporation, Q1 2025 Earnings Call, May 01, 2025",2025-05-01,588,2,0.0034013605442176,2024–2025 AI Adoption Period
CARR,Carrier Global Corporation,3506291.0,1952724461.0,"Carrier Global Corporation, Q2 2025 Earnings Call, Jul 29, 2025",2025-07-29,559,1,0.0017889087656529,2024–2025 AI Adoption Period
CARR,Carrier Global Corporation,3576857.0,1964260000.0,"Carrier Global Corporation, Q3 2025 Earnings Call, Oct 28, 2025",2025-10-28,589,3,0.0050933786078098,2024–2025 AI Adoption Period
CVNA,Carvana Co.,2224515.0,702626126.0,"Carvana Co., Q4 2020 Earnings Call, Feb 25, 2021",2021-02-25,565,0,0.0,2021–2022 Pre-ChatGPT Transition
CVNA,Carvana Co.,2273846.0,710742676.0,"Carvana Co., Q1 2021 Earnings Call, May 06, 2021",2021-05-06,528,0,0.0,2021–2022 Pre-ChatGPT Transition
CVNA,Carvana Co.,2376515.0,1673419564.0,"Carvana Co., Q2 2021 Earnings Call, Aug 05, 2021",2021-08-05,580,0,0.0,2021–2022 Pre-ChatGPT Transition
CVNA,Carvana Co.,2426798.0,1684669836.0,"Carvana Co., Q3 2021 Earnings Call, Nov 04, 2021",2021-11-04,563,0,0.0,2021–2022 Pre-ChatGPT Transition
CVNA,Carvana Co.,2513699.0,1765628970.0,"Carvana Co., Q4 2021 Earnings Call, Feb 24, 2022",2022-02-24,632,0,0.0,2021–2022 Pre-ChatGPT Transition
CVNA,Carvana Co.,2540555.0,1778334430.0,"Carvana Co., Q1 2022 Earnings Call, Apr 20, 2022",2022-04-20,584,0,0.0,2021–2022 Pre-ChatGPT Transition
CVNA,Carvana Co.,2617419.0,1790178009.0,"Carvana Co., Q2 2022 Earnings Call, Aug 04, 2022",2022-08-04,626,0,0.0,2021–2022 Pre-ChatGPT Transition
CVNA,Carvana Co.,2676286.0,1803776886.0,"Carvana Co., Q3 2022 Earnings Call, Nov 03, 2022",2022-11-03,594,0,0.0,2021–2022 Pre-ChatGPT Transition
CVNA,Carvana Co.,2750630.0,1823444329.0,"Carvana Co., Q4 2022 Earnings Call, Feb 23, 2023",2023-02-23,565,0,0.0,2023 Initial GenAI Surge
CVNA,Carvana Co.,2795232.0,1832386696.0,"Carvana Co., Q1 2023 Earnings Call, May 04, 2023",2023-05-04,555,0,0.0,2023 Initial GenAI Surge
CVNA,Carvana Co.,2853995.0,1847193134.0,"Carvana Co., Q2 2023 Earnings Call, Jul 19, 2023",2023-07-19,529,0,0.0,2023 Initial GenAI Surge
CVNA,Carvana Co.,2935953.0,1858215190.0,"Carvana Co., Q3 2023 Earnings Call, Nov 02, 2023",2023-11-02,560,0,0.0,2023 Initial GenAI Surge
CVNA,Carvana Co.,3035028.0,1869474666.0,"Carvana Co., Q4 2023 Earnings Call, Feb 22, 2024",2024-02-22,528,5,0.0094696969696969,2024–2025 AI Adoption Period
CVNA,Carvana Co.,3105689.0,1877124339.0,"Carvana Co., Q1 2024 Earnings Call, May 01, 2024",2024-05-01,538,0,0.0,2024–2025 AI Adoption Period
CVNA,Carvana Co.,3207200.0,1886647307.0,"Carvana Co., Q2 2024 Earnings Call, Jul 31, 2024",2024-07-31,557,0,0.0,2024–2025 AI Adoption Period
CVNA,Carvana Co.,3295456.0,1899306317.0,"Carvana Co., Q3 2024 Earnings Call, Oct 30, 2024",2024-10-30,528,0,0.0,2024–2025 AI Adoption Period
CVNA,Carvana Co.,3378220.0,1917741721.0,"Carvana Co., Q4 2024 Earnings Call, Feb 19, 2025",2025-02-19,529,3,0.0056710775047258,2024–2025 AI Adoption Period
CVNA,Carvana Co.,3467496.0,1938642996.0,"Carvana Co., Q1 2025 Earnings Call, May 07, 2025",2025-05-07,598,0,0.0,2024–2025 AI Adoption Period
CVNA,Carvana Co.,3509128.0,1951582735.0,"Carvana Co., Q2 2025 Earnings Call, Jul 30, 2025",2025-07-30,609,2,0.0032840722495894,2024–2025 AI Adoption Period
CVNA,Carvana Co.,3571773.0,1962744056.0,"Carvana Co., Q3 2025 Earnings Call, Oct 29, 2025",2025-10-29,546,5,0.0091575091575091,2024–2025 AI Adoption Period
CASY,"Casey's General Stores, Inc.",2232906.0,704424667.0,"Casey's General Stores, Inc., Q3 2021 Earnings Call, Mar 09, 2021",2021-03-09,491,0,0.0,2021–2022 Pre-ChatGPT Transition
CASY,"Casey's General Stores, Inc.",2314766.0,715114194.0,"Casey's General Stores, Inc., Q4 2021 Earnings Call, Jun 09, 2021",2021-06-09,565,0,0.0,2021–2022 Pre-ChatGPT Transition
CASY,"Casey's General Stores, Inc.",2392395.0,1677844835.0,"Casey's General Stores, Inc., Q1 2022 Earnings Call, Sep 08, 2021",2021-09-08,544,0,0.0,2021–2022 Pre-ChatGPT Transition
CASY,"Casey's General Stores, Inc.",2457113.0,1758584371.0,"Casey's General Stores, Inc., Q2 2022 Earnings Call, Dec 08, 2021",2021-12-08,535,0,0.0,2021–2022 Pre-ChatGPT Transition
CASY,"Casey's General Stores, Inc.",2532865.0,1771403947.0,"Casey's General Stores, Inc., Q3 2022 Earnings Call, Mar 09, 2022",2022-03-09,454,0,0.0,2021–2022 Pre-ChatGPT Transition
CASY,"Casey's General Stores, Inc.",2586312.0,1783439765.0,"Casey's General Stores, Inc., Q4 2022 Earnings Call, Jun 08, 2022",2022-06-08,545,0,0.0,2021–2022 Pre-ChatGPT Transition
CASY,"Casey's General Stores, Inc.",2643924.0,1796921354.0,"Casey's General Stores, Inc., Q1 2023 Earnings Call, Sep 08, 2022",2022-09-08,514,0,0.0,2021–2022 Pre-ChatGPT Transition
CASY,"Casey's General Stores, Inc.",2704348.0,1815188626.0,"Casey's General Stores, Inc., Q2 2023 Earnings Call, Dec 07, 2022",2022-12-07,467,0,0.0,2023 Initial GenAI Surge
CASY,"Casey's General Stores, Inc.",2760439.0,1825875874.0,"Casey's General Stores, Inc., Q3 2023 Earnings Call, Mar 08, 2023",2023-03-08,469,0,0.0,2023 Initial GenAI Surge
CASY,"Casey's General Stores, Inc.",2833051.0,1837859115.0,"Casey's General Stores, Inc., Q4 2023 Earnings Call, Jun 07, 2023",2023-06-07,522,0,0.0,2023 Initial GenAI Surge
CASY,"Casey's General Stores, Inc.",2906461.0,1853414505.0,"Casey's General Stores, Inc., Q1 2024 Earnings Call, Sep 12, 2023",2023-09-12,424,0,0.0,2023 Initial GenAI Surge
CASY,"Casey's General Stores, Inc.",2981379.0,1862477263.0,"Casey's General Stores, Inc., Q2 2024 Earnings Call, Dec 12, 2023",2023-12-12,419,0,0.0,2023 Initial GenAI Surge
CASY,"Casey's General Stores, Inc.",3059606.0,1872087349.0,"Casey's General Stores, Inc., Q3 2024 Earnings Call, Mar 12, 2024",2024-03-12,516,4,0.0077519379844961,2024–2025 AI Adoption Period
CASY,"Casey's General Stores, Inc.",3158642.0,1881607366.0,"Casey's General Stores, Inc., Q4 2024 Earnings Call, Jun 12, 2024",2024-06-12,424,0,0.0,2024–2025 AI Adoption Period
CASY,"Casey's General Stores, Inc.",3254552.0,1891230492.0,"Casey's General Stores, Inc., Q1 2025 Earnings Call, Sep 05, 2024",2024-09-05,371,0,0.0,2024–2025 AI Adoption Period
CASY,"Casey's General Stores, Inc.",3337569.0,1904458367.0,"Casey's General Stores, Inc., Q2 2025 Earnings Call, Dec 10, 2024",2024-12-10,375,0,0.0,2024–2025 AI Adoption Period
CASY,"Casey's General Stores, Inc.",3398338.0,1931623213.0,"Casey's General Stores, Inc., Q3 2025 Earnings Call, Mar 12, 2025",2025-03-12,471,0,0.0,2024–2025 AI Adoption Period
CASY,"Casey's General Stores, Inc.",3480886.0,1944091306.0,"Casey's General Stores, Inc., Q4 2025 Earnings Call, Jun 10, 2025",2025-06-10,489,0,0.0,2024–2025 AI Adoption Period
CASY,"Casey's General Stores, Inc.",3559956.0,1957259769.0,"Casey's General Stores, Inc., Q1 2026 Earnings Call, Sep 09, 2025",2025-09-09,384,0,0.0,2024–2025 AI Adoption Period
CASY,"Casey's General Stores, Inc.",3627330.0,1970861757.0,"Casey's General Stores, Inc., Q2 2026 Earnings Call, Dec 10, 2025",2025-12-10,386,0,0.0,2024–2025 AI Adoption Period
CAT,Caterpillar Inc.,2253046.0,699748527.0,"Caterpillar Inc., Q4 2020 Earnings Call, Jan 29, 2021",2021-01-29,511,0,0.0,2021–2022 Pre-ChatGPT Transition
CAT,Caterpillar Inc.,2262616.0,711422546.0,"Caterpillar Inc., Q1 2021 Earnings Call, Apr 29, 2021",2021-04-29,512,1,0.001953125,2021–2022 Pre-ChatGPT Transition
CAT,Caterpillar Inc.,2356647.0,1674249906.0,"Caterpillar Inc., Q2 2021 Earnings Call, Jul 30, 2021",2021-07-30,551,0,0.0,2021–2022 Pre-ChatGPT Transition
CAT,Caterpillar Inc.,2415960.0,1682865708.0,"Caterpillar Inc., Q3 2021 Earnings Call, Oct 28, 2021",2021-10-28,594,0,0.0,2021–2022 Pre-ChatGPT Transition
CAT,Caterpillar Inc.,2484949.0,1763503180.0,"Caterpillar Inc., Q4 2021 Earnings Call, Jan 28, 2022",2022-01-28,617,0,0.0,2021–2022 Pre-ChatGPT Transition
CAT,Caterpillar Inc.,2546911.0,1773365325.0,"Caterpillar Inc., Q1 2022 Earnings Call, Apr 28, 2022",2022-04-28,564,0,0.0,2021–2022 Pre-ChatGPT Transition
CAT,Caterpillar Inc.,2612051.0,1792337836.0,"Caterpillar Inc., Q2 2022 Earnings Call, Aug 02, 2022",2022-08-02,508,0,0.0,2021–2022 Pre-ChatGPT Transition
CAT,Caterpillar Inc.,2665331.0,1798964368.0,"Caterpillar Inc., Q3 2022 Earnings Call, Oct 27, 2022",2022-10-27,529,0,0.0,2021–2022 Pre-ChatGPT Transition
CAT,Caterpillar Inc.,2725860.0,1820723695.0,"Caterpillar Inc., Q4 2022 Earnings Call, Jan 31, 2023",2023-01-31,600,2,0.0033333333333333,2023 Initial GenAI Surge
CAT,Caterpillar Inc.,2788110.0,1833028346.0,"Caterpillar Inc., Q1 2023 Earnings Call, Apr 27, 2023",2023-04-27,556,2,0.0035971223021582,2023 Initial GenAI Surge
CAT,Caterpillar Inc.,2864479.0,1848254713.0,"Caterpillar Inc., Q2 2023 Earnings Call, Aug 01, 2023",2023-08-01,554,0,0.0,2023 Initial GenAI Surge
CAT,Caterpillar Inc.,2931004.0,1859266758.0,"Caterpillar Inc., Q3 2023 Earnings Call, Oct 31, 2023",2023-10-31,571,0,0.0,2023 Initial GenAI Surge
CAT,Caterpillar Inc.,3011568.0,1869080220.0,"Caterpillar Inc., Q4 2023 Earnings Call, Feb 05, 2024",2024-02-05,558,3,0.0053763440860215,2024–2025 AI Adoption Period
CAT,Caterpillar Inc.,3096908.0,1877832601.0,"Caterpillar Inc., Q1 2024 Earnings Call, Apr 25, 2024",2024-04-25,526,2,0.0038022813688212,2024–2025 AI Adoption Period
CAT,Caterpillar Inc.,3214340.0,1888621081.0,"Caterpillar Inc., Q2 2024 Earnings Call, Aug 06, 2024",2024-08-06,547,1,0.0018281535648994,2024–2025 AI Adoption Period
CAT,Caterpillar Inc.,3293339.0,1900839566.0,"Caterpillar Inc., Q3 2024 Earnings Call, Oct 30, 2024",2024-10-30,538,1,0.0018587360594795,2024–2025 AI Adoption Period
CAT,Caterpillar Inc.,3375146.0,1917031761.0,"Caterpillar Inc., Q4 2024 Earnings Call, Jan 30, 2025",2025-01-30,554,2,0.003610108303249,2024–2025 AI Adoption Period
CAT,Caterpillar Inc.,3430688.0,1939870068.0,"Caterpillar Inc., Q1 2025 Earnings Call, Apr 30, 2025",2025-04-30,572,0,0.0,2024–2025 AI Adoption Period
CAT,Caterpillar Inc.,3515220.0,1954178952.0,"Caterpillar Inc., Q2 2025 Earnings Call, Aug 05, 2025",2025-08-05,561,1,0.0017825311942959,2024–2025 AI Adoption Period
CAT,Caterpillar Inc.,3572025.0,1958574325.0,"Caterpillar Inc., Q3 2025 Earnings Call, Oct 29, 2025",2025-10-29,554,1,0.0018050541516245,2024–2025 AI Adoption Period
CBOE,"Cboe Global Markets, Inc.",2194531.0,697746037.0,"Cboe Global Markets, Inc., Q4 2020 Earnings Call, Feb 05, 2021",2021-02-05,573,0,0.0,2021–2022 Pre-ChatGPT Transition
CBOE,"Cboe Global Markets, Inc.",2265156.0,707818852.0,"Cboe Global Markets, Inc., Q1 2021 Earnings Call, Apr 30, 2021",2021-04-30,537,0,0.0,2021–2022 Pre-ChatGPT Transition
CBOE,"Cboe Global Markets, Inc.",2386122.0,717674599.0,"Cboe Global Markets, Inc., Q2 2021 Earnings Call, Jul 30, 2021",2021-07-30,499,0,0.0,2021–2022 Pre-ChatGPT Transition
CBOE,"Cboe Global Markets, Inc.",2418088.0,1683512110.0,"Cboe Global Markets, Inc., Q3 2021 Earnings Call, Oct 29, 2021",2021-10-29,504,0,0.0,2021–2022 Pre-ChatGPT Transition
CBOE,"Cboe Global Markets, Inc.",2485545.0,1760781086.0,"Cboe Global Markets, Inc., Q4 2021 Earnings Call, Feb 04, 2022",2022-02-04,491,0,0.0,2021–2022 Pre-ChatGPT Transition
CBOE,"Cboe Global Markets, Inc.",2558420.0,1773772387.0,"Cboe Global Markets, Inc., Q1 2022 Earnings Call, Apr 29, 2022",2022-04-29,486,0,0.0,2021–2022 Pre-ChatGPT Transition
CBOE,"Cboe Global Markets, Inc.",2609281.0,1786237577.0,"Cboe Global Markets, Inc., Q2 2022 Earnings Call, Jul 29, 2022",2022-07-29,514,0,0.0,2021–2022 Pre-ChatGPT Transition
CBOE,"Cboe Global Markets, Inc.",2702934.0,1803189671.0,"Cboe Global Markets, Inc., Q3 2022 Earnings Call, Nov 04, 2022",2022-11-04,319,0,0.0,2021–2022 Pre-ChatGPT Transition
CBOE,"Cboe Global Markets, Inc.",2730101.0,1818369736.0,"Cboe Global Markets, Inc., Q4 2022 Earnings Call, Feb 03, 2023",2023-02-03,544,0,0.0,2023 Initial GenAI Surge
CBOE,"Cboe Global Markets, Inc.",2795929.0,1830195515.0,"Cboe Global Markets, Inc., Q1 2023 Earnings Call, May 05, 2023",2023-05-05,389,0,0.0,2023 Initial GenAI Surge
CBOE,"Cboe Global Markets, Inc.",2870743.0,1842752250.0,"Cboe Global Markets, Inc., Q2 2023 Earnings Call, Aug 04, 2023",2023-08-04,474,0,0.0,2023 Initial GenAI Surge
CBOE,"Cboe Global Markets, Inc.",2935988.0,1857166705.0,"Cboe Global Markets, Inc., Q3 2023 Earnings Call, Nov 03, 2023",2023-11-03,504,0,0.0,2023 Initial GenAI Surge
CBOE,"Cboe Global Markets, Inc.",3010687.0,1864584431.0,"Cboe Global Markets, Inc., Q4 2023 Earnings Call, Feb 02, 2024",2024-02-02,460,1,0.0021739130434782,2024–2025 AI Adoption Period
CBOE,"Cboe Global Markets, Inc.",3109272.0,1875383924.0,"Cboe Global Markets, Inc., Q1 2024 Earnings Call, May 03, 2024",2024-05-03,497,0,0.0,2024–2025 AI Adoption Period
CBOE,"Cboe Global Markets, Inc.",3244010.0,1886541257.0,"Cboe Global Markets, Inc., Q2 2024 Earnings Call, Aug 02, 2024",2024-08-02,472,1,0.0021186440677966,2024–2025 AI Adoption Period
CBOE,"Cboe Global Markets, Inc.",3297310.0,1899024529.0,"Cboe Global Markets, Inc., Q3 2024 Earnings Call, Nov 01, 2024",2024-11-01,512,2,0.00390625,2024–2025 AI Adoption Period
CBOE,"Cboe Global Markets, Inc.",3368825.0,1912208232.0,"Cboe Global Markets, Inc., Q4 2024 Earnings Call, Feb 07, 2025",2025-02-07,444,6,0.0135135135135135,2024–2025 AI Adoption Period
CBOE,"Cboe Global Markets, Inc.",3437246.0,1935398928.0,"Cboe Global Markets, Inc., Q1 2025 Earnings Call, May 02, 2025",2025-05-02,421,0,0.0,2024–2025 AI Adoption Period
CBOE,"Cboe Global Markets, Inc.",3512727.0,1949714016.0,"Cboe Global Markets, Inc., Q2 2025 Earnings Call, Aug 01, 2025",2025-08-01,359,0,0.0,2024–2025 AI Adoption Period
CBOE,"Cboe Global Markets, Inc.",3585199.0,1961692535.0,"Cboe Global Markets, Inc., Q3 2025 Earnings Call, Oct 31, 2025",2025-10-31,509,17,0.0333988212180746,2024–2025 AI Adoption Period
CBRE,"CBRE Group, Inc.",2271234.0,701176232.0,"CBRE Group, Inc., Q4 2020 Earnings Call, Feb 23, 2021",2021-02-23,478,0,0.0,2021–2022 Pre-ChatGPT Transition
CBRE,"CBRE Group, Inc.",2262786.0,710868110.0,"CBRE Group, Inc., Q1 2021 Earnings Call, Apr 29, 2021",2021-04-29,377,0,0.0,2021–2022 Pre-ChatGPT Transition
CBRE,"CBRE Group, Inc.",2372212.0,1673265109.0,"CBRE Group, Inc., Q2 2021 Earnings Call, Jul 29, 2021",2021-07-29,293,0,0.0,2021–2022 Pre-ChatGPT Transition
CBRE,"CBRE Group, Inc.",2415657.0,1684345641.0,"CBRE Group, Inc., Q3 2021 Earnings Call, Oct 28, 2021",2021-10-28,252,0,0.0,2021–2022 Pre-ChatGPT Transition
CBRE,"CBRE Group, Inc.",2505550.0,1762435132.0,"CBRE Group, Inc., Q4 2021 Earnings Call, Feb 24, 2022",2022-02-24,422,0,0.0,2021–2022 Pre-ChatGPT Transition
CBRE,"CBRE Group, Inc.",2554490.0,1777106984.0,"CBRE Group, Inc., Q1 2022 Earnings Call, May 05, 2022",2022-05-05,392,0,0.0,2021–2022 Pre-ChatGPT Transition
CBRE,"CBRE Group, Inc.",2642302.0,1788613811.0,"CBRE Group, Inc., Q2 2022 Earnings Call, Aug 04, 2022",2022-08-04,261,0,0.0,2021–2022 Pre-ChatGPT Transition
CBRE,"CBRE Group, Inc.",2665170.0,1802946675.0,"CBRE Group, Inc., Q3 2022 Earnings Call, Oct 27, 2022",2022-10-27,410,0,0.0,2021–2022 Pre-ChatGPT Transition
CBRE,"CBRE Group, Inc.",2750014.0,1821344076.0,"CBRE Group, Inc., Q4 2022 Earnings Call, Feb 23, 2023",2023-02-23,351,0,0.0,2023 Initial GenAI Surge
CBRE,"CBRE Group, Inc.",2787772.0,1832225955.0,"CBRE Group, Inc., Q1 2023 Earnings Call, Apr 27, 2023",2023-04-27,319,0,0.0,2023 Initial GenAI Surge
CBRE,"CBRE Group, Inc.",2874244.0,1847090548.0,"CBRE Group, Inc., Q2 2023 Earnings Call, Jul 27, 2023",2023-07-27,364,5,0.0137362637362637,2023 Initial GenAI Surge
CBRE,"CBRE Group, Inc.",2928900.0,1857949161.0,"CBRE Group, Inc., Q3 2023 Earnings Call, Oct 27, 2023",2023-10-27,395,0,0.0,2023 Initial GenAI Surge
CBRE,"CBRE Group, Inc.",3025106.0,1867786066.0,"CBRE Group, Inc., Q4 2023 Earnings Call, Feb 15, 2024",2024-02-15,312,0,0.0,2024–2025 AI Adoption Period
CBRE,"CBRE Group, Inc.",3109278.0,1877507277.0,"CBRE Group, Inc., Q1 2024 Earnings Call, May 03, 2024",2024-05-03,367,0,0.0,2024–2025 AI Adoption Period
CBRE,"CBRE Group, Inc.",3196413.0,1886208703.0,"CBRE Group, Inc., Q2 2024 Earnings Call, Jul 25, 2024",2024-07-25,411,1,0.0024330900243309,2024–2025 AI Adoption Period
CBRE,"CBRE Group, Inc.",3288011.0,1898362498.0,"CBRE Group, Inc., Q3 2024 Earnings Call, Oct 24, 2024",2024-10-24,379,0,0.0,2024–2025 AI Adoption Period
CBRE,"CBRE Group, Inc.",3382336.0,1915181927.0,"CBRE Group, Inc., Q4 2024 Earnings Call, Feb 13, 2025",2025-02-13,435,0,0.0,2024–2025 AI Adoption Period
CBRE,"CBRE Group, Inc.",3424190.0,1935239936.0,"CBRE Group, Inc., Q1 2025 Earnings Call, Apr 24, 2025",2025-04-24,378,0,0.0,2024–2025 AI Adoption Period
CBRE,"CBRE Group, Inc.",3549889.0,1948254860.0,"CBRE Group, Inc., Q2 2025 Earnings Call, Jul 29, 2025",2025-07-29,315,0,0.0,2024–2025 AI Adoption Period
CBRE,"CBRE Group, Inc.",3619230.0,1961151089.0,"CBRE Group, Inc., Q3 2025 Earnings Call, Oct 23, 2025",2025-10-23,369,1,0.002710027100271,2024–2025 AI Adoption Period
CCL,CCL Products (India) Limited,2253624.0,702199964.0,"CCL Products (India) Limited, Q3 2021 Earnings Call, Jan 28, 2021",2021-01-28,611,0,0.0,2021–2022 Pre-ChatGPT Transition
CCL,CCL Products (India) Limited,2297079.0,715088061.0,"CCL Products (India) Limited, Q4 2021 Earnings Call, May 22, 2021",2021-05-22,895,0,0.0,2021–2022 Pre-ChatGPT Transition
CCL,CCL Products (India) Limited,2498587.0,1675213688.0,"CCL Products (India) Limited, Q1 2022 Earnings Call, Jul 29, 2021",2021-07-29,610,0,0.0,2021–2022 Pre-ChatGPT Transition
CCL,CCL Products (India) Limited,2417403.0,1686079883.0,"CCL Products (India) Limited, Q2 2022 Earnings Call, Oct 28, 2021",2021-10-28,566,0,0.0,2021–2022 Pre-ChatGPT Transition
CCL,CCL Products (India) Limited,2475366.0,1764561058.0,"CCL Products (India) Limited, Q3 2022 Earnings Call, Jan 20, 2022",2022-01-20,917,0,0.0,2021–2022 Pre-ChatGPT Transition
CCL,CCL Products (India) Limited,2599443.0,1784620540.0,"CCL Products (India) Limited, Q4 2022 Earnings Call, May 27, 2022",2022-05-27,764,0,0.0,2021–2022 Pre-ChatGPT Transition
CCL,CCL Products (India) Limited,2621244.0,1794340329.0,"CCL Products (India) Limited, Q1 2023 Earnings Call, Aug 05, 2022",2022-08-05,605,0,0.0,2021–2022 Pre-ChatGPT Transition
CCL,CCL Products (India) Limited,2668829.0,1813062410.0,"CCL Products (India) Limited, Q2 2023 Earnings Call, Oct 31, 2022",2022-10-31,616,0,0.0,2021–2022 Pre-ChatGPT Transition
CCL,CCL Products (India) Limited,2719825.0,1821948169.0,"CCL Products (India) Limited, Q3 2023 Earnings Call, Jan 19, 2023",2023-01-19,767,0,0.0,2023 Initial GenAI Surge
CCL,CCL Products (India) Limited,2811123.0,1837752362.0,"CCL Products (India) Limited, Q4 2023 Earnings Call, May 17, 2023",2023-05-17,672,0,0.0,2023 Initial GenAI Surge
CCL,CCL Products (India) Limited,2855745.0,1847612633.0,"CCL Products (India) Limited, Q1 2024 Earnings Call, Jul 17, 2023",2023-07-17,635,0,0.0,2023 Initial GenAI Surge
CCL,CCL Products (India) Limited,2938850.0,1860815436.0,"CCL Products (India) Limited, Q2 2024 Earnings Call, Nov 07, 2023",2023-11-07,511,0,0.0,2023 Initial GenAI Surge
CCL,CCL Products (India) Limited,3086105.0,1869698197.0,"CCL Products (India) Limited, Q3 2024 Earnings Call, Feb 06, 2024",2024-02-06,597,0,0.0,2024–2025 AI Adoption Period
CCL,CCL Products (India) Limited,3122438.0,1880458815.0,"CCL Products (India) Limited, Q4 2024 Earnings Call, May 13, 2024",2024-05-13,635,0,0.0,2024–2025 AI Adoption Period
CCL,CCL Products (India) Limited,3218461.0,1889634305.0,"CCL Products (India) Limited, Q1 2025 Earnings Call, Aug 08, 2024",2024-08-08,586,0,0.0,2024–2025 AI Adoption Period
CCL,CCL Products (India) Limited,3301035.0,1902736167.0,"CCL Products (India) Limited, Q2 2025 Earnings Call, Nov 06, 2024",2024-11-06,649,0,0.0,2024–2025 AI Adoption Period
CCL,CCL Products (India) Limited,3369175.0,1929162328.0,"CCL Products (India) Limited, Q3 2025 Earnings Call, Feb 06, 2025",2025-02-06,579,0,0.0,2024–2025 AI Adoption Period
CCL,CCL Products (India) Limited,3441457.0,1941296861.0,"CCL Products (India) Limited, Q4 2025 Earnings Call, May 06, 2025",2025-05-06,605,0,0.0,2024–2025 AI Adoption Period
CCL,CCL Products (India) Limited,3535776.0,1955110493.0,"CCL Products (India) Limited, Q1 2026 Earnings Call, Aug 06, 2025",2025-08-06,580,0,0.0,2024–2025 AI Adoption Period
CCL,CCL Products (India) Limited,3636891.0,1968420747.0,"CCL Products (India) Limited, Q2 2026 Earnings Call, Nov 06, 2025",2025-11-06,720,0,0.0,2024–2025 AI Adoption Period
CDW,CDW Corporation,2244134.0,702441446.0,"CDW Corporation, Q4 2020 Earnings Call, Feb 10, 2021",2021-02-10,617,0,0.0,2021–2022 Pre-ChatGPT Transition
CDW,CDW Corporation,2326869.0,712091211.0,"CDW Corporation, Q1 2021 Earnings Call, May 05, 2021",2021-05-05,570,2,0.0035087719298245,2021–2022 Pre-ChatGPT Transition
CDW,CDW Corporation,2362639.0,1674712741.0,"CDW Corporation, Q2 2021 Earnings Call, Aug 04, 2021",2021-08-04,512,0,0.0,2021–2022 Pre-ChatGPT Transition
CDW,CDW Corporation,2422832.0,1685652729.0,"CDW Corporation, Q3 2021 Earnings Call, Nov 03, 2021",2021-11-03,537,0,0.0,2021–2022 Pre-ChatGPT Transition
CDW,CDW Corporation,2488954.0,1765450174.0,"CDW Corporation, Q4 2021 Earnings Call, Feb 09, 2022",2022-02-09,648,0,0.0,2021–2022 Pre-ChatGPT Transition
CDW,CDW Corporation,2552386.0,1779845893.0,"CDW Corporation, Q1 2022 Earnings Call, May 04, 2022",2022-05-04,533,0,0.0,2021–2022 Pre-ChatGPT Transition
CDW,CDW Corporation,2613637.0,1792520026.0,"CDW Corporation, Q2 2022 Earnings Call, Aug 03, 2022",2022-08-03,448,0,0.0,2021–2022 Pre-ChatGPT Transition
CDW,CDW Corporation,2671854.0,1805367130.0,"CDW Corporation, Q3 2022 Earnings Call, Nov 02, 2022",2022-11-02,527,0,0.0,2021–2022 Pre-ChatGPT Transition
CDW,CDW Corporation,2731705.0,1823279197.0,"CDW Corporation, Q4 2022 Earnings Call, Feb 08, 2023",2023-02-08,572,0,0.0,2023 Initial GenAI Surge
CDW,CDW Corporation,2792755.0,1833592134.0,"CDW Corporation, Q1 2023 Earnings Call, May 03, 2023",2023-05-03,612,10,0.0163398692810457,2023 Initial GenAI Surge
CDW,CDW Corporation,2908140.0,1848356476.0,"CDW Corporation, Q2 2023 Earnings Call, Aug 02, 2023",2023-08-02,567,16,0.0282186948853615,2023 Initial GenAI Surge
CDW,CDW Corporation,2932202.0,1859376712.0,"CDW Corporation, Q3 2023 Earnings Call, Nov 01, 2023",2023-11-01,515,10,0.0194174757281553,2023 Initial GenAI Surge
CDW,CDW Corporation,3014646.0,1869347249.0,"CDW Corporation, Q4 2023 Earnings Call, Feb 07, 2024",2024-02-07,485,22,0.045360824742268,2024–2025 AI Adoption Period
CDW,CDW Corporation,3106331.0,1878341391.0,"CDW Corporation, Q1 2024 Earnings Call, May 01, 2024",2024-05-01,465,43,0.0924731182795698,2024–2025 AI Adoption Period
CDW,CDW Corporation,3206423.0,1888212461.0,"CDW Corporation, Q2 2024 Earnings Call, Jul 31, 2024",2024-07-31,475,13,0.0273684210526315,2024–2025 AI Adoption Period
CDW,CDW Corporation,3293644.0,1901127954.0,"CDW Corporation, Q3 2024 Earnings Call, Oct 30, 2024",2024-10-30,475,4,0.0084210526315789,2024–2025 AI Adoption Period
CDW,CDW Corporation,3366208.0,1917738180.0,"CDW Corporation, Q4 2024 Earnings Call, Feb 05, 2025",2025-02-05,477,6,0.0125786163522012,2024–2025 AI Adoption Period
CDW,CDW Corporation,3443204.0,1940587797.0,"CDW Corporation, Q1 2025 Earnings Call, May 07, 2025",2025-05-07,415,7,0.016867469879518,2024–2025 AI Adoption Period
CDW,CDW Corporation,3516614.0,1954320132.0,"CDW Corporation, Q2 2025 Earnings Call, Aug 06, 2025",2025-08-06,427,18,0.0421545667447306,2024–2025 AI Adoption Period
CDW,CDW Corporation,3590445.0,1966865638.0,"CDW Corporation, Q3 2025 Earnings Call, Nov 04, 2025",2025-11-04,428,23,0.0537383177570093,2024–2025 AI Adoption Period
CNC,Centene Corporation,2200684.0,699741439.0,"Centene Corporation, 2020 Earnings Call, Feb 09, 2021",2021-02-09,561,2,0.0035650623885918,2021–2022 Pre-ChatGPT Transition
CNC,Centene Corporation,2259550.0,708380453.0,"Centene Corporation, Q1 2021 Earnings Call, Apr 27, 2021",2021-04-27,440,0,0.0,2021–2022 Pre-ChatGPT Transition
CNC,Centene Corporation,2351685.0,1671943060.0,"Centene Corporation, Q2 2021 Earnings Call, Jul 27, 2021",2021-07-27,404,0,0.0,2021–2022 Pre-ChatGPT Transition
CNC,Centene Corporation,2412737.0,1681325251.0,"Centene Corporation, Q3 2021 Earnings Call, Oct 26, 2021",2021-10-26,416,5,0.0120192307692307,2021–2022 Pre-ChatGPT Transition
CNC,Centene Corporation,2487551.0,1761140750.0,"Centene Corporation, 2021 Earnings Call, Feb 08, 2022",2022-02-08,412,0,0.0,2021–2022 Pre-ChatGPT Transition
CNC,Centene Corporation,2543372.0,1775266573.0,"Centene Corporation, Q1 2022 Earnings Call, Apr 26, 2022",2022-04-26,467,0,0.0,2021–2022 Pre-ChatGPT Transition
CNC,Centene Corporation,2604501.0,1789001252.0,"Centene Corporation, Q2 2022 Earnings Call, Jul 26, 2022",2022-07-26,468,0,0.0,2021–2022 Pre-ChatGPT Transition
CNC,Centene Corporation,2662287.0,1803448674.0,"Centene Corporation, Q3 2022 Earnings Call, Oct 25, 2022",2022-10-25,452,0,0.0,2021–2022 Pre-ChatGPT Transition
CNC,Centene Corporation,2751781.0,1818804281.0,"Centene Corporation, Q4 2022 Earnings Call, Feb 07, 2023",2023-02-07,465,0,0.0,2023 Initial GenAI Surge
CNC,Centene Corporation,3409946.0,1831385076.0,"Centene Corporation, Q1 2023 Earnings Call, Apr 25, 2023",2023-04-25,518,1,0.0019305019305019,2023 Initial GenAI Surge
CNC,Centene Corporation,2862087.0,1846006570.0,"Centene Corporation, Q2 2023 Earnings Call, Jul 28, 2023",2023-07-28,454,1,0.0022026431718061,2023 Initial GenAI Surge
CNC,Centene Corporation,2924840.0,1857974687.0,"Centene Corporation, Q3 2023 Earnings Call, Oct 24, 2023",2023-10-24,420,2,0.0047619047619047,2023 Initial GenAI Surge
CNC,Centene Corporation,3013199.0,1864655097.0,"Centene Corporation, 2023 Earnings Call, Feb 06, 2024",2024-02-06,451,0,0.0,2024–2025 AI Adoption Period
CNC,Centene Corporation,3098754.0,1865998161.0,"Centene Corporation, Q1 2024 Earnings Call, Apr 26, 2024",2024-04-26,465,0,0.0,2024–2025 AI Adoption Period
CNC,Centene Corporation,3197800.0,1865998176.0,"Centene Corporation, Q2 2024 Earnings Call, Jul 26, 2024",2024-07-26,473,0,0.0,2024–2025 AI Adoption Period
CNC,Centene Corporation,3289461.0,1865998195.0,"Centene Corporation, Q3 2024 Earnings Call, Oct 25, 2024",2024-10-25,399,9,0.0225563909774436,2024–2025 AI Adoption Period
CNC,Centene Corporation,3386656.0,1913100523.0,"Centene Corporation, Q4 2024 Earnings Call, Feb 04, 2025",2025-02-04,375,1,0.0026666666666666,2024–2025 AI Adoption Period
CNC,Centene Corporation,3425625.0,1935398731.0,"Centene Corporation, Q1 2025 Earnings Call, Apr 25, 2025",2025-04-25,449,0,0.0,2024–2025 AI Adoption Period
CNC,Centene Corporation,3504540.0,1948340953.0,"Centene Corporation, Q2 2025 Earnings Call, Jul 25, 2025",2025-07-25,544,1,0.0018382352941176,2024–2025 AI Adoption Period
CNC,Centene Corporation,3612522.0,1960817120.0,"Centene Corporation, Q3 2025 Earnings Call, Oct 29, 2025",2025-10-29,458,0,0.0,2024–2025 AI Adoption Period
CNP,"CenterPoint Energy, Inc.",2223400.0,694802206.0,"CenterPoint Energy, Inc., Q4 2020 Earnings Call, Feb 25, 2021",2021-02-25,483,0,0.0,2021–2022 Pre-ChatGPT Transition
CNP,"CenterPoint Energy, Inc.",2272880.0,706494314.0,"CenterPoint Energy, Inc., Q1 2021 Earnings Call, May 06, 2021",2021-05-06,480,0,0.0,2021–2022 Pre-ChatGPT Transition
CNP,"CenterPoint Energy, Inc.",2364609.0,718784254.0,"CenterPoint Energy, Inc., Q2 2021 Earnings Call, Aug 05, 2021",2021-08-05,420,0,0.0,2021–2022 Pre-ChatGPT Transition
CNP,"CenterPoint Energy, Inc.",2461157.0,1682958473.0,"CenterPoint Energy, Inc., Q3 2021 Earnings Call, Nov 04, 2021",2021-11-04,347,0,0.0,2021–2022 Pre-ChatGPT Transition
CNP,"CenterPoint Energy, Inc.",2512022.0,1764664259.0,"CenterPoint Energy, Inc., Q4 2021 Earnings Call, Feb 22, 2022",2022-02-22,392,0,0.0,2021–2022 Pre-ChatGPT Transition
CNP,"CenterPoint Energy, Inc.",2550883.0,1777137046.0,"CenterPoint Energy, Inc., Q1 2022 Earnings Call, May 03, 2022",2022-05-03,399,0,0.0,2021–2022 Pre-ChatGPT Transition
CNP,"CenterPoint Energy, Inc.",2611872.0,1788652001.0,"CenterPoint Energy, Inc., Q2 2022 Earnings Call, Aug 02, 2022",2022-08-02,443,1,0.0022573363431151,2021–2022 Pre-ChatGPT Transition
CNP,"CenterPoint Energy, Inc.",2670424.0,1801465639.0,"CenterPoint Energy, Inc., Q3 2022 Earnings Call, Nov 01, 2022",2022-11-01,374,0,0.0,2021–2022 Pre-ChatGPT Transition
CNP,"CenterPoint Energy, Inc.",2741190.0,1821729273.0,"CenterPoint Energy, Inc., Q4 2022 Earnings Call, Feb 17, 2023",2023-02-17,362,0,0.0,2023 Initial GenAI Surge
CNP,"CenterPoint Energy, Inc.",2788443.0,1830486855.0,"CenterPoint Energy, Inc., Q1 2023 Earnings Call, Apr 27, 2023",2023-04-27,280,0,0.0,2023 Initial GenAI Surge
CNP,"CenterPoint Energy, Inc.",2861192.0,1846013158.0,"CenterPoint Energy, Inc., Q2 2023 Earnings Call, Jul 27, 2023",2023-07-27,458,0,0.0,2023 Initial GenAI Surge
CNP,"CenterPoint Energy, Inc.",2926769.0,1857659742.0,"CenterPoint Energy, Inc., Q3 2023 Earnings Call, Oct 26, 2023",2023-10-26,482,0,0.0,2023 Initial GenAI Surge
CNP,"CenterPoint Energy, Inc.",3088847.0,1868682245.0,"CenterPoint Energy, Inc., Q4 2023 Earnings Call, Feb 20, 2024",2024-02-20,433,0,0.0,2024–2025 AI Adoption Period
CNP,"CenterPoint Energy, Inc.",3102590.0,1877657243.0,"CenterPoint Energy, Inc., Q1 2024 Earnings Call, Apr 30, 2024",2024-04-30,378,1,0.0026455026455026,2024–2025 AI Adoption Period
CNP,"CenterPoint Energy, Inc.",3203603.0,1885667475.0,"CenterPoint Energy, Inc., Q2 2024 Earnings Call, Jul 30, 2024",2024-07-30,366,1,0.0027322404371584,2024–2025 AI Adoption Period
CNP,"CenterPoint Energy, Inc.",3292471.0,1899972539.0,"CenterPoint Energy, Inc., Q3 2024 Earnings Call, Oct 28, 2024",2024-10-28,406,2,0.0049261083743842,2024–2025 AI Adoption Period
CNP,"CenterPoint Energy, Inc.",3379042.0,1917057790.0,"CenterPoint Energy, Inc., Q4 2024 Earnings Call, Feb 20, 2025",2025-02-20,492,0,0.0,2024–2025 AI Adoption Period
CNP,"CenterPoint Energy, Inc.",3424043.0,1937523310.0,"CenterPoint Energy, Inc., Q1 2025 Earnings Call, Apr 24, 2025",2025-04-24,477,0,0.0,2024–2025 AI Adoption Period
CNP,"CenterPoint Energy, Inc.",3502975.0,1952389192.0,"CenterPoint Energy, Inc., Q2 2025 Earnings Call, Jul 24, 2025",2025-07-24,453,0,0.0,2024–2025 AI Adoption Period
CNP,"CenterPoint Energy, Inc.",3619012.0,1963108714.0,"CenterPoint Energy, Inc., Q3 2025 Earnings Call, Oct 23, 2025",2025-10-23,261,0,0.0,2024–2025 AI Adoption Period
CF,"CF Industries Holdings, Inc.",2215387.0,703185519.0,"CF Industries Holdings, Inc., Q4 2020 Earnings Call, Feb 18, 2021",2021-02-18,344,0,0.0,2021–2022 Pre-ChatGPT Transition
CF,"CF Industries Holdings, Inc.",2273476.0,707725659.0,"CF Industries Holdings, Inc., Q1 2021 Earnings Call, May 06, 2021",2021-05-06,389,0,0.0,2021–2022 Pre-ChatGPT Transition
CF,"CF Industries Holdings, Inc.",2371546.0,707725747.0,"CF Industries Holdings, Inc., Q2 2021 Earnings Call, Aug 10, 2021",2021-08-10,495,0,0.0,2021–2022 Pre-ChatGPT Transition
CF,"CF Industries Holdings, Inc.",2425637.0,707725743.0,"CF Industries Holdings, Inc., Q3 2021 Earnings Call, Nov 04, 2021",2021-11-04,519,0,0.0,2021–2022 Pre-ChatGPT Transition
CF,"CF Industries Holdings, Inc.",2495913.0,1769668672.0,"CF Industries Holdings, Inc., Q4 2021 Earnings Call, Feb 16, 2022",2022-02-16,436,0,0.0,2021–2022 Pre-ChatGPT Transition
CF,"CF Industries Holdings, Inc.",2554776.0,1771540124.0,"CF Industries Holdings, Inc., Q1 2022 Earnings Call, May 05, 2022",2022-05-05,437,0,0.0,2021–2022 Pre-ChatGPT Transition
CF,"CF Industries Holdings, Inc.",2612152.0,1771540281.0,"CF Industries Holdings, Inc., Q2 2022 Earnings Call, Aug 02, 2022",2022-08-02,420,0,0.0,2021–2022 Pre-ChatGPT Transition
CF,"CF Industries Holdings, Inc.",2674082.0,1771540352.0,"CF Industries Holdings, Inc., Q3 2022 Earnings Call, Nov 03, 2022",2022-11-03,420,0,0.0,2021–2022 Pre-ChatGPT Transition
CF,"CF Industries Holdings, Inc.",2740253.0,1823849982.0,"CF Industries Holdings, Inc., Q4 2022 Earnings Call, Feb 16, 2023",2023-02-16,466,0,0.0,2023 Initial GenAI Surge
CF,"CF Industries Holdings, Inc.",2791610.0,1832927577.0,"CF Industries Holdings, Inc., Q1 2023 Earnings Call, May 02, 2023",2023-05-02,480,0,0.0,2023 Initial GenAI Surge
CF,"CF Industries Holdings, Inc.",3119188.0,1832927655.0,"CF Industries Holdings, Inc., Q2 2023 Earnings Call, Aug 03, 2023",2023-08-03,357,0,0.0,2023 Initial GenAI Surge
CF,"CF Industries Holdings, Inc.",2934247.0,1832928179.0,"CF Industries Holdings, Inc., Q3 2023 Earnings Call, Nov 02, 2023",2023-11-02,394,0,0.0,2023 Initial GenAI Surge
CF,"CF Industries Holdings, Inc.",3025843.0,1868801640.0,"CF Industries Holdings, Inc., Q4 2023 Earnings Call, Feb 15, 2024",2024-02-15,425,0,0.0,2024–2025 AI Adoption Period
CF,"CF Industries Holdings, Inc.",3107520.0,1868801689.0,"CF Industries Holdings, Inc., Q1 2024 Earnings Call, May 02, 2024",2024-05-02,387,0,0.0,2024–2025 AI Adoption Period
CF,"CF Industries Holdings, Inc.",3220011.0,1868801718.0,"CF Industries Holdings, Inc., Q2 2024 Earnings Call, Aug 08, 2024",2024-08-08,449,1,0.0022271714922048,2024–2025 AI Adoption Period
CF,"CF Industries Holdings, Inc.",3295665.0,1868801746.0,"CF Industries Holdings, Inc., Q3 2024 Earnings Call, Oct 31, 2024",2024-10-31,445,0,0.0,2024–2025 AI Adoption Period
CF,"CF Industries Holdings, Inc.",3379615.0,1916878250.0,"CF Industries Holdings, Inc., Q4 2024 Earnings Call, Feb 20, 2025",2025-02-20,478,0,0.0,2024–2025 AI Adoption Period
CF,"CF Industries Holdings, Inc.",3495750.0,1916878337.0,"CF Industries Holdings, Inc., Q1 2025 Earnings Call, May 08, 2025",2025-05-08,466,1,0.0021459227467811,2024–2025 AI Adoption Period
CF,"CF Industries Holdings, Inc.",3519872.0,1916878426.0,"CF Industries Holdings, Inc., Q2 2025 Earnings Call, Aug 07, 2025",2025-08-07,427,0,0.0,2024–2025 AI Adoption Period
CF,"CF Industries Holdings, Inc.",3603688.0,1916878473.0,"CF Industries Holdings, Inc., Q3 2025 Earnings Call, Nov 06, 2025",2025-11-06,499,0,0.0,2024–2025 AI Adoption Period
CRL,"Charles River Laboratories International, Inc.",2213769.0,701730044.0,"Charles River Laboratories International, Inc., Q4 2020 Earnings Call, Feb 17, 2021",2021-02-17,617,4,0.006482982171799,2021–2022 Pre-ChatGPT Transition
CRL,"Charles River Laboratories International, Inc.",2268611.0,711191119.0,"Charles River Laboratories International, Inc., Q1 2021 Earnings Call, May 04, 2021",2021-05-04,616,7,0.0113636363636363,2021–2022 Pre-ChatGPT Transition
CRL,"Charles River Laboratories International, Inc.",2362895.0,1673778088.0,"Charles River Laboratories International, Inc., Q2 2021 Earnings Call, Aug 04, 2021",2021-08-04,408,0,0.0,2021–2022 Pre-ChatGPT Transition
CRL,"Charles River Laboratories International, Inc.",2423090.0,1685063708.0,"Charles River Laboratories International, Inc., Q3 2021 Earnings Call, Nov 03, 2021",2021-11-03,474,3,0.0063291139240506,2021–2022 Pre-ChatGPT Transition
CRL,"Charles River Laboratories International, Inc.",2496097.0,1764887526.0,"Charles River Laboratories International, Inc., Q4 2021 Earnings Call, Feb 16, 2022",2022-02-16,642,6,0.0093457943925233,2021–2022 Pre-ChatGPT Transition
CRL,"Charles River Laboratories International, Inc.",2552773.0,1778206914.0,"Charles River Laboratories International, Inc., Q1 2022 Earnings Call, May 04, 2022",2022-05-04,472,0,0.0,2021–2022 Pre-ChatGPT Transition
CRL,"Charles River Laboratories International, Inc.",2613828.0,1790523258.0,"Charles River Laboratories International, Inc., Q2 2022 Earnings Call, Aug 03, 2022",2022-08-03,528,0,0.0,2021–2022 Pre-ChatGPT Transition
CRL,"Charles River Laboratories International, Inc.",2672003.0,1804297278.0,"Charles River Laboratories International, Inc., Q3 2022 Earnings Call, Nov 02, 2022",2022-11-02,570,3,0.0052631578947368,2021–2022 Pre-ChatGPT Transition
CRL,"Charles River Laboratories International, Inc.",2747454.0,1825187212.0,"Charles River Laboratories International, Inc., Q4 2022 Earnings Call, Feb 22, 2023",2023-02-22,698,1,0.0014326647564469,2023 Initial GenAI Surge
CRL,"Charles River Laboratories International, Inc.",2803726.0,1832787884.0,"Charles River Laboratories International, Inc., Q1 2023 Earnings Call, May 11, 2023",2023-05-11,582,0,0.0,2023 Initial GenAI Surge
CRL,"Charles River Laboratories International, Inc.",2876474.0,1848361093.0,"Charles River Laboratories International, Inc., Q2 2023 Earnings Call, Aug 09, 2023",2023-08-09,603,0,0.0,2023 Initial GenAI Surge
CRL,"Charles River Laboratories International, Inc.",2942780.0,1859160343.0,"Charles River Laboratories International, Inc., Q3 2023 Earnings Call, Nov 08, 2023",2023-11-08,752,3,0.0039893617021276,2023 Initial GenAI Surge
CRL,"Charles River Laboratories International, Inc.",3023757.0,1869219297.0,"Charles River Laboratories International, Inc., Q4 2023 Earnings Call, Feb 14, 2024",2024-02-14,620,2,0.0032258064516129,2024–2025 AI Adoption Period
CRL,"Charles River Laboratories International, Inc.",3116120.0,1877940904.0,"Charles River Laboratories International, Inc., Q1 2024 Earnings Call, May 09, 2024",2024-05-09,564,0,0.0,2024–2025 AI Adoption Period
CRL,"Charles River Laboratories International, Inc.",3217111.0,1888144137.0,"Charles River Laboratories International, Inc., Q2 2024 Earnings Call, Aug 07, 2024",2024-08-07,621,0,0.0,2024–2025 AI Adoption Period
CRL,"Charles River Laboratories International, Inc.",3300288.0,1900870283.0,"Charles River Laboratories International, Inc., Q3 2024 Earnings Call, Nov 06, 2024",2024-11-06,609,0,0.0,2024–2025 AI Adoption Period
CRL,"Charles River Laboratories International, Inc.",3377798.0,1928886842.0,"Charles River Laboratories International, Inc., Q4 2024 Earnings Call, Feb 19, 2025",2025-02-19,525,0,0.0,2024–2025 AI Adoption Period
CRL,"Charles River Laboratories International, Inc.",3489076.0,1939742778.0,"Charles River Laboratories International, Inc., Q1 2025 Earnings Call, May 07, 2025",2025-05-07,655,3,0.0045801526717557,2024–2025 AI Adoption Period
CRL,"Charles River Laboratories International, Inc.",3550560.0,1953397321.0,"Charles River Laboratories International, Inc., Q2 2025 Earnings Call, Aug 06, 2025",2025-08-06,533,0,0.0,2024–2025 AI Adoption Period
CRL,"Charles River Laboratories International, Inc.",3597409.0,1966020090.0,"Charles River Laboratories International, Inc., Q3 2025 Earnings Call, Nov 05, 2025",2025-11-05,571,0,0.0,2024–2025 AI Adoption Period
CHTR,"Charter Communications, Inc.",2253189.0,699344234.0,"Charter Communications, Inc., Q4 2020 Earnings Call, Jan 29, 2021",2021-01-29,395,0,0.0,2021–2022 Pre-ChatGPT Transition
CHTR,"Charter Communications, Inc.",2264916.0,709594157.0,"Charter Communications, Inc., Q1 2021 Earnings Call, Apr 30, 2021",2021-04-30,398,0,0.0,2021–2022 Pre-ChatGPT Transition
CHTR,"Charter Communications, Inc.",2356690.0,1673164178.0,"Charter Communications, Inc., Q2 2021 Earnings Call, Jul 30, 2021",2021-07-30,468,1,0.0021367521367521,2021–2022 Pre-ChatGPT Transition
CHTR,"Charter Communications, Inc.",2417979.0,1684391369.0,"Charter Communications, Inc., Q3 2021 Earnings Call, Oct 29, 2021",2021-10-29,439,0,0.0,2021–2022 Pre-ChatGPT Transition
CHTR,"Charter Communications, Inc.",2480005.0,1764336225.0,"Charter Communications, Inc., Q4 2021 Earnings Call, Jan 28, 2022",2022-01-28,439,0,0.0,2021–2022 Pre-ChatGPT Transition
CHTR,"Charter Communications, Inc.",2548438.0,1776600712.0,"Charter Communications, Inc., Q1 2022 Earnings Call, Apr 29, 2022",2022-04-29,442,0,0.0,2021–2022 Pre-ChatGPT Transition
CHTR,"Charter Communications, Inc.",2609162.0,1788778016.0,"Charter Communications, Inc., Q2 2022 Earnings Call, Jul 29, 2022",2022-07-29,416,1,0.0024038461538461,2021–2022 Pre-ChatGPT Transition
CHTR,"Charter Communications, Inc.",2677750.0,1802786938.0,"Charter Communications, Inc., Q3 2022 Earnings Call, Oct 28, 2022",2022-10-28,471,0,0.0,2021–2022 Pre-ChatGPT Transition
CHTR,"Charter Communications, Inc.",2727838.0,1820701959.0,"Charter Communications, Inc., Q4 2022 Earnings Call, Jan 27, 2023",2023-01-27,479,0,0.0,2023 Initial GenAI Surge
CHTR,"Charter Communications, Inc.",2800308.0,1832225781.0,"Charter Communications, Inc., Q1 2023 Earnings Call, Apr 28, 2023",2023-04-28,439,1,0.0022779043280182,2023 Initial GenAI Surge
CHTR,"Charter Communications, Inc.",2869893.0,1846933554.0,"Charter Communications, Inc., Q2 2023 Earnings Call, Jul 28, 2023",2023-07-28,407,4,0.0098280098280098,2023 Initial GenAI Surge
CHTR,"Charter Communications, Inc.",2937852.0,1856326530.0,"Charter Communications, Inc., Q3 2023 Earnings Call, Oct 27, 2023",2023-10-27,378,0,0.0,2023 Initial GenAI Surge
CHTR,"Charter Communications, Inc.",3010624.0,1867419540.0,"Charter Communications, Inc., Q4 2023 Earnings Call, Feb 02, 2024",2024-02-02,424,1,0.0023584905660377,2024–2025 AI Adoption Period
CHTR,"Charter Communications, Inc.",3098985.0,1876013300.0,"Charter Communications, Inc., Q1 2024 Earnings Call, Apr 26, 2024",2024-04-26,471,0,0.0,2024–2025 AI Adoption Period
CHTR,"Charter Communications, Inc.",3197742.0,1885580729.0,"Charter Communications, Inc., Q2 2024 Earnings Call, Jul 26, 2024",2024-07-26,450,1,0.0022222222222222,2024–2025 AI Adoption Period
CHTR,"Charter Communications, Inc.",3296689.0,1899152904.0,"Charter Communications, Inc., Q3 2024 Earnings Call, Nov 01, 2024",2024-11-01,422,0,0.0,2024–2025 AI Adoption Period
CHTR,"Charter Communications, Inc.",3363769.0,1914924601.0,"Charter Communications, Inc., Q4 2024 Earnings Call, Jan 31, 2025",2025-01-31,436,8,0.018348623853211,2024–2025 AI Adoption Period
CHTR,"Charter Communications, Inc.",3425690.0,1936464630.0,"Charter Communications, Inc., Q1 2025 Earnings Call, Apr 25, 2025",2025-04-25,386,3,0.0077720207253886,2024–2025 AI Adoption Period
CHTR,"Charter Communications, Inc.",3504401.0,1949820650.0,"Charter Communications, Inc., Q2 2025 Earnings Call, Jul 25, 2025",2025-07-25,455,7,0.0153846153846153,2024–2025 AI Adoption Period
CHTR,"Charter Communications, Inc.",3583146.0,1961507269.0,"Charter Communications, Inc., Q3 2025 Earnings Call, Oct 31, 2025",2025-10-31,415,15,0.036144578313253,2024–2025 AI Adoption Period
CVX,Chevron Corporation,2253400.0,700124599.0,"Chevron Corporation, Q4 2020 Earnings Call, Jan 29, 2021",2021-01-29,679,0,0.0,2021–2022 Pre-ChatGPT Transition
CVX,Chevron Corporation,2265383.0,710369705.0,"Chevron Corporation, Q1 2021 Earnings Call, Apr 30, 2021",2021-04-30,573,0,0.0,2021–2022 Pre-ChatGPT Transition
CVX,Chevron Corporation,2357830.0,1672699840.0,"Chevron Corporation, Q2 2021 Earnings Call, Jul 30, 2021",2021-07-30,515,0,0.0,2021–2022 Pre-ChatGPT Transition
CVX,Chevron Corporation,2418456.0,1683508025.0,"Chevron Corporation, Q3 2021 Earnings Call, Oct 29, 2021",2021-10-29,641,0,0.0,2021–2022 Pre-ChatGPT Transition
CVX,Chevron Corporation,2480111.0,1763248963.0,"Chevron Corporation, Q4 2021 Earnings Call, Jan 28, 2022",2022-01-28,523,0,0.0,2021–2022 Pre-ChatGPT Transition
CVX,Chevron Corporation,2549018.0,1777397305.0,"Chevron Corporation, Q1 2022 Earnings Call, Apr 29, 2022",2022-04-29,584,0,0.0,2021–2022 Pre-ChatGPT Transition
CVX,Chevron Corporation,2609829.0,1789735403.0,"Chevron Corporation, Q2 2022 Earnings Call, Jul 29, 2022",2022-07-29,590,0,0.0,2021–2022 Pre-ChatGPT Transition
CVX,Chevron Corporation,2667798.0,1802948733.0,"Chevron Corporation, Q3 2022 Earnings Call, Oct 28, 2022",2022-10-28,528,0,0.0,2021–2022 Pre-ChatGPT Transition
CVX,Chevron Corporation,2723669.0,1820683273.0,"Chevron Corporation, Q4 2022 Earnings Call, Jan 27, 2023",2023-01-27,609,0,0.0,2023 Initial GenAI Surge
CVX,Chevron Corporation,2789838.0,1831994962.0,"Chevron Corporation, Q1 2023 Earnings Call, Apr 28, 2023",2023-04-28,541,0,0.0,2023 Initial GenAI Surge
CVX,Chevron Corporation,2899232.0,1845861696.0,"Chevron Corporation, Q2 2023 Earnings Call, Jul 28, 2023",2023-07-28,545,0,0.0,2023 Initial GenAI Surge
CVX,Chevron Corporation,3001682.0,1857471266.0,"Chevron Corporation, Q3 2023 Earnings Call, Oct 27, 2023",2023-10-27,536,0,0.0,2023 Initial GenAI Surge
CVX,Chevron Corporation,3010807.0,1867075299.0,"Chevron Corporation, Q4 2023 Earnings Call, Feb 02, 2024",2024-02-02,533,0,0.0,2024–2025 AI Adoption Period
CVX,Chevron Corporation,3284351.0,1876575917.0,"Chevron Corporation, Q1 2024 Earnings Call, Apr 26, 2024",2024-04-26,501,1,0.0019960079840319,2024–2025 AI Adoption Period
CVX,Chevron Corporation,3278850.0,1886193861.0,"Chevron Corporation, Q2 2024 Earnings Call, Aug 02, 2024",2024-08-02,501,0,0.0,2024–2025 AI Adoption Period
CVX,Chevron Corporation,3296932.0,1899087189.0,"Chevron Corporation, Q3 2024 Earnings Call, Nov 01, 2024",2024-11-01,540,1,0.0018518518518518,2024–2025 AI Adoption Period
CVX,Chevron Corporation,3364017.0,1915114880.0,"Chevron Corporation, Q4 2024 Earnings Call, Jan 31, 2025",2025-01-31,655,4,0.0061068702290076,2024–2025 AI Adoption Period
CVX,Chevron Corporation,3437671.0,1937100594.0,"Chevron Corporation, Q1 2025 Earnings Call, May 02, 2025",2025-05-02,477,2,0.0041928721174004,2024–2025 AI Adoption Period
CVX,Chevron Corporation,3512388.0,1952873159.0,"Chevron Corporation, Q2 2025 Earnings Call, Aug 01, 2025",2025-08-01,449,1,0.0022271714922048,2024–2025 AI Adoption Period
CVX,Chevron Corporation,3583137.0,1963085845.0,"Chevron Corporation, Q3 2025 Earnings Call, Oct 31, 2025",2025-10-31,430,3,0.0069767441860465,2024–2025 AI Adoption Period
CMG,"Chipotle Mexican Grill, Inc.",2216207.0,696658491.0,"Chipotle Mexican Grill, Inc., Q4 2020 Earnings Call, Feb 02, 2021",2021-02-02,568,0,0.0,2021–2022 Pre-ChatGPT Transition
CMG,"Chipotle Mexican Grill, Inc.",2254827.0,706210209.0,"Chipotle Mexican Grill, Inc., Q1 2021 Earnings Call, Apr 21, 2021",2021-04-21,538,0,0.0,2021–2022 Pre-ChatGPT Transition
CMG,"Chipotle Mexican Grill, Inc.",2383557.0,717035841.0,"Chipotle Mexican Grill, Inc., Q2 2021 Earnings Call, Jul 20, 2021",2021-07-20,512,0,0.0,2021–2022 Pre-ChatGPT Transition
CMG,"Chipotle Mexican Grill, Inc.",2409489.0,1680706856.0,"Chipotle Mexican Grill, Inc., Q3 2021 Earnings Call, Oct 21, 2021",2021-10-21,554,0,0.0,2021–2022 Pre-ChatGPT Transition
CMG,"Chipotle Mexican Grill, Inc.",2488196.0,1760790200.0,"Chipotle Mexican Grill, Inc., Q4 2021 Earnings Call, Feb 08, 2022",2022-02-08,565,1,0.0017699115044247,2021–2022 Pre-ChatGPT Transition
CMG,"Chipotle Mexican Grill, Inc.",2544011.0,1773073185.0,"Chipotle Mexican Grill, Inc., Q1 2022 Earnings Call, Apr 26, 2022",2022-04-26,539,3,0.0055658627087198,2021–2022 Pre-ChatGPT Transition
CMG,"Chipotle Mexican Grill, Inc.",2604755.0,1786097726.0,"Chipotle Mexican Grill, Inc., Q2 2022 Earnings Call, Jul 26, 2022",2022-07-26,565,1,0.0017699115044247,2021–2022 Pre-ChatGPT Transition
CMG,"Chipotle Mexican Grill, Inc.",2662817.0,1799726286.0,"Chipotle Mexican Grill, Inc., Q3 2022 Earnings Call, Oct 25, 2022",2022-10-25,567,0,0.0,2021–2022 Pre-ChatGPT Transition
CMG,"Chipotle Mexican Grill, Inc.",2731020.0,1817681342.0,"Chipotle Mexican Grill, Inc., Q4 2022 Earnings Call, Feb 07, 2023",2023-02-07,569,0,0.0,2023 Initial GenAI Surge
CMG,"Chipotle Mexican Grill, Inc.",2785498.0,1828816047.0,"Chipotle Mexican Grill, Inc., Q1 2023 Earnings Call, Apr 25, 2023",2023-04-25,576,0,0.0,2023 Initial GenAI Surge
CMG,"Chipotle Mexican Grill, Inc.",2859369.0,1841455784.0,"Chipotle Mexican Grill, Inc., Q2 2023 Earnings Call, Jul 26, 2023",2023-07-26,555,2,0.0036036036036036,2023 Initial GenAI Surge
CMG,"Chipotle Mexican Grill, Inc.",3015019.0,1855233186.0,"Chipotle Mexican Grill, Inc., Q3 2023 Earnings Call, Oct 26, 2023",2023-10-26,530,1,0.0018867924528301,2023 Initial GenAI Surge
CMG,"Chipotle Mexican Grill, Inc.",3013997.0,1864121373.0,"Chipotle Mexican Grill, Inc., Q4 2023 Earnings Call, Feb 06, 2024",2024-02-06,563,0,0.0,2024–2025 AI Adoption Period
CMG,"Chipotle Mexican Grill, Inc.",3095573.0,1873526479.0,"Chipotle Mexican Grill, Inc., Q1 2024 Earnings Call, Apr 24, 2024",2024-04-24,554,2,0.003610108303249,2024–2025 AI Adoption Period
CMG,"Chipotle Mexican Grill, Inc.",3195135.0,1884001230.0,"Chipotle Mexican Grill, Inc., Q2 2024 Earnings Call, Jul 24, 2024",2024-07-24,594,2,0.0033670033670033,2024–2025 AI Adoption Period
CMG,"Chipotle Mexican Grill, Inc.",3292701.0,1893418664.0,"Chipotle Mexican Grill, Inc., Q3 2024 Earnings Call, Oct 29, 2024",2024-10-29,535,4,0.0074766355140186,2024–2025 AI Adoption Period
CMG,"Chipotle Mexican Grill, Inc.",3391174.0,1911451962.0,"Chipotle Mexican Grill, Inc., Q4 2024 Earnings Call, Feb 04, 2025",2025-02-04,548,1,0.0018248175182481,2024–2025 AI Adoption Period
CMG,"Chipotle Mexican Grill, Inc.",3423309.0,1935397269.0,"Chipotle Mexican Grill, Inc., Q1 2025 Earnings Call, Apr 23, 2025",2025-04-23,507,1,0.0019723865877712,2024–2025 AI Adoption Period
CMG,"Chipotle Mexican Grill, Inc.",3528598.0,1945996820.0,"Chipotle Mexican Grill, Inc., Q2 2025 Earnings Call, Jul 23, 2025",2025-07-23,534,2,0.0037453183520599,2024–2025 AI Adoption Period
CMG,"Chipotle Mexican Grill, Inc.",3575770.0,1959138456.0,"Chipotle Mexican Grill, Inc., Q3 2025 Earnings Call, Oct 29, 2025",2025-10-29,467,0,0.0,2024–2025 AI Adoption Period
CHRW,"C.H. Robinson Worldwide, Inc.",2252507.0,700518424.0,"C.H. Robinson Worldwide, Inc., Q4 2020 Earnings Call, Jan 27, 2021",2021-01-27,427,0,0.0,2021–2022 Pre-ChatGPT Transition
CHRW,"C.H. Robinson Worldwide, Inc.",2259897.0,710740810.0,"C.H. Robinson Worldwide, Inc., Q1 2021 Earnings Call, Apr 27, 2021",2021-04-27,516,0,0.0,2021–2022 Pre-ChatGPT Transition
CHRW,"C.H. Robinson Worldwide, Inc.",2352130.0,1673555977.0,"C.H. Robinson Worldwide, Inc., Q2 2021 Earnings Call, Jul 27, 2021",2021-07-27,449,0,0.0,2021–2022 Pre-ChatGPT Transition
CHRW,"C.H. Robinson Worldwide, Inc.",2413370.0,1684382924.0,"C.H. Robinson Worldwide, Inc., Q3 2021 Earnings Call, Oct 26, 2021",2021-10-26,459,0,0.0,2021–2022 Pre-ChatGPT Transition
CHRW,"C.H. Robinson Worldwide, Inc.",2482627.0,1763948015.0,"C.H. Robinson Worldwide, Inc., Q4 2021 Earnings Call, Feb 02, 2022",2022-02-02,479,0,0.0,2021–2022 Pre-ChatGPT Transition
CHRW,"C.H. Robinson Worldwide, Inc.",2545650.0,1777273073.0,"C.H. Robinson Worldwide, Inc., Q1 2022 Earnings Call, Apr 27, 2022",2022-04-27,463,0,0.0,2021–2022 Pre-ChatGPT Transition
CHRW,"C.H. Robinson Worldwide, Inc.",2606142.0,1790177899.0,"C.H. Robinson Worldwide, Inc., Q2 2022 Earnings Call, Jul 27, 2022",2022-07-27,469,0,0.0,2021–2022 Pre-ChatGPT Transition
CHRW,"C.H. Robinson Worldwide, Inc.",2671674.0,1803468869.0,"C.H. Robinson Worldwide, Inc., Q3 2022 Earnings Call, Nov 02, 2022",2022-11-02,461,0,0.0,2021–2022 Pre-ChatGPT Transition
CHRW,"C.H. Robinson Worldwide, Inc.",2727504.0,1821370453.0,"C.H. Robinson Worldwide, Inc., Q4 2022 Earnings Call, Feb 01, 2023",2023-02-01,457,0,0.0,2023 Initial GenAI Surge
CHRW,"C.H. Robinson Worldwide, Inc.",2786982.0,1832001189.0,"C.H. Robinson Worldwide, Inc., Q1 2023 Earnings Call, Apr 26, 2023",2023-04-26,459,0,0.0,2023 Initial GenAI Surge
CHRW,"C.H. Robinson Worldwide, Inc.",2866682.0,1847193164.0,"C.H. Robinson Worldwide, Inc., Q2 2023 Earnings Call, Aug 02, 2023",2023-08-02,498,16,0.0321285140562249,2023 Initial GenAI Surge
CHRW,"C.H. Robinson Worldwide, Inc.",3077392.0,1858223563.0,"C.H. Robinson Worldwide, Inc., Q3 2023 Earnings Call, Nov 01, 2023",2023-11-01,480,9,0.01875,2023 Initial GenAI Surge
CHRW,"C.H. Robinson Worldwide, Inc.",3093415.0,1868181409.0,"C.H. Robinson Worldwide, Inc., Q4 2023 Earnings Call, Jan 31, 2024",2024-01-31,399,6,0.0150375939849624,2024–2025 AI Adoption Period
CHRW,"C.H. Robinson Worldwide, Inc.",3105637.0,1876856168.0,"C.H. Robinson Worldwide, Inc., Q1 2024 Earnings Call, May 01, 2024",2024-05-01,434,9,0.02073732718894,2024–2025 AI Adoption Period
CHRW,"C.H. Robinson Worldwide, Inc.",3207072.0,1887312493.0,"C.H. Robinson Worldwide, Inc., Q2 2024 Earnings Call, Jul 31, 2024",2024-07-31,446,9,0.0201793721973094,2024–2025 AI Adoption Period
CHRW,"C.H. Robinson Worldwide, Inc.",3294392.0,1900179378.0,"C.H. Robinson Worldwide, Inc., Q3 2024 Earnings Call, Oct 30, 2024",2024-10-30,441,9,0.0204081632653061,2024–2025 AI Adoption Period
CHRW,"C.H. Robinson Worldwide, Inc.",3361845.0,1915203804.0,"C.H. Robinson Worldwide, Inc., Q4 2024 Earnings Call, Jan 29, 2025",2025-01-29,336,5,0.0148809523809523,2024–2025 AI Adoption Period
CHRW,"C.H. Robinson Worldwide, Inc.",3482376.0,1938312881.0,"C.H. Robinson Worldwide, Inc., Q1 2025 Earnings Call, Apr 30, 2025",2025-04-30,454,15,0.0330396475770925,2024–2025 AI Adoption Period
CHRW,"C.H. Robinson Worldwide, Inc.",3508977.0,1952698123.0,"C.H. Robinson Worldwide, Inc., Q2 2025 Earnings Call, Jul 30, 2025",2025-07-30,486,22,0.0452674897119341,2024–2025 AI Adoption Period
CHRW,"C.H. Robinson Worldwide, Inc.",3607097.0,1963908538.0,"C.H. Robinson Worldwide, Inc., Q3 2025 Earnings Call, Oct 29, 2025",2025-10-29,580,47,0.0810344827586206,2024–2025 AI Adoption Period
CB,Chubb Limited,2190158.0,700605265.0,"Chubb Limited, Q4 2020 Earnings Call, Feb 03, 2021",2021-02-03,412,0,0.0,2021–2022 Pre-ChatGPT Transition
CB,Chubb Limited,2289231.0,710055732.0,"Chubb Limited, Q1 2021 Earnings Call, Apr 28, 2021",2021-04-28,482,0,0.0,2021–2022 Pre-ChatGPT Transition
CB,Chubb Limited,2352666.0,1672702914.0,"Chubb Limited, Q2 2021 Earnings Call, Jul 28, 2021",2021-07-28,378,0,0.0,2021–2022 Pre-ChatGPT Transition
CB,Chubb Limited,2514381.0,1683587638.0,"Chubb Limited, Q3 2021 Earnings Call, Oct 27, 2021",2021-10-27,414,0,0.0,2021–2022 Pre-ChatGPT Transition
CB,Chubb Limited,2482679.0,1763621349.0,"Chubb Limited, Q4 2021 Earnings Call, Feb 02, 2022",2022-02-02,494,0,0.0,2021–2022 Pre-ChatGPT Transition
CB,Chubb Limited,2544827.0,1776598337.0,"Chubb Limited, Q1 2022 Earnings Call, Apr 27, 2022",2022-04-27,443,0,0.0,2021–2022 Pre-ChatGPT Transition
CB,Chubb Limited,2605538.0,1787861417.0,"Chubb Limited, Q2 2022 Earnings Call, Jul 27, 2022",2022-07-27,475,0,0.0,2021–2022 Pre-ChatGPT Transition
CB,Chubb Limited,2663446.0,1802955464.0,"Chubb Limited, Q3 2022 Earnings Call, Oct 26, 2022",2022-10-26,474,0,0.0,2021–2022 Pre-ChatGPT Transition
CB,Chubb Limited,2726562.0,1820855404.0,"Chubb Limited, Q4 2022 Earnings Call, Feb 01, 2023",2023-02-01,393,0,0.0,2023 Initial GenAI Surge
CB,Chubb Limited,2786428.0,1831409994.0,"Chubb Limited, Q1 2023 Earnings Call, Apr 26, 2023",2023-04-26,471,7,0.0148619957537154,2023 Initial GenAI Surge
CB,Chubb Limited,2884611.0,1846245583.0,"Chubb Limited, Q2 2023 Earnings Call, Jul 26, 2023",2023-07-26,446,4,0.0089686098654708,2023 Initial GenAI Surge
CB,Chubb Limited,2925683.0,1857278002.0,"Chubb Limited, Q3 2023 Earnings Call, Oct 25, 2023",2023-10-25,455,0,0.0,2023 Initial GenAI Surge
CB,Chubb Limited,3008102.0,1867600641.0,"Chubb Limited, Q4 2023 Earnings Call, Jan 31, 2024",2024-01-31,441,0,0.0,2024–2025 AI Adoption Period
CB,Chubb Limited,3533018.0,1875985302.0,"Chubb Limited, Q1 2024 Earnings Call, Apr 24, 2024",2024-04-24,436,0,0.0,2024–2025 AI Adoption Period
CB,Chubb Limited,3194552.0,1885837838.0,"Chubb Limited, Q2 2024 Earnings Call, Jul 24, 2024",2024-07-24,414,0,0.0,2024–2025 AI Adoption Period
CB,Chubb Limited,3293496.0,1898686834.0,"Chubb Limited, Q3 2024 Earnings Call, Oct 30, 2024",2024-10-30,475,0,0.0,2024–2025 AI Adoption Period
CB,Chubb Limited,3361526.0,1914929493.0,"Chubb Limited, Q4 2024 Earnings Call, Jan 29, 2025",2025-01-29,431,0,0.0,2024–2025 AI Adoption Period
CB,Chubb Limited,3422875.0,1937120000.0,"Chubb Limited, Q1 2025 Earnings Call, Apr 23, 2025",2025-04-23,439,1,0.0022779043280182,2024–2025 AI Adoption Period
CB,Chubb Limited,3517130.0,1951312169.0,"Chubb Limited, Q2 2025 Earnings Call, Jul 23, 2025",2025-07-23,370,0,0.0,2024–2025 AI Adoption Period
CB,Chubb Limited,3575605.0,1962623008.0,"Chubb Limited, Q3 2025 Earnings Call, Oct 22, 2025",2025-10-22,474,3,0.0063291139240506,2024–2025 AI Adoption Period
CIEN,Ciena Corporation,2230613.0,703905048.0,"Ciena Corporation, Q1 2021 Earnings Call, Mar 04, 2021",2021-03-04,501,0,0.0,2021–2022 Pre-ChatGPT Transition
CIEN,Ciena Corporation,2347417.0,714713687.0,"Ciena Corporation, Q2 2021 Earnings Call, Jun 03, 2021",2021-06-03,538,1,0.0018587360594795,2021–2022 Pre-ChatGPT Transition
CIEN,Ciena Corporation,2390909.0,1677186906.0,"Ciena Corporation, Q3 2021 Earnings Call, Sep 02, 2021",2021-09-02,538,0,0.0,2021–2022 Pre-ChatGPT Transition
CIEN,Ciena Corporation,2465454.0,1758823356.0,"Ciena Corporation, Q4 2021 Earnings Call, Dec 09, 2021",2021-12-09,442,0,0.0,2021–2022 Pre-ChatGPT Transition
CIEN,Ciena Corporation,2517974.0,1771489187.0,"Ciena Corporation, Q1 2022 Earnings Call, Mar 07, 2022",2022-03-07,391,0,0.0,2021–2022 Pre-ChatGPT Transition
CIEN,Ciena Corporation,2584043.0,1781685693.0,"Ciena Corporation, Q2 2022 Earnings Call, Jun 02, 2022",2022-06-02,518,0,0.0,2021–2022 Pre-ChatGPT Transition
CIEN,Ciena Corporation,2640725.0,1796790779.0,"Ciena Corporation, Q3 2022 Earnings Call, Sep 01, 2022",2022-09-01,505,0,0.0,2021–2022 Pre-ChatGPT Transition
CIEN,Ciena Corporation,2718124.0,1814764039.0,"Ciena Corporation, Q4 2022 Earnings Call, Dec 08, 2022",2022-12-08,472,0,0.0,2023 Initial GenAI Surge
CIEN,Ciena Corporation,2757971.0,1825047436.0,"Ciena Corporation, Q1 2023 Earnings Call, Mar 06, 2023",2023-03-06,487,6,0.0123203285420944,2023 Initial GenAI Surge
CIEN,Ciena Corporation,2831733.0,1837294900.0,"Ciena Corporation, Q2 2023 Earnings Call, Jun 06, 2023",2023-06-06,487,4,0.0082135523613963,2023 Initial GenAI Surge
CIEN,Ciena Corporation,2900178.0,1850019892.0,"Ciena Corporation, Q3 2023 Earnings Call, Aug 31, 2023",2023-08-31,380,5,0.0131578947368421,2023 Initial GenAI Surge
CIEN,Ciena Corporation,2978636.0,1861561791.0,"Ciena Corporation, Q4 2023 Earnings Call, Dec 07, 2023",2023-12-07,443,10,0.0225733634311512,2023 Initial GenAI Surge
CIEN,Ciena Corporation,3079163.0,1871011179.0,"Ciena Corporation, Q1 2024 Earnings Call, Mar 07, 2024",2024-03-07,471,15,0.0318471337579617,2024–2025 AI Adoption Period
CIEN,Ciena Corporation,3283443.0,1879612660.0,"Ciena Corporation, Q2 2024 Earnings Call, Jun 06, 2024",2024-06-06,422,19,0.0450236966824644,2024–2025 AI Adoption Period
CIEN,Ciena Corporation,3252935.0,1890539388.0,"Ciena Corporation, Q3 2024 Earnings Call, Sep 04, 2024",2024-09-04,431,12,0.0278422273781902,2024–2025 AI Adoption Period
CIEN,Ciena Corporation,3340453.0,1903769050.0,"Ciena Corporation, Q4 2024 Earnings Call, Dec 12, 2024",2024-12-12,445,16,0.0359550561797752,2024–2025 AI Adoption Period
CIEN,Ciena Corporation,3397224.0,1930859246.0,"Ciena Corporation, Q1 2025 Earnings Call, Mar 11, 2025",2025-03-11,448,11,0.0245535714285714,2024–2025 AI Adoption Period
CIEN,Ciena Corporation,3482530.0,1942556403.0,"Ciena Corporation, Q2 2025 Earnings Call, Jun 05, 2025",2025-06-05,456,13,0.0285087719298245,2024–2025 AI Adoption Period
CIEN,Ciena Corporation,3542281.0,1955892736.0,"Ciena Corporation, Q3 2025 Earnings Call, Sep 04, 2025",2025-09-04,461,25,0.054229934924078,2024–2025 AI Adoption Period
CIEN,Ciena Corporation,3618579.0,1970245177.0,"Ciena Corporation, Q4 2025 Earnings Call, Dec 11, 2025",2025-12-11,450,22,0.0488888888888888,2024–2025 AI Adoption Period
CINF,Cincinnati Financial Corporation,2206513.0,700976944.0,"Cincinnati Financial Corporation, Q4 2020 Earnings Call, Feb 11, 2021",2021-02-11,349,0,0.0,2021–2022 Pre-ChatGPT Transition
CINF,Cincinnati Financial Corporation,2262739.0,710499632.0,"Cincinnati Financial Corporation, Q1 2021 Earnings Call, Apr 29, 2021",2021-04-29,175,0,0.0,2021–2022 Pre-ChatGPT Transition
CINF,Cincinnati Financial Corporation,2354404.0,1673267489.0,"Cincinnati Financial Corporation, Q2 2021 Earnings Call, Jul 29, 2021",2021-07-29,200,0,0.0,2021–2022 Pre-ChatGPT Transition
CINF,Cincinnati Financial Corporation,2416231.0,1684346468.0,"Cincinnati Financial Corporation, Q3 2021 Earnings Call, Oct 28, 2021",2021-10-28,179,0,0.0,2021–2022 Pre-ChatGPT Transition
CINF,Cincinnati Financial Corporation,2501346.0,1763949708.0,"Cincinnati Financial Corporation, Q4 2021 Earnings Call, Feb 16, 2022",2022-02-16,331,0,0.0,2021–2022 Pre-ChatGPT Transition
CINF,Cincinnati Financial Corporation,2548758.0,1777397394.0,"Cincinnati Financial Corporation, Q1 2022 Earnings Call, Apr 29, 2022",2022-04-29,254,0,0.0,2021–2022 Pre-ChatGPT Transition
CINF,Cincinnati Financial Corporation,2607284.0,1790071544.0,"Cincinnati Financial Corporation, Q2 2022 Earnings Call, Jul 28, 2022",2022-07-28,290,0,0.0,2021–2022 Pre-ChatGPT Transition
CINF,Cincinnati Financial Corporation,2670471.0,1804703946.0,"Cincinnati Financial Corporation, Q3 2022 Earnings Call, Nov 01, 2022",2022-11-01,396,0,0.0,2021–2022 Pre-ChatGPT Transition
CINF,Cincinnati Financial Corporation,3030292.0,1820839356.0,"Cincinnati Financial Corporation, Q4 2022 Earnings Call, Feb 07, 2023",2023-02-07,370,0,0.0,2023 Initial GenAI Surge
CINF,Cincinnati Financial Corporation,2789923.0,1832342132.0,"Cincinnati Financial Corporation, Q1 2023 Earnings Call, Apr 28, 2023",2023-04-28,430,0,0.0,2023 Initial GenAI Surge
CINF,Cincinnati Financial Corporation,2862105.0,1847113316.0,"Cincinnati Financial Corporation, Q2 2023 Earnings Call, Jul 28, 2023",2023-07-28,299,0,0.0,2023 Initial GenAI Surge
CINF,Cincinnati Financial Corporation,2928997.0,1858167100.0,"Cincinnati Financial Corporation, Q3 2023 Earnings Call, Oct 27, 2023",2023-10-27,288,0,0.0,2023 Initial GenAI Surge
CINF,Cincinnati Financial Corporation,3014940.0,1867871600.0,"Cincinnati Financial Corporation, 2023 Earnings Call, Feb 07, 2024",2024-02-07,355,1,0.0028169014084507,2024–2025 AI Adoption Period
CINF,Cincinnati Financial Corporation,3284110.0,1877207448.0,"Cincinnati Financial Corporation, Q1 2024 Earnings Call, Apr 26, 2024",2024-04-26,320,0,0.0,2024–2025 AI Adoption Period
CINF,Cincinnati Financial Corporation,3246417.0,1887391415.0,"Cincinnati Financial Corporation, Q2 2024 Earnings Call, Jul 26, 2024",2024-07-26,428,0,0.0,2024–2025 AI Adoption Period
CINF,Cincinnati Financial Corporation,3289621.0,1899967860.0,"Cincinnati Financial Corporation, Q3 2024 Earnings Call, Oct 25, 2024",2024-10-25,353,0,0.0,2024–2025 AI Adoption Period
CINF,Cincinnati Financial Corporation,3370827.0,1915463382.0,"Cincinnati Financial Corporation, Q4 2024 Earnings Call, Feb 11, 2025",2025-02-11,271,0,0.0,2024–2025 AI Adoption Period
CINF,Cincinnati Financial Corporation,3428405.0,1938458116.0,"Cincinnati Financial Corporation, Q1 2025 Earnings Call, Apr 29, 2025",2025-04-29,360,0,0.0,2024–2025 AI Adoption Period
CINF,Cincinnati Financial Corporation,3506773.0,1952698464.0,"Cincinnati Financial Corporation, Q2 2025 Earnings Call, Jul 29, 2025",2025-07-29,372,0,0.0,2024–2025 AI Adoption Period
CINF,Cincinnati Financial Corporation,3570832.0,1963922892.0,"Cincinnati Financial Corporation, Q3 2025 Earnings Call, Oct 28, 2025",2025-10-28,369,0,0.0,2024–2025 AI Adoption Period
CTAS,Cintas Corporation,2238878.0,706462589.0,"Cintas Corporation, Q3 2021 Earnings Call, Mar 17, 2021",2021-03-17,486,0,0.0,2021–2022 Pre-ChatGPT Transition
CTAS,Cintas Corporation,2346143.0,1672703569.0,"Cintas Corporation, Q4 2021 Earnings Call, Jul 15, 2021",2021-07-15,583,0,0.0,2021–2022 Pre-ChatGPT Transition
CTAS,Cintas Corporation,2402791.0,1681502371.0,"Cintas Corporation, Q1 2022 Earnings Call, Sep 29, 2021",2021-09-29,470,0,0.0,2021–2022 Pre-ChatGPT Transition
CTAS,Cintas Corporation,2463738.0,1760940100.0,"Cintas Corporation, Q2 2022 Earnings Call, Dec 22, 2021",2021-12-22,436,0,0.0,2021–2022 Pre-ChatGPT Transition
CTAS,Cintas Corporation,2529647.0,1773905086.0,"Cintas Corporation, Q3 2022 Earnings Call, Mar 23, 2022",2022-03-23,513,0,0.0,2021–2022 Pre-ChatGPT Transition
CTAS,Cintas Corporation,2599445.0,1788946184.0,"Cintas Corporation, Q4 2022 Earnings Call, Jul 14, 2022",2022-07-14,587,0,0.0,2021–2022 Pre-ChatGPT Transition
CTAS,Cintas Corporation,2652430.0,1800526763.0,"Cintas Corporation, Q1 2023 Earnings Call, Sep 28, 2022",2022-09-28,620,0,0.0,2021–2022 Pre-ChatGPT Transition
CTAS,Cintas Corporation,2712114.0,1817776038.0,"Cintas Corporation, Q2 2023 Earnings Call, Dec 21, 2022",2022-12-21,515,0,0.0,2023 Initial GenAI Surge
CTAS,Cintas Corporation,2774346.0,1829604138.0,"Cintas Corporation, Q3 2023 Earnings Call, Mar 29, 2023",2023-03-29,511,0,0.0,2023 Initial GenAI Surge
CTAS,Cintas Corporation,3086841.0,1846240197.0,"Cintas Corporation, Q4 2023 Earnings Call, Jul 13, 2023",2023-07-13,614,3,0.004885993485342,2023 Initial GenAI Surge
CTAS,Cintas Corporation,2912404.0,1855559711.0,"Cintas Corporation, Q1 2024 Earnings Call, Sep 26, 2023",2023-09-26,518,0,0.0,2023 Initial GenAI Surge
CTAS,Cintas Corporation,2984288.0,1864109119.0,"Cintas Corporation, Q2 2024 Earnings Call, Dec 21, 2023",2023-12-21,569,1,0.0017574692442882,2023 Initial GenAI Surge
CTAS,Cintas Corporation,3099093.0,1874631386.0,"Cintas Corporation, Q3 2024 Earnings Call, Mar 27, 2024",2024-03-27,457,0,0.0,2024–2025 AI Adoption Period
CTAS,Cintas Corporation,3189591.0,1886654630.0,"Cintas Corporation, Q4 2024 Earnings Call, Jul 18, 2024",2024-07-18,481,0,0.0,2024–2025 AI Adoption Period
CTAS,Cintas Corporation,3274409.0,1897610254.0,"Cintas Corporation, Q1 2025 Earnings Call, Sep 25, 2024",2024-09-25,503,0,0.0,2024–2025 AI Adoption Period
CTAS,Cintas Corporation,3348953.0,1911710115.0,"Cintas Corporation, Q2 2025 Earnings Call, Dec 19, 2024",2024-12-19,519,0,0.0,2024–2025 AI Adoption Period
CTAS,Cintas Corporation,3408213.0,1934744624.0,"Cintas Corporation, Q3 2025 Earnings Call, Mar 26, 2025",2025-03-26,522,0,0.0,2024–2025 AI Adoption Period
CTAS,Cintas Corporation,3498730.0,1951765022.0,"Cintas Corporation, Q4 2025 Earnings Call, Jul 17, 2025",2025-07-17,516,4,0.0077519379844961,2024–2025 AI Adoption Period
CTAS,Cintas Corporation,3554254.0,1960261315.0,"Cintas Corporation, Q1 2026 Earnings Call, Sep 24, 2025",2025-09-24,552,3,0.0054347826086956,2024–2025 AI Adoption Period
CTAS,Cintas Corporation,3622967.0,1973017625.0,"Cintas Corporation, Q2 2026 Earnings Call, Dec 18, 2025",2025-12-18,515,3,0.0058252427184466,2024–2025 AI Adoption Period
CSCO,"Cisco Systems, Inc.",2201096.0,695453351.0,"Cisco Systems, Inc., Q2 2021 Earnings Call, Feb 09, 2021",2021-02-09,540,0,0.0,2021–2022 Pre-ChatGPT Transition
CSCO,"Cisco Systems, Inc.",2477799.0,706408965.0,"Cisco Systems, Inc., Q3 2021 Earnings Call, May 19, 2021",2021-05-19,570,0,0.0,2021–2022 Pre-ChatGPT Transition
CSCO,"Cisco Systems, Inc.",2381774.0,716411796.0,"Cisco Systems, Inc., Q4 2021 Earnings Call, Aug 18, 2021",2021-08-18,554,0,0.0,2021–2022 Pre-ChatGPT Transition
CSCO,"Cisco Systems, Inc.",2466023.0,1679290749.0,"Cisco Systems, Inc., Q1 2022 Earnings Call, Nov 17, 2021",2021-11-17,613,0,0.0,2021–2022 Pre-ChatGPT Transition
CSCO,"Cisco Systems, Inc.",2508146.0,1759479817.0,"Cisco Systems, Inc., Q2 2022 Earnings Call, Feb 16, 2022",2022-02-16,535,0,0.0,2021–2022 Pre-ChatGPT Transition
CSCO,"Cisco Systems, Inc.",2573632.0,1771892579.0,"Cisco Systems, Inc., Q3 2022 Earnings Call, May 18, 2022",2022-05-18,606,0,0.0,2021–2022 Pre-ChatGPT Transition
CSCO,"Cisco Systems, Inc.",2633809.0,1784625590.0,"Cisco Systems, Inc., Q4 2022 Earnings Call, Aug 17, 2022",2022-08-17,574,1,0.0017421602787456,2021–2022 Pre-ChatGPT Transition
CSCO,"Cisco Systems, Inc.",2698265.0,1797946396.0,"Cisco Systems, Inc., Q1 2023 Earnings Call, Nov 16, 2022",2022-11-16,526,2,0.0038022813688212,2021–2022 Pre-ChatGPT Transition
CSCO,"Cisco Systems, Inc.",2739378.0,1823269911.0,"Cisco Systems, Inc., Q2 2023 Earnings Call, Feb 15, 2023",2023-02-15,530,7,0.0132075471698113,2023 Initial GenAI Surge
CSCO,"Cisco Systems, Inc.",2811587.0,1826903909.0,"Cisco Systems, Inc., Q3 2023 Earnings Call, May 17, 2023",2023-05-17,407,14,0.0343980343980344,2023 Initial GenAI Surge
CSCO,"Cisco Systems, Inc.",2886983.0,1838523443.0,"Cisco Systems, Inc., Q4 2023 Earnings Call, Aug 16, 2023",2023-08-16,546,30,0.0549450549450549,2023 Initial GenAI Surge
CSCO,"Cisco Systems, Inc.",3061818.0,1853555731.0,"Cisco Systems, Inc., Q1 2024 Earnings Call, Nov 15, 2023",2023-11-15,407,21,0.0515970515970515,2023 Initial GenAI Surge
CSCO,"Cisco Systems, Inc.",3024142.0,1862568849.0,"Cisco Systems, Inc., Q2 2024 Earnings Call, Feb 14, 2024",2024-02-14,433,27,0.0623556581986143,2024–2025 AI Adoption Period
CSCO,"Cisco Systems, Inc.",3128691.0,1872296481.0,"Cisco Systems, Inc., Q3 2024 Earnings Call, May 15, 2024",2024-05-15,508,28,0.0551181102362204,2024–2025 AI Adoption Period
CSCO,"Cisco Systems, Inc.",3250850.0,1890535061.0,"Cisco Systems, Inc., Q4 2024 Earnings Call, Aug 14, 2024",2024-08-14,531,43,0.0809792843691148,2024–2025 AI Adoption Period
CSCO,"Cisco Systems, Inc.",3310070.0,1902128938.0,"Cisco Systems, Inc., Q1 2025 Earnings Call, Nov 13, 2024",2024-11-13,599,75,0.1252086811352253,2024–2025 AI Adoption Period
CSCO,"Cisco Systems, Inc.",3372598.0,1930166890.0,"Cisco Systems, Inc., Q2 2025 Earnings Call, Feb 12, 2025",2025-02-12,447,61,0.1364653243847874,2024–2025 AI Adoption Period
CSCO,"Cisco Systems, Inc.",3456278.0,1941582721.0,"Cisco Systems, Inc., Q3 2025 Earnings Call, May 14, 2025",2025-05-14,550,49,0.0890909090909091,2024–2025 AI Adoption Period
CSCO,"Cisco Systems, Inc.",3560850.0,1955611477.0,"Cisco Systems, Inc., Q4 2025 Earnings Call, Aug 13, 2025",2025-08-13,525,64,0.1219047619047619,2024–2025 AI Adoption Period
CSCO,"Cisco Systems, Inc.",3592614.0,1968512250.0,"Cisco Systems, Inc., Q1 2026 Earnings Call, Nov 12, 2025",2025-11-12,505,45,0.0891089108910891,2024–2025 AI Adoption Period
C,Citigroup Inc.,2173150.0,666176060.0,"Citigroup Inc., Q4 2020 Earnings Call, Jan 15, 2021",2021-01-15,745,0,0.0,2021–2022 Pre-ChatGPT Transition
C,Citigroup Inc.,2251921.0,666178503.0,"Citigroup Inc., Q1 2021 Earnings Call, Apr 15, 2021",2021-04-15,751,0,0.0,2021–2022 Pre-ChatGPT Transition
C,Citigroup Inc.,2345012.0,666178850.0,"Citigroup Inc., Q2 2021 Earnings Call, Jul 14, 2021",2021-07-14,486,0,0.0,2021–2022 Pre-ChatGPT Transition
C,Citigroup Inc.,2406364.0,666178946.0,"Citigroup Inc., Q3 2021 Earnings Call, Oct 14, 2021",2021-10-14,515,0,0.0,2021–2022 Pre-ChatGPT Transition
C,Citigroup Inc.,2472240.0,712722499.0,"Citigroup Inc., Q4 2021 Earnings Call, Jan 14, 2022",2022-01-14,788,0,0.0,2021–2022 Pre-ChatGPT Transition
C,Citigroup Inc.,2540642.0,712722558.0,"Citigroup Inc., Q1 2022 Earnings Call, Apr 14, 2022",2022-04-14,548,0,0.0,2021–2022 Pre-ChatGPT Transition
C,Citigroup Inc.,2600088.0,712722663.0,"Citigroup Inc., Q2 2022 Earnings Call, Jul 15, 2022",2022-07-15,666,0,0.0,2021–2022 Pre-ChatGPT Transition
C,Citigroup Inc.,2657672.0,712727685.0,"Citigroup Inc., Q3 2022 Earnings Call, Oct 14, 2022",2022-10-14,605,0,0.0,2021–2022 Pre-ChatGPT Transition
C,Citigroup Inc.,2718341.0,1782482965.0,"Citigroup Inc., Q4 2022 Earnings Call, Jan 13, 2023",2023-01-13,679,0,0.0,2023 Initial GenAI Surge
C,Citigroup Inc.,2780788.0,1801015384.0,"Citigroup Inc., Q1 2023 Earnings Call, Apr 14, 2023",2023-04-14,707,1,0.0014144271570014,2023 Initial GenAI Surge
C,Citigroup Inc.,2852267.0,1801015487.0,"Citigroup Inc., Q2 2023 Earnings Call, Jul 14, 2023",2023-07-14,700,1,0.0014285714285714,2023 Initial GenAI Surge
C,Citigroup Inc.,2918153.0,1801015513.0,"Citigroup Inc., Q3 2023 Earnings Call, Oct 13, 2023",2023-10-13,666,0,0.0,2023 Initial GenAI Surge
C,Citigroup Inc.,2994395.0,1801015540.0,"Citigroup Inc., Q4 2023 Earnings Call, Jan 12, 2024",2024-01-12,764,0,0.0,2024–2025 AI Adoption Period
C,Citigroup Inc.,3084409.0,1857399264.0,"Citigroup Inc., Q1 2024 Earnings Call, Apr 12, 2024",2024-04-12,714,0,0.0,2024–2025 AI Adoption Period
C,Citigroup Inc.,3185453.0,1857400316.0,"Citigroup Inc., Q2 2024 Earnings Call, Jul 12, 2024",2024-07-12,729,1,0.0013717421124828,2024–2025 AI Adoption Period
C,Citigroup Inc.,3283874.0,1857400617.0,"Citigroup Inc., Q3 2024 Earnings Call, Oct 15, 2024",2024-10-15,720,0,0.0,2024–2025 AI Adoption Period
C,Citigroup Inc.,3355939.0,1857400699.0,"Citigroup Inc., Q4 2024 Earnings Call, Jan 15, 2025",2025-01-15,661,2,0.0030257186081694,2024–2025 AI Adoption Period
C,Citigroup Inc.,3418665.0,1911982701.0,"Citigroup Inc., Q1 2025 Earnings Call, Apr 15, 2025",2025-04-15,657,3,0.0045662100456621,2024–2025 AI Adoption Period
C,Citigroup Inc.,3497427.0,1911983129.0,"Citigroup Inc., Q2 2025 Earnings Call, Jul 15, 2025",2025-07-15,712,5,0.0070224719101123,2024–2025 AI Adoption Period
C,Citigroup Inc.,3616888.0,1911983261.0,"Citigroup Inc., Q3 2025 Earnings Call, Oct 14, 2025",2025-10-14,645,13,0.0201550387596899,2024–2025 AI Adoption Period
CFG,"Citizens Financial Group, Inc.",2251571.0,690973919.0,"Citizens Financial Group, Inc., Q4 2020 Earnings Call, Jan 20, 2021",2021-01-20,605,0,0.0,2021–2022 Pre-ChatGPT Transition
CFG,"Citizens Financial Group, Inc.",2265946.0,690973939.0,"Citizens Financial Group, Inc., Q1 2021 Earnings Call, Apr 16, 2021",2021-04-16,529,0,0.0,2021–2022 Pre-ChatGPT Transition
CFG,"Citizens Financial Group, Inc.",2348094.0,690973948.0,"Citizens Financial Group, Inc., Q2 2021 Earnings Call, Jul 20, 2021",2021-07-20,350,0,0.0,2021–2022 Pre-ChatGPT Transition
CFG,"Citizens Financial Group, Inc.",2408096.0,690973963.0,"Citizens Financial Group, Inc., Q3 2021 Earnings Call, Oct 20, 2021",2021-10-20,477,0,0.0,2021–2022 Pre-ChatGPT Transition
CFG,"Citizens Financial Group, Inc.",2488173.0,690973987.0,"Citizens Financial Group, Inc., Q4 2021 Earnings Call, Jan 19, 2022",2022-01-19,503,0,0.0,2021–2022 Pre-ChatGPT Transition
CFG,"Citizens Financial Group, Inc.",2587647.0,709386938.0,"Citizens Financial Group, Inc., Q1 2022 Earnings Call, Apr 19, 2022",2022-04-19,665,0,0.0,2021–2022 Pre-ChatGPT Transition
CFG,"Citizens Financial Group, Inc.",2600967.0,709386990.0,"Citizens Financial Group, Inc., Q2 2022 Earnings Call, Jul 19, 2022",2022-07-19,587,0,0.0,2021–2022 Pre-ChatGPT Transition
CFG,"Citizens Financial Group, Inc.",2658961.0,709387245.0,"Citizens Financial Group, Inc., Q3 2022 Earnings Call, Oct 19, 2022",2022-10-19,591,0,0.0,2021–2022 Pre-ChatGPT Transition
CFG,"Citizens Financial Group, Inc.",2718788.0,709387406.0,"Citizens Financial Group, Inc., Q4 2022 Earnings Call, Jan 17, 2023",2023-01-17,541,0,0.0,2023 Initial GenAI Surge
CFG,"Citizens Financial Group, Inc.",3353246.0,1775311813.0,"Citizens Financial Group, Inc., Q1 2023 Earnings Call, Apr 19, 2023",2023-04-19,492,0,0.0,2023 Initial GenAI Surge
CFG,"Citizens Financial Group, Inc.",2854057.0,1775311857.0,"Citizens Financial Group, Inc., Q2 2023 Earnings Call, Jul 19, 2023",2023-07-19,651,1,0.0015360983102918,2023 Initial GenAI Surge
CFG,"Citizens Financial Group, Inc.",2921721.0,1775311888.0,"Citizens Financial Group, Inc., Q3 2023 Earnings Call, Oct 18, 2023",2023-10-18,502,3,0.0059760956175298,2023 Initial GenAI Surge
CFG,"Citizens Financial Group, Inc.",2996776.0,1775311919.0,"Citizens Financial Group, Inc., Q4 2023 Earnings Call, Jan 17, 2024",2024-01-17,615,2,0.0032520325203252,2024–2025 AI Adoption Period
CFG,"Citizens Financial Group, Inc.",3087020.0,1823722780.0,"Citizens Financial Group, Inc., Q1 2024 Earnings Call, Apr 17, 2024",2024-04-17,601,1,0.0016638935108153,2024–2025 AI Adoption Period
CFG,"Citizens Financial Group, Inc.",3188369.0,1823722802.0,"Citizens Financial Group, Inc., Q2 2024 Earnings Call, Jul 17, 2024",2024-07-17,638,3,0.0047021943573667,2024–2025 AI Adoption Period
CFG,"Citizens Financial Group, Inc.",3284199.0,1823722806.0,"Citizens Financial Group, Inc., Q3 2024 Earnings Call, Oct 16, 2024",2024-10-16,445,0,0.0,2024–2025 AI Adoption Period
CFG,"Citizens Financial Group, Inc.",3356928.0,1823722816.0,"Citizens Financial Group, Inc., Q4 2024 Earnings Call, Jan 17, 2025",2025-01-17,483,0,0.0,2024–2025 AI Adoption Period
CFG,"Citizens Financial Group, Inc.",3420481.0,1858764840.0,"Citizens Financial Group, Inc., Q1 2025 Earnings Call, Apr 16, 2025",2025-04-16,593,2,0.0033726812816188,2024–2025 AI Adoption Period
CFG,"Citizens Financial Group, Inc.",3498752.0,1858766091.0,"Citizens Financial Group, Inc., Q2 2025 Earnings Call, Jul 17, 2025",2025-07-17,716,6,0.0083798882681564,2024–2025 AI Adoption Period
CFG,"Citizens Financial Group, Inc.",3616310.0,1858766119.0,"Citizens Financial Group, Inc., Q3 2025 Earnings Call, Oct 15, 2025",2025-10-15,629,3,0.0047694753577106,2024–2025 AI Adoption Period
CME,CME Group Inc.,2240545.0,699249380.0,"CME Group Inc., Q4 2020 Earnings Call, Feb 10, 2021",2021-02-10,743,0,0.0,2021–2022 Pre-ChatGPT Transition
CME,CME Group Inc.,2260634.0,706451387.0,"CME Group Inc., Q1 2021 Earnings Call, Apr 28, 2021",2021-04-28,608,0,0.0,2021–2022 Pre-ChatGPT Transition
CME,CME Group Inc.,2384197.0,718139287.0,"CME Group Inc., Q2 2021 Earnings Call, Jul 28, 2021",2021-07-28,403,0,0.0,2021–2022 Pre-ChatGPT Transition
CME,CME Group Inc.,2441379.0,1680818015.0,"CME Group Inc., Q3 2021 Earnings Call, Oct 27, 2021",2021-10-27,474,0,0.0,2021–2022 Pre-ChatGPT Transition
CME,CME Group Inc.,2492291.0,1762236171.0,"CME Group Inc., Q4 2021 Earnings Call, Feb 09, 2022",2022-02-09,703,0,0.0,2021–2022 Pre-ChatGPT Transition
CME,CME Group Inc.,2544816.0,1774963199.0,"CME Group Inc., Q1 2022 Earnings Call, Apr 27, 2022",2022-04-27,535,0,0.0,2021–2022 Pre-ChatGPT Transition
CME,CME Group Inc.,2622399.0,1786891814.0,"CME Group Inc., Q2 2022 Earnings Call, Jul 27, 2022",2022-07-27,606,0,0.0,2021–2022 Pre-ChatGPT Transition
CME,CME Group Inc.,2663630.0,1802626651.0,"CME Group Inc., Q3 2022 Earnings Call, Oct 26, 2022",2022-10-26,708,0,0.0,2021–2022 Pre-ChatGPT Transition
CME,CME Group Inc.,2767908.0,1820849695.0,"CME Group Inc., Q4 2022 Earnings Call, Feb 08, 2023",2023-02-08,573,2,0.0034904013961605,2023 Initial GenAI Surge
CME,CME Group Inc.,2786291.0,1829346102.0,"CME Group Inc., Q1 2023 Earnings Call, Apr 26, 2023",2023-04-26,575,0,0.0,2023 Initial GenAI Surge
CME,CME Group Inc.,2858994.0,1843399689.0,"CME Group Inc., Q2 2023 Earnings Call, Jul 26, 2023",2023-07-26,587,0,0.0,2023 Initial GenAI Surge
CME,CME Group Inc.,2925691.0,1855559376.0,"CME Group Inc., Q3 2023 Earnings Call, Oct 25, 2023",2023-10-25,558,0,0.0,2023 Initial GenAI Surge
CME,CME Group Inc.,3023294.0,1865575516.0,"CME Group Inc., Q4 2023 Earnings Call, Feb 14, 2024",2024-02-14,508,0,0.0,2024–2025 AI Adoption Period
CME,CME Group Inc.,3534227.0,1874871202.0,"CME Group Inc., Q1 2024 Earnings Call, Apr 24, 2024",2024-04-24,598,0,0.0,2024–2025 AI Adoption Period
CME,CME Group Inc.,3225558.0,1882251769.0,"CME Group Inc., Q2 2024 Earnings Call, Jul 24, 2024",2024-07-24,676,14,0.0207100591715976,2024–2025 AI Adoption Period
CME,CME Group Inc.,3287063.0,1894343931.0,"CME Group Inc., Q3 2024 Earnings Call, Oct 23, 2024",2024-10-23,659,1,0.0015174506828528,2024–2025 AI Adoption Period
CME,CME Group Inc.,3371973.0,1915195828.0,"CME Group Inc., Q4 2024 Earnings Call, Feb 12, 2025",2025-02-12,612,1,0.0016339869281045,2024–2025 AI Adoption Period
CME,CME Group Inc.,3423100.0,1934750866.0,"CME Group Inc., Q1 2025 Earnings Call, Apr 23, 2025",2025-04-23,565,0,0.0,2024–2025 AI Adoption Period
CME,CME Group Inc.,3647255.0,1948607714.0,"CME Group Inc., Q2 2025 Earnings Call, Jul 23, 2025",2025-07-23,524,0,0.0,2024–2025 AI Adoption Period
CME,CME Group Inc.,3619926.0,1959688526.0,"CME Group Inc., Q3 2025 Earnings Call, Oct 22, 2025",2025-10-22,517,0,0.0,2024–2025 AI Adoption Period
CMS,CMS Energy Corporation,2483107.0,701220752.0,"CMS Energy Corporation, Q4 2020 Earnings Call, Feb 04, 2021",2021-02-04,725,1,0.0013793103448275,2021–2022 Pre-ChatGPT Transition
CMS,CMS Energy Corporation,2263854.0,710741158.0,"CMS Energy Corporation, Q1 2021 Earnings Call, Apr 29, 2021",2021-04-29,456,0,0.0,2021–2022 Pre-ChatGPT Transition
CMS,CMS Energy Corporation,2398448.0,1673417712.0,"CMS Energy Corporation, Q2 2021 Earnings Call, Jul 29, 2021",2021-07-29,480,0,0.0,2021–2022 Pre-ChatGPT Transition
CMS,CMS Energy Corporation,2416160.0,1684670042.0,"CMS Energy Corporation, Q3 2021 Earnings Call, Oct 28, 2021",2021-10-28,434,0,0.0,2021–2022 Pre-ChatGPT Transition
CMS,CMS Energy Corporation,2484508.0,1764239338.0,"CMS Energy Corporation, 2021 Earnings Call, Feb 03, 2022",2022-02-03,571,0,0.0,2021–2022 Pre-ChatGPT Transition
CMS,CMS Energy Corporation,2551587.0,1778061818.0,"CMS Energy Corporation, Q1 2022 Earnings Call, May 03, 2022",2022-05-03,614,0,0.0,2021–2022 Pre-ChatGPT Transition
CMS,CMS Energy Corporation,2607111.0,1790177077.0,"CMS Energy Corporation, Q2 2022 Earnings Call, Jul 28, 2022",2022-07-28,422,0,0.0,2021–2022 Pre-ChatGPT Transition
CMS,CMS Energy Corporation,2666404.0,1803762200.0,"CMS Energy Corporation, Q3 2022 Earnings Call, Oct 27, 2022",2022-10-27,506,0,0.0,2021–2022 Pre-ChatGPT Transition
CMS,CMS Energy Corporation,2730811.0,1821588863.0,"CMS Energy Corporation, 2022 Earnings Call, Feb 02, 2023",2023-02-02,523,0,0.0,2023 Initial GenAI Surge
CMS,CMS Energy Corporation,2793008.0,1832387006.0,"CMS Energy Corporation, Q1 2023 Earnings Call, Apr 27, 2023",2023-04-27,606,1,0.0016501650165016,2023 Initial GenAI Surge
CMS,CMS Energy Corporation,2864604.0,1847641037.0,"CMS Energy Corporation, Q2 2023 Earnings Call, Jul 27, 2023",2023-07-27,234,0,0.0,2023 Initial GenAI Surge
CMS,CMS Energy Corporation,2930331.0,1858223366.0,"CMS Energy Corporation, Q3 2023 Earnings Call, Oct 26, 2023",2023-10-26,552,5,0.0090579710144927,2023 Initial GenAI Surge
CMS,CMS Energy Corporation,3297757.0,1868182020.0,"CMS Energy Corporation, 2023 Earnings Call, Feb 01, 2024",2024-02-01,613,0,0.0,2024–2025 AI Adoption Period
CMS,CMS Energy Corporation,3238113.0,1877230440.0,"CMS Energy Corporation, Q1 2024 Earnings Call, Apr 25, 2024",2024-04-25,361,0,0.0,2024–2025 AI Adoption Period
CMS,CMS Energy Corporation,3218671.0,1886676743.0,"CMS Energy Corporation, Q2 2024 Earnings Call, Jul 25, 2024",2024-07-25,471,1,0.0021231422505307,2024–2025 AI Adoption Period
CMS,CMS Energy Corporation,3357235.0,1900390108.0,"CMS Energy Corporation, Q3 2024 Earnings Call, Oct 31, 2024",2024-10-31,589,1,0.0016977928692699,2024–2025 AI Adoption Period
CMS,CMS Energy Corporation,3385431.0,1917054121.0,"CMS Energy Corporation, 2024 Earnings Call, Feb 06, 2025",2025-02-06,521,0,0.0,2024–2025 AI Adoption Period
CMS,CMS Energy Corporation,3426946.0,1937817764.0,"CMS Energy Corporation, Q1 2025 Earnings Call, Apr 24, 2025",2025-04-24,559,2,0.0035778175313059,2024–2025 AI Adoption Period
CMS,CMS Energy Corporation,3514043.0,1953010974.0,"CMS Energy Corporation, Q2 2025 Earnings Call, Jul 31, 2025",2025-07-31,273,0,0.0,2024–2025 AI Adoption Period
CMS,CMS Energy Corporation,3580508.0,1966045237.0,"CMS Energy Corporation, Q3 2025 Earnings Call, Oct 30, 2025",2025-10-30,426,0,0.0,2024–2025 AI Adoption Period
CTSH,Cognizant Technology Solutions Corporation,2190414.0,701083861.0,"Cognizant Technology Solutions Corporation, Q4 2020 Earnings Call, Feb 03, 2021",2021-02-03,425,5,0.0117647058823529,2021–2022 Pre-ChatGPT Transition
CTSH,Cognizant Technology Solutions Corporation,2271524.0,710566327.0,"Cognizant Technology Solutions Corporation, Q1 2021 Earnings Call, May 05, 2021",2021-05-05,493,4,0.0081135902636916,2021–2022 Pre-ChatGPT Transition
CTSH,Cognizant Technology Solutions Corporation,2353461.0,1673369060.0,"Cognizant Technology Solutions Corporation, Q2 2021 Earnings Call, Jul 28, 2021",2021-07-28,426,2,0.0046948356807511,2021–2022 Pre-ChatGPT Transition
CTSH,Cognizant Technology Solutions Corporation,2414929.0,1684738662.0,"Cognizant Technology Solutions Corporation, Q3 2021 Earnings Call, Oct 27, 2021",2021-10-27,515,4,0.0077669902912621,2021–2022 Pre-ChatGPT Transition
CTSH,Cognizant Technology Solutions Corporation,2483399.0,1764184722.0,"Cognizant Technology Solutions Corporation, Q4 2021 Earnings Call, Feb 02, 2022",2022-02-02,500,2,0.004,2021–2022 Pre-ChatGPT Transition
CTSH,Cognizant Technology Solutions Corporation,2554460.0,1778189515.0,"Cognizant Technology Solutions Corporation, Q1 2022 Earnings Call, May 04, 2022",2022-05-04,517,1,0.0019342359767891,2021–2022 Pre-ChatGPT Transition
CTSH,Cognizant Technology Solutions Corporation,2606122.0,1789588406.0,"Cognizant Technology Solutions Corporation, Q2 2022 Earnings Call, Jul 27, 2022",2022-07-27,460,1,0.0021739130434782,2021–2022 Pre-ChatGPT Transition
CTSH,Cognizant Technology Solutions Corporation,2672899.0,1804385056.0,"Cognizant Technology Solutions Corporation, Q3 2022 Earnings Call, Nov 02, 2022",2022-11-02,488,1,0.0020491803278688,2021–2022 Pre-ChatGPT Transition
CTSH,Cognizant Technology Solutions Corporation,2728166.0,1821574014.0,"Cognizant Technology Solutions Corporation, Q4 2022 Earnings Call, Feb 02, 2023",2023-02-02,454,1,0.0022026431718061,2023 Initial GenAI Surge
CTSH,Cognizant Technology Solutions Corporation,2793382.0,1832927281.0,"Cognizant Technology Solutions Corporation, Q1 2023 Earnings Call, May 03, 2023",2023-05-03,428,12,0.02803738317757,2023 Initial GenAI Surge
CTSH,Cognizant Technology Solutions Corporation,2866861.0,1847724738.0,"Cognizant Technology Solutions Corporation, Q2 2023 Earnings Call, Aug 02, 2023",2023-08-02,455,48,0.1054945054945055,2023 Initial GenAI Surge
CTSH,Cognizant Technology Solutions Corporation,2932870.0,1858720963.0,"Cognizant Technology Solutions Corporation, Q3 2023 Earnings Call, Nov 01, 2023",2023-11-01,474,23,0.0485232067510548,2023 Initial GenAI Surge
CTSH,Cognizant Technology Solutions Corporation,3014045.0,1868575476.0,"Cognizant Technology Solutions Corporation, Q4 2023 Earnings Call, Feb 06, 2024",2024-02-06,501,42,0.0838323353293413,2024–2025 AI Adoption Period
CTSH,Cognizant Technology Solutions Corporation,3105679.0,1877733244.0,"Cognizant Technology Solutions Corporation, Q1 2024 Earnings Call, May 01, 2024",2024-05-01,491,42,0.0855397148676171,2024–2025 AI Adoption Period
CTSH,Cognizant Technology Solutions Corporation,3207052.0,1888232553.0,"Cognizant Technology Solutions Corporation, Q2 2024 Earnings Call, Jul 31, 2024",2024-07-31,474,49,0.1033755274261603,2024–2025 AI Adoption Period
CTSH,Cognizant Technology Solutions Corporation,3294421.0,1900288614.0,"Cognizant Technology Solutions Corporation, Q3 2024 Earnings Call, Oct 30, 2024",2024-10-30,453,44,0.097130242825607,2024–2025 AI Adoption Period
CTSH,Cognizant Technology Solutions Corporation,3366716.0,1916828377.0,"Cognizant Technology Solutions Corporation, Q4 2024 Earnings Call, Feb 05, 2025",2025-02-05,494,40,0.0809716599190283,2024–2025 AI Adoption Period
CTSH,Cognizant Technology Solutions Corporation,3431610.0,1938644631.0,"Cognizant Technology Solutions Corporation, Q1 2025 Earnings Call, Apr 30, 2025",2025-04-30,470,45,0.0957446808510638,2024–2025 AI Adoption Period
CTSH,Cognizant Technology Solutions Corporation,3509005.0,1952835976.0,"Cognizant Technology Solutions Corporation, Q2 2025 Earnings Call, Jul 30, 2025",2025-07-30,516,70,0.1356589147286821,2024–2025 AI Adoption Period
CTSH,Cognizant Technology Solutions Corporation,3575666.0,1966182886.0,"Cognizant Technology Solutions Corporation, Q3 2025 Earnings Call, Oct 29, 2025",2025-10-29,489,90,0.1840490797546012,2024–2025 AI Adoption Period
CL,Colgate-Palmolive Company,2253226.0,701739572.0,"Colgate-Palmolive Company, Q4 2020 Earnings Call, Jan 29, 2021",2021-01-29,543,0,0.0,2021–2022 Pre-ChatGPT Transition
CL,Colgate-Palmolive Company,2265084.0,702794198.0,"Colgate-Palmolive Company, Q1 2021 Earnings Call, Apr 30, 2021",2021-04-30,444,0,0.0,2021–2022 Pre-ChatGPT Transition
CL,Colgate-Palmolive Company,2356818.0,713576312.0,"Colgate-Palmolive Company, Q2 2021 Earnings Call, Jul 30, 2021",2021-07-30,287,0,0.0,2021–2022 Pre-ChatGPT Transition
CL,Colgate-Palmolive Company,2418082.0,1675729136.0,"Colgate-Palmolive Company, Q3 2021 Earnings Call, Oct 29, 2021",2021-10-29,574,0,0.0,2021–2022 Pre-ChatGPT Transition
CL,Colgate-Palmolive Company,2480001.0,1686553377.0,"Colgate-Palmolive Company, Q4 2021 Earnings Call, Jan 28, 2022",2022-01-28,539,0,0.0,2021–2022 Pre-ChatGPT Transition
CL,Colgate-Palmolive Company,2548867.0,1778313363.0,"Colgate-Palmolive Company, Q1 2022 Earnings Call, Apr 29, 2022",2022-04-29,457,0,0.0,2021–2022 Pre-ChatGPT Transition
CL,Colgate-Palmolive Company,2609399.0,1789348402.0,"Colgate-Palmolive Company, Q2 2022 Earnings Call, Jul 29, 2022",2022-07-29,380,0,0.0,2021–2022 Pre-ChatGPT Transition
CL,Colgate-Palmolive Company,2667246.0,1804715025.0,"Colgate-Palmolive Company, Q3 2022 Earnings Call, Oct 28, 2022",2022-10-28,486,1,0.0020576131687242,2021–2022 Pre-ChatGPT Transition
CL,Colgate-Palmolive Company,2723764.0,1813199309.0,"Colgate-Palmolive Company, Q4 2022 Earnings Call, Jan 27, 2023",2023-01-27,589,0,0.0,2023 Initial GenAI Surge
CL,Colgate-Palmolive Company,2789738.0,1823519878.0,"Colgate-Palmolive Company, Q1 2023 Earnings Call, Apr 28, 2023",2023-04-28,517,0,0.0,2023 Initial GenAI Surge
CL,Colgate-Palmolive Company,2872696.0,1835533486.0,"Colgate-Palmolive Company, Q2 2023 Earnings Call, Jul 28, 2023",2023-07-28,430,0,0.0,2023 Initial GenAI Surge
CL,Colgate-Palmolive Company,3007570.0,1859003667.0,"Colgate-Palmolive Company, Q3 2023 Earnings Call, Oct 27, 2023",2023-10-27,355,0,0.0,2023 Initial GenAI Surge
CL,Colgate-Palmolive Company,3004531.0,1868665527.0,"Colgate-Palmolive Company, Q4 2023 Earnings Call, Jan 26, 2024",2024-01-26,415,0,0.0,2024–2025 AI Adoption Period
CL,Colgate-Palmolive Company,3285574.0,1869674311.0,"Colgate-Palmolive Company, Q1 2024 Earnings Call, Apr 26, 2024",2024-04-26,357,0,0.0,2024–2025 AI Adoption Period
CL,Colgate-Palmolive Company,3197975.0,1887697183.0,"Colgate-Palmolive Company, Q2 2024 Earnings Call, Jul 26, 2024",2024-07-26,410,2,0.0048780487804878,2024–2025 AI Adoption Period
CL,Colgate-Palmolive Company,3289452.0,1900486434.0,"Colgate-Palmolive Company, Q3 2024 Earnings Call, Oct 25, 2024",2024-10-25,493,2,0.0040567951318458,2024–2025 AI Adoption Period
CL,Colgate-Palmolive Company,3363762.0,1917158930.0,"Colgate-Palmolive Company, Q4 2024 Earnings Call, Jan 31, 2025",2025-01-31,553,3,0.0054249547920434,2024–2025 AI Adoption Period
CL,Colgate-Palmolive Company,3425622.0,1939261529.0,"Colgate-Palmolive Company, Q1 2025 Earnings Call, Apr 25, 2025",2025-04-25,535,2,0.0037383177570093,2024–2025 AI Adoption Period
CL,Colgate-Palmolive Company,3512142.0,1954064977.0,"Colgate-Palmolive Company, Q2 2025 Earnings Call, Aug 01, 2025",2025-08-01,478,7,0.0146443514644351,2024–2025 AI Adoption Period
CL,Colgate-Palmolive Company,3607906.0,1966874526.0,"Colgate-Palmolive Company, Q3 2025 Earnings Call, Oct 31, 2025",2025-10-31,468,22,0.047008547008547,2024–2025 AI Adoption Period
CMCSA,Comcast Corporation,2252287.0,698628338.0,"Comcast Corporation, Q4 2020 Earnings Call, Jan 28, 2021",2021-01-28,536,0,0.0,2021–2022 Pre-ChatGPT Transition
CMCSA,Comcast Corporation,2262844.0,708227110.0,"Comcast Corporation, Q1 2021 Earnings Call, Apr 29, 2021",2021-04-29,505,1,0.0019801980198019,2021–2022 Pre-ChatGPT Transition
CMCSA,Comcast Corporation,2355809.0,1671479226.0,"Comcast Corporation, Q2 2021 Earnings Call, Jul 29, 2021",2021-07-29,550,0,0.0,2021–2022 Pre-ChatGPT Transition
CMCSA,Comcast Corporation,2416199.0,1681761315.0,"Comcast Corporation, Q3 2021 Earnings Call, Oct 28, 2021",2021-10-28,503,0,0.0,2021–2022 Pre-ChatGPT Transition
CMCSA,Comcast Corporation,2478728.0,1762212488.0,"Comcast Corporation, Q4 2021 Earnings Call, Jan 27, 2022",2022-01-27,533,1,0.0018761726078799,2021–2022 Pre-ChatGPT Transition
CMCSA,Comcast Corporation,2546787.0,1774817304.0,"Comcast Corporation, Q1 2022 Earnings Call, Apr 28, 2022",2022-04-28,481,0,0.0,2021–2022 Pre-ChatGPT Transition
CMCSA,Comcast Corporation,2607054.0,1787861479.0,"Comcast Corporation, Q2 2022 Earnings Call, Jul 28, 2022",2022-07-28,486,0,0.0,2021–2022 Pre-ChatGPT Transition
CMCSA,Comcast Corporation,2665363.0,1801572322.0,"Comcast Corporation, Q3 2022 Earnings Call, Oct 27, 2022",2022-10-27,490,0,0.0,2021–2022 Pre-ChatGPT Transition
CMCSA,Comcast Corporation,2721916.0,1818596580.0,"Comcast Corporation, Q4 2022 Earnings Call, Jan 26, 2023",2023-01-26,515,1,0.0019417475728155,2023 Initial GenAI Surge
CMCSA,Comcast Corporation,2788245.0,1830348383.0,"Comcast Corporation, Q1 2023 Earnings Call, Apr 27, 2023",2023-04-27,515,0,0.0,2023 Initial GenAI Surge
CMCSA,Comcast Corporation,3036509.0,1844511948.0,"Comcast Corporation, Q2 2023 Earnings Call, Jul 27, 2023",2023-07-27,488,0,0.0,2023 Initial GenAI Surge
CMCSA,Comcast Corporation,2927085.0,1856113896.0,"Comcast Corporation, Q3 2023 Earnings Call, Oct 26, 2023",2023-10-26,437,0,0.0,2023 Initial GenAI Surge
CMCSA,Comcast Corporation,3003931.0,1865384432.0,"Comcast Corporation, Q4 2023 Earnings Call, Jan 25, 2024",2024-01-25,487,0,0.0,2024–2025 AI Adoption Period
CMCSA,Comcast Corporation,3097066.0,1875122780.0,"Comcast Corporation, Q1 2024 Earnings Call, Apr 25, 2024",2024-04-25,518,1,0.0019305019305019,2024–2025 AI Adoption Period
CMCSA,Comcast Corporation,3192673.0,1884490759.0,"Comcast Corporation, Q2 2024 Earnings Call, Jul 23, 2024",2024-07-23,494,1,0.0020242914979757,2024–2025 AI Adoption Period
CMCSA,Comcast Corporation,3295000.0,1898031715.0,"Comcast Corporation, Q3 2024 Earnings Call, Oct 31, 2024",2024-10-31,488,1,0.0020491803278688,2024–2025 AI Adoption Period
CMCSA,Comcast Corporation,3365275.0,1913478865.0,"Comcast Corporation, Q4 2024 Earnings Call, Jan 30, 2025",2025-01-30,443,2,0.0045146726862302,2024–2025 AI Adoption Period
CMCSA,Comcast Corporation,3424042.0,1934895208.0,"Comcast Corporation, Q1 2025 Earnings Call, Apr 24, 2025",2025-04-24,409,0,0.0,2024–2025 AI Adoption Period
CMCSA,Comcast Corporation,3509930.0,1948561113.0,"Comcast Corporation, Q2 2025 Earnings Call, Jul 31, 2025",2025-07-31,458,3,0.0065502183406113,2024–2025 AI Adoption Period
CMCSA,Comcast Corporation,3576447.0,1960883477.0,"Comcast Corporation, Q3 2025 Earnings Call, Oct 30, 2025",2025-10-30,407,4,0.0098280098280098,2024–2025 AI Adoption Period
FIX,"Comfort Systems USA, Inc.",2225681.0,704959443.0,"Comfort Systems USA, Inc., Q4 2020 Earnings Call, Feb 26, 2021",2021-02-26,339,0,0.0,2021–2022 Pre-ChatGPT Transition
FIX,"Comfort Systems USA, Inc.",2264519.0,712144414.0,"Comfort Systems USA, Inc., Q1 2021 Earnings Call, Apr 29, 2021",2021-04-29,335,0,0.0,2021–2022 Pre-ChatGPT Transition
FIX,"Comfort Systems USA, Inc.",2356047.0,1674875309.0,"Comfort Systems USA, Inc., Q2 2021 Earnings Call, Jul 29, 2021",2021-07-29,316,0,0.0,2021–2022 Pre-ChatGPT Transition
FIX,"Comfort Systems USA, Inc.",2416078.0,1685814103.0,"Comfort Systems USA, Inc., Q3 2021 Earnings Call, Oct 28, 2021",2021-10-28,307,0,0.0,2021–2022 Pre-ChatGPT Transition
FIX,"Comfort Systems USA, Inc.",2532523.0,1771820316.0,"Comfort Systems USA, Inc., Q4 2021 Earnings Call, Feb 24, 2022",2022-02-24,377,0,0.0,2021–2022 Pre-ChatGPT Transition
FIX,"Comfort Systems USA, Inc.",2546666.0,1780043927.0,"Comfort Systems USA, Inc., Q1 2022 Earnings Call, Apr 28, 2022",2022-04-28,323,0,0.0,2021–2022 Pre-ChatGPT Transition
FIX,"Comfort Systems USA, Inc.",2607987.0,1792765200.0,"Comfort Systems USA, Inc., Q2 2022 Earnings Call, Jul 28, 2022",2022-07-28,367,0,0.0,2021–2022 Pre-ChatGPT Transition
FIX,"Comfort Systems USA, Inc.",2700051.0,1805595395.0,"Comfort Systems USA, Inc., Q3 2022 Earnings Call, Oct 27, 2022",2022-10-27,314,0,0.0,2021–2022 Pre-ChatGPT Transition
FIX,"Comfort Systems USA, Inc.",2749851.0,1826301011.0,"Comfort Systems USA, Inc., Q4 2022 Earnings Call, Feb 23, 2023",2023-02-23,361,1,0.002770083102493,2023 Initial GenAI Surge
FIX,"Comfort Systems USA, Inc.",2789165.0,1834530196.0,"Comfort Systems USA, Inc., Q1 2023 Earnings Call, Apr 27, 2023",2023-04-27,320,0,0.0,2023 Initial GenAI Surge
FIX,"Comfort Systems USA, Inc.",2862108.0,1848519318.0,"Comfort Systems USA, Inc., Q2 2023 Earnings Call, Jul 27, 2023",2023-07-27,347,1,0.0028818443804034,2023 Initial GenAI Surge
FIX,"Comfort Systems USA, Inc.",3019725.0,1859501905.0,"Comfort Systems USA, Inc., Q3 2023 Earnings Call, Oct 27, 2023",2023-10-27,367,3,0.0081743869209809,2023 Initial GenAI Surge
FIX,"Comfort Systems USA, Inc.",3036028.0,1871846505.0,"Comfort Systems USA, Inc., Q4 2023 Earnings Call, Feb 23, 2024",2024-02-23,409,2,0.0048899755501222,2024–2025 AI Adoption Period
FIX,"Comfort Systems USA, Inc.",3283261.0,1878623758.0,"Comfort Systems USA, Inc., Q1 2024 Earnings Call, Apr 26, 2024",2024-04-26,389,0,0.0,2024–2025 AI Adoption Period
FIX,"Comfort Systems USA, Inc.",3229318.0,1888432460.0,"Comfort Systems USA, Inc., Q2 2024 Earnings Call, Jul 26, 2024",2024-07-26,254,5,0.0196850393700787,2024–2025 AI Adoption Period
FIX,"Comfort Systems USA, Inc.",3289536.0,1901170434.0,"Comfort Systems USA, Inc., Q3 2024 Earnings Call, Oct 25, 2024",2024-10-25,381,2,0.0052493438320209,2024–2025 AI Adoption Period
FIX,"Comfort Systems USA, Inc.",3381551.0,1931295007.0,"Comfort Systems USA, Inc., Q4 2024 Earnings Call, Feb 21, 2025",2025-02-21,500,8,0.016,2024–2025 AI Adoption Period
FIX,"Comfort Systems USA, Inc.",3425801.0,1940218560.0,"Comfort Systems USA, Inc., Q1 2025 Earnings Call, Apr 25, 2025",2025-04-25,392,0,0.0,2024–2025 AI Adoption Period
FIX,"Comfort Systems USA, Inc.",3504630.0,1953865428.0,"Comfort Systems USA, Inc., Q2 2025 Earnings Call, Jul 25, 2025",2025-07-25,373,1,0.002680965147453,2024–2025 AI Adoption Period
FIX,"Comfort Systems USA, Inc.",3566209.0,1966585565.0,"Comfort Systems USA, Inc., Q3 2025 Earnings Call, Oct 24, 2025",2025-10-24,406,1,0.0024630541871921,2024–2025 AI Adoption Period
CAG,"Conagra Brands, Inc.",2227632.0,696568366.0,"Conagra Brands, Inc., Q2 2021 Earnings Call, Jan 07, 2021",2021-01-07,521,0,0.0,2021–2022 Pre-ChatGPT Transition
CAG,"Conagra Brands, Inc.",2248674.0,707884892.0,"Conagra Brands, Inc., Q3 2021 Earnings Call, Apr 08, 2021",2021-04-08,489,0,0.0,2021–2022 Pre-ChatGPT Transition
CAG,"Conagra Brands, Inc.",2344038.0,717840758.0,"Conagra Brands, Inc., Q4 2021 Earnings Call, Jul 13, 2021",2021-07-13,501,0,0.0,2021–2022 Pre-ChatGPT Transition
CAG,"Conagra Brands, Inc.",2404859.0,1680703574.0,"Conagra Brands, Inc., Q1 2022 Earnings Call, Oct 07, 2021",2021-10-07,463,0,0.0,2021–2022 Pre-ChatGPT Transition
CAG,"Conagra Brands, Inc.",2468205.0,1760754528.0,"Conagra Brands, Inc., Q2 2022 Earnings Call, Jan 06, 2022",2022-01-06,527,0,0.0,2021–2022 Pre-ChatGPT Transition
CAG,"Conagra Brands, Inc.",2539547.0,1774016111.0,"Conagra Brands, Inc., Q3 2022 Earnings Call, Apr 07, 2022",2022-04-07,495,0,0.0,2021–2022 Pre-ChatGPT Transition
CAG,"Conagra Brands, Inc.",2599461.0,1786383341.0,"Conagra Brands, Inc., Q4 2022 Earnings Call, Jul 14, 2022",2022-07-14,477,0,0.0,2021–2022 Pre-ChatGPT Transition
CAG,"Conagra Brands, Inc.",2692895.0,1799698409.0,"Conagra Brands, Inc., Q1 2023 Earnings Call, Oct 06, 2022",2022-10-06,519,0,0.0,2021–2022 Pre-ChatGPT Transition
CAG,"Conagra Brands, Inc.",2988263.0,1817441891.0,"Conagra Brands, Inc., Q2 2023 Earnings Call, Jan 05, 2023",2023-01-05,551,0,0.0,2023 Initial GenAI Surge
CAG,"Conagra Brands, Inc.",2778043.0,1827511394.0,"Conagra Brands, Inc., Q3 2023 Earnings Call, Apr 05, 2023",2023-04-05,502,0,0.0,2023 Initial GenAI Surge
CAG,"Conagra Brands, Inc.",2850614.0,1841627946.0,"Conagra Brands, Inc., Q4 2023 Earnings Call, Jul 13, 2023",2023-07-13,473,0,0.0,2023 Initial GenAI Surge
CAG,"Conagra Brands, Inc.",2914586.0,1854770254.0,"Conagra Brands, Inc., Q1 2024 Earnings Call, Oct 05, 2023",2023-10-05,433,0,0.0,2023 Initial GenAI Surge
CAG,"Conagra Brands, Inc.",2989656.0,1863597893.0,"Conagra Brands, Inc., Q2 2024 Earnings Call, Jan 04, 2024",2024-01-04,439,0,0.0,2024–2025 AI Adoption Period
CAG,"Conagra Brands, Inc.",3079384.0,1873609509.0,"Conagra Brands, Inc., Q3 2024 Earnings Call, Apr 04, 2024",2024-04-04,284,0,0.0,2024–2025 AI Adoption Period
CAG,"Conagra Brands, Inc.",3185002.0,1884464025.0,"Conagra Brands, Inc., Q4 2024 Earnings Call, Jul 11, 2024",2024-07-11,407,0,0.0,2024–2025 AI Adoption Period
CAG,"Conagra Brands, Inc.",3276283.0,1893363962.0,"Conagra Brands, Inc., Q1 2025 Earnings Call, Oct 02, 2024",2024-10-02,340,0,0.0,2024–2025 AI Adoption Period
CAG,"Conagra Brands, Inc.",3351790.0,1904440930.0,"Conagra Brands, Inc., Q2 2025 Earnings Call, Dec 19, 2024",2024-12-19,229,0,0.0,2024–2025 AI Adoption Period
CAG,"Conagra Brands, Inc.",3413231.0,1933500594.0,"Conagra Brands, Inc., Q3 2025 Earnings Call, Apr 03, 2025",2025-04-03,355,0,0.0,2024–2025 AI Adoption Period
CAG,"Conagra Brands, Inc.",3496076.0,1947525957.0,"Conagra Brands, Inc., Q4 2025 Earnings Call, Jul 10, 2025",2025-07-10,330,1,0.003030303030303,2024–2025 AI Adoption Period
CAG,"Conagra Brands, Inc.",3555514.0,1959051721.0,"Conagra Brands, Inc., Q1 2026 Earnings Call, Oct 01, 2025",2025-10-01,356,1,0.0028089887640449,2024–2025 AI Adoption Period
CAG,"Conagra Brands, Inc.",3623315.0,1970998759.0,"Conagra Brands, Inc., Q2 2026 Earnings Call, Dec 19, 2025",2025-12-19,373,1,0.002680965147453,2024–2025 AI Adoption Period
COP,ConocoPhillips,2188615.0,698634785.0,"ConocoPhillips, Q4 2020 Earnings Call, Feb 02, 2021",2021-02-02,552,0,0.0,2021–2022 Pre-ChatGPT Transition
COP,ConocoPhillips,2268921.0,709831945.0,"ConocoPhillips, Q1 2021 Earnings Call, May 04, 2021",2021-05-04,534,0,0.0,2021–2022 Pre-ChatGPT Transition
COP,ConocoPhillips,2360877.0,1672666773.0,"ConocoPhillips, Q2 2021 Earnings Call, Aug 03, 2021",2021-08-03,375,0,0.0,2021–2022 Pre-ChatGPT Transition
COP,ConocoPhillips,2421602.0,1682643212.0,"ConocoPhillips, Q3 2021 Earnings Call, Nov 02, 2021",2021-11-02,505,0,0.0,2021–2022 Pre-ChatGPT Transition
COP,ConocoPhillips,3001990.0,1761708212.0,"ConocoPhillips, Q4 2021 Earnings Call, Feb 03, 2022",2022-02-03,484,0,0.0,2021–2022 Pre-ChatGPT Transition
COP,ConocoPhillips,2554923.0,1775553993.0,"ConocoPhillips, Q1 2022 Earnings Call, May 05, 2022",2022-05-05,338,0,0.0,2021–2022 Pre-ChatGPT Transition
COP,ConocoPhillips,2616687.0,1787868000.0,"ConocoPhillips, Q2 2022 Earnings Call, Aug 04, 2022",2022-08-04,509,0,0.0,2021–2022 Pre-ChatGPT Transition
COP,ConocoPhillips,2674939.0,1801449076.0,"ConocoPhillips, Q3 2022 Earnings Call, Nov 03, 2022",2022-11-03,502,0,0.0,2021–2022 Pre-ChatGPT Transition
COP,ConocoPhillips,2728039.0,1819182738.0,"ConocoPhillips, Q4 2022 Earnings Call, Feb 02, 2023",2023-02-02,495,0,0.0,2023 Initial GenAI Surge
COP,ConocoPhillips,2796682.0,1830468931.0,"ConocoPhillips, Q1 2023 Earnings Call, May 04, 2023",2023-05-04,321,0,0.0,2023 Initial GenAI Surge
COP,ConocoPhillips,2869176.0,1845086159.0,"ConocoPhillips, Q2 2023 Earnings Call, Aug 03, 2023",2023-08-03,552,0,0.0,2023 Initial GenAI Surge
COP,ConocoPhillips,3028330.0,1856316554.0,"ConocoPhillips, Q3 2023 Earnings Call, Nov 02, 2023",2023-11-02,426,0,0.0,2023 Initial GenAI Surge
COP,ConocoPhillips,3016810.0,1865374721.0,"ConocoPhillips, Q4 2023 Earnings Call, Feb 08, 2024",2024-02-08,396,0,0.0,2024–2025 AI Adoption Period
COP,ConocoPhillips,3107290.0,1875381181.0,"ConocoPhillips, Q1 2024 Earnings Call, May 02, 2024",2024-05-02,360,8,0.0222222222222222,2024–2025 AI Adoption Period
COP,ConocoPhillips,3208802.0,1885286252.0,"ConocoPhillips, Q2 2024 Earnings Call, Aug 01, 2024",2024-08-01,494,1,0.0020242914979757,2024–2025 AI Adoption Period
COP,ConocoPhillips,3295406.0,1898045166.0,"ConocoPhillips, Q3 2024 Earnings Call, Oct 31, 2024",2024-10-31,485,0,0.0,2024–2025 AI Adoption Period
COP,ConocoPhillips,3367899.0,1915338471.0,"ConocoPhillips, Q4 2024 Earnings Call, Feb 06, 2025",2025-02-06,500,0,0.0,2024–2025 AI Adoption Period
COP,ConocoPhillips,3471863.0,1936593745.0,"ConocoPhillips, Q1 2025 Earnings Call, May 08, 2025",2025-05-08,417,0,0.0,2024–2025 AI Adoption Period
COP,ConocoPhillips,3626111.0,1950711849.0,"ConocoPhillips, Q2 2025 Earnings Call, Aug 07, 2025",2025-08-07,442,0,0.0,2024–2025 AI Adoption Period
COP,ConocoPhillips,3605086.0,1961973019.0,"ConocoPhillips, Q3 2025 Earnings Call, Nov 06, 2025",2025-11-06,491,0,0.0,2024–2025 AI Adoption Period
CPRT,"Copart, Inc.",2266438.0,704089259.0,"Copart, Inc., Q2 2021 Earnings Call, Feb 19, 2021",2021-02-19,423,0,0.0,2021–2022 Pre-ChatGPT Transition
CPRT,"Copart, Inc.",2294137.0,714647002.0,"Copart, Inc., Q3 2021 Earnings Call, May 20, 2021",2021-05-20,483,1,0.0020703933747412,2021–2022 Pre-ChatGPT Transition
CPRT,"Copart, Inc.",2393367.0,1679979701.0,"Copart, Inc., Q4 2021 Earnings Call, Sep 09, 2021",2021-09-09,443,0,0.0,2021–2022 Pre-ChatGPT Transition
CPRT,"Copart, Inc.",2444324.0,1758102541.0,"Copart, Inc., Q1 2022 Earnings Call, Nov 18, 2021",2021-11-18,441,0,0.0,2021–2022 Pre-ChatGPT Transition
CPRT,"Copart, Inc.",2497765.0,1770583025.0,"Copart, Inc., Q2 2022 Earnings Call, Feb 17, 2022",2022-02-17,360,0,0.0,2021–2022 Pre-ChatGPT Transition
CPRT,"Copart, Inc.",2574393.0,1782815625.0,"Copart, Inc., Q3 2022 Earnings Call, May 19, 2022",2022-05-19,367,0,0.0,2021–2022 Pre-ChatGPT Transition
CPRT,"Copart, Inc.",3385087.0,1798825969.0,"Copart, Inc., Q4 2022 Earnings Call, Sep 08, 2022",2022-09-08,377,0,0.0,2021–2022 Pre-ChatGPT Transition
CPRT,"Copart, Inc.",2692591.0,1814657423.0,"Copart, Inc., Q1 2023 Earnings Call, Nov 17, 2022",2022-11-17,284,0,0.0,2021–2022 Pre-ChatGPT Transition
CPRT,"Copart, Inc.",2746315.0,1825661852.0,"Copart, Inc., Q2 2023 Earnings Call, Feb 21, 2023",2023-02-21,295,3,0.0101694915254237,2023 Initial GenAI Surge
CPRT,"Copart, Inc.",2811524.0,1837543831.0,"Copart, Inc., Q3 2023 Earnings Call, May 17, 2023",2023-05-17,344,1,0.002906976744186,2023 Initial GenAI Surge
CPRT,"Copart, Inc.",2908593.0,1854914682.0,"Copart, Inc., Q4 2023 Earnings Call, Sep 14, 2023",2023-09-14,383,3,0.0078328981723237,2023 Initial GenAI Surge
CPRT,"Copart, Inc.",3062594.0,1861690699.0,"Copart, Inc., Q1 2024 Earnings Call, Nov 16, 2023",2023-11-16,410,0,0.0,2023 Initial GenAI Surge
CPRT,"Copart, Inc.",3072259.0,1871626766.0,"Copart, Inc., Q2 2024 Earnings Call, Feb 22, 2024",2024-02-22,276,0,0.0,2024–2025 AI Adoption Period
CPRT,"Copart, Inc.",3279343.0,1880499963.0,"Copart, Inc., Q3 2024 Earnings Call, May 16, 2024",2024-05-16,320,3,0.009375,2024–2025 AI Adoption Period
CPRT,"Copart, Inc.",3259248.0,1892571882.0,"Copart, Inc., Q4 2024 Earnings Call, Sep 04, 2024",2024-09-04,337,1,0.0029673590504451,2024–2025 AI Adoption Period
CPRT,"Copart, Inc.",3317167.0,1903779629.0,"Copart, Inc., Q1 2025 Earnings Call, Nov 21, 2024",2024-11-21,300,0,0.0,2024–2025 AI Adoption Period
CPRT,"Copart, Inc.",3380022.0,1931024722.0,"Copart, Inc., Q2 2025 Earnings Call, Feb 20, 2025",2025-02-20,309,1,0.0032362459546925,2024–2025 AI Adoption Period
CPRT,"Copart, Inc.",3466003.0,1943198409.0,"Copart, Inc., Q3 2025 Earnings Call, May 22, 2025",2025-05-22,294,1,0.0034013605442176,2024–2025 AI Adoption Period
CPRT,"Copart, Inc.",3542770.0,1958401962.0,"Copart, Inc., Q4 2025 Earnings Call, Sep 04, 2025",2025-09-04,387,7,0.0180878552971576,2024–2025 AI Adoption Period
CPRT,"Copart, Inc.",3600621.0,1970006758.0,"Copart, Inc., Q1 2026 Earnings Call, Nov 20, 2025",2025-11-20,381,0,0.0,2024–2025 AI Adoption Period
GLW,Corning Incorporated,2252550.0,699741068.0,"Corning Incorporated, 2020 Earnings Call, Jan 27, 2021",2021-01-27,512,0,0.0,2021–2022 Pre-ChatGPT Transition
GLW,Corning Incorporated,2259108.0,709779576.0,"Corning Incorporated, Q1 2021 Earnings Call, Apr 27, 2021",2021-04-27,485,0,0.0,2021–2022 Pre-ChatGPT Transition
GLW,Corning Incorporated,2386098.0,1672695586.0,"Corning Incorporated, Q2 2021 Earnings Call, Jul 27, 2021",2021-07-27,476,0,0.0,2021–2022 Pre-ChatGPT Transition
GLW,Corning Incorporated,2412761.0,1683151232.0,"Corning Incorporated, Q3 2021 Earnings Call, Oct 26, 2021",2021-10-26,509,0,0.0,2021–2022 Pre-ChatGPT Transition
GLW,Corning Incorporated,2477660.0,1762868195.0,"Corning Incorporated, Q4 2021 Earnings Call, Jan 26, 2022",2022-01-26,515,0,0.0,2021–2022 Pre-ChatGPT Transition
GLW,Corning Incorporated,2548743.0,1776626357.0,"Corning Incorporated, Q1 2022 Earnings Call, Apr 26, 2022",2022-04-26,501,0,0.0,2021–2022 Pre-ChatGPT Transition
GLW,Corning Incorporated,2604395.0,1788982725.0,"Corning Incorporated, Q2 2022 Earnings Call, Jul 26, 2022",2022-07-26,504,0,0.0,2021–2022 Pre-ChatGPT Transition
GLW,Corning Incorporated,2662243.0,1802064341.0,"Corning Incorporated, Q3 2022 Earnings Call, Oct 25, 2022",2022-10-25,412,0,0.0,2021–2022 Pre-ChatGPT Transition
GLW,Corning Incorporated,2725782.0,1819291530.0,"Corning Incorporated, Q4 2022 Earnings Call, Jan 31, 2023",2023-01-31,422,0,0.0,2023 Initial GenAI Surge
GLW,Corning Incorporated,2790203.0,1830886725.0,"Corning Incorporated, Q1 2023 Earnings Call, Apr 25, 2023",2023-04-25,452,1,0.0022123893805309,2023 Initial GenAI Surge
GLW,Corning Incorporated,2857930.0,1845988502.0,"Corning Incorporated, Q2 2023 Earnings Call, Jul 25, 2023",2023-07-25,482,9,0.0186721991701244,2023 Initial GenAI Surge
GLW,Corning Incorporated,3350882.0,1856920634.0,"Corning Incorporated, Q3 2023 Earnings Call, Oct 24, 2023",2023-10-24,428,4,0.0093457943925233,2023 Initial GenAI Surge
GLW,Corning Incorporated,3006892.0,1865313458.0,"Corning Incorporated, Q4 2023 Earnings Call, Jan 30, 2024",2024-01-30,444,6,0.0135135135135135,2024–2025 AI Adoption Period
GLW,Corning Incorporated,3102570.0,1875607277.0,"Corning Incorporated, Q1 2024 Earnings Call, Apr 30, 2024",2024-04-30,462,6,0.0129870129870129,2024–2025 AI Adoption Period
GLW,Corning Incorporated,3203884.0,1885499817.0,"Corning Incorporated, Q2 2024 Earnings Call, Jul 30, 2024",2024-07-30,440,25,0.0568181818181818,2024–2025 AI Adoption Period
GLW,Corning Incorporated,3292124.0,1899122653.0,"Corning Incorporated, Q3 2024 Earnings Call, Oct 29, 2024",2024-10-29,375,13,0.0346666666666666,2024–2025 AI Adoption Period
GLW,Corning Incorporated,3361458.0,1913652835.0,"Corning Incorporated, Q4 2024 Earnings Call, Jan 29, 2025",2025-01-29,462,12,0.0259740259740259,2024–2025 AI Adoption Period
GLW,Corning Incorporated,3427937.0,1936451152.0,"Corning Incorporated, Q1 2025 Earnings Call, Apr 29, 2025",2025-04-29,446,11,0.0246636771300448,2024–2025 AI Adoption Period
GLW,Corning Incorporated,3556223.0,1949801208.0,"Corning Incorporated, Q2 2025 Earnings Call, Jul 29, 2025",2025-07-29,504,14,0.0277777777777777,2024–2025 AI Adoption Period
GLW,Corning Incorporated,3586816.0,1961576401.0,"Corning Incorporated, Q3 2025 Earnings Call, Oct 28, 2025",2025-10-28,459,24,0.0522875816993464,2024–2025 AI Adoption Period
CTVA,"Corteva, Inc.",2242107.0,674844125.0,"Corteva, Inc., Q4 2020 Earnings Call, Feb 04, 2021",2021-02-04,450,0,0.0,2021–2022 Pre-ChatGPT Transition
CTVA,"Corteva, Inc.",2270586.0,709683937.0,"Corteva, Inc., Q1 2021 Earnings Call, May 05, 2021",2021-05-05,493,0,0.0,2021–2022 Pre-ChatGPT Transition
CTVA,"Corteva, Inc.",2367364.0,1671532543.0,"Corteva, Inc., Q2 2021 Earnings Call, Aug 06, 2021",2021-08-06,530,0,0.0,2021–2022 Pre-ChatGPT Transition
CTVA,"Corteva, Inc.",2455768.0,1681562649.0,"Corteva, Inc., Q3 2021 Earnings Call, Nov 04, 2021",2021-11-04,484,0,0.0,2021–2022 Pre-ChatGPT Transition
CTVA,"Corteva, Inc.",2489390.0,1762151240.0,"Corteva, Inc., Q4 2021 Earnings Call, Feb 03, 2022",2022-02-03,567,0,0.0,2021–2022 Pre-ChatGPT Transition
CTVA,"Corteva, Inc.",2554742.0,1776966373.0,"Corteva, Inc., Q1 2022 Earnings Call, May 05, 2022",2022-05-05,500,0,0.0,2021–2022 Pre-ChatGPT Transition
CTVA,"Corteva, Inc.",2620659.0,1789735661.0,"Corteva, Inc., Q2 2022 Earnings Call, Aug 05, 2022",2022-08-05,493,0,0.0,2021–2022 Pre-ChatGPT Transition
CTVA,"Corteva, Inc.",2675837.0,1802946782.0,"Corteva, Inc., Q3 2022 Earnings Call, Nov 04, 2022",2022-11-04,505,1,0.0019801980198019,2021–2022 Pre-ChatGPT Transition
CTVA,"Corteva, Inc.",2727367.0,1820588751.0,"Corteva, Inc., Q4 2022 Earnings Call, Feb 02, 2023",2023-02-02,490,3,0.0061224489795918,2023 Initial GenAI Surge
CTVA,"Corteva, Inc.",2794722.0,1831655487.0,"Corteva, Inc., Q1 2023 Earnings Call, May 04, 2023",2023-05-04,486,1,0.0020576131687242,2023 Initial GenAI Surge
CTVA,"Corteva, Inc.",2870936.0,1846233737.0,"Corteva, Inc., Q2 2023 Earnings Call, Aug 04, 2023",2023-08-04,460,0,0.0,2023 Initial GenAI Surge
CTVA,"Corteva, Inc.",2944613.0,1856204477.0,"Corteva, Inc., Q3 2023 Earnings Call, Nov 09, 2023",2023-11-09,539,0,0.0,2023 Initial GenAI Surge
CTVA,"Corteva, Inc.",3009726.0,1865367127.0,"Corteva, Inc., Q4 2023 Earnings Call, Feb 01, 2024",2024-02-01,430,0,0.0,2024–2025 AI Adoption Period
CTVA,"Corteva, Inc.",3106947.0,1874613309.0,"Corteva, Inc., Q1 2024 Earnings Call, May 02, 2024",2024-05-02,463,0,0.0,2024–2025 AI Adoption Period
CTVA,"Corteva, Inc.",3208589.0,1885649305.0,"Corteva, Inc., Q2 2024 Earnings Call, Aug 01, 2024",2024-08-01,511,0,0.0,2024–2025 AI Adoption Period
CTVA,"Corteva, Inc.",3302582.0,1891462849.0,"Corteva, Inc., Q3 2024 Earnings Call, Nov 07, 2024",2024-11-07,548,0,0.0,2024–2025 AI Adoption Period
CTVA,"Corteva, Inc.",3367438.0,1912168720.0,"Corteva, Inc., Q4 2024 Earnings Call, Feb 06, 2025",2025-02-06,504,0,0.0,2024–2025 AI Adoption Period
CTVA,"Corteva, Inc.",3446862.0,1936302439.0,"Corteva, Inc., Q1 2025 Earnings Call, May 08, 2025",2025-05-08,561,0,0.0,2024–2025 AI Adoption Period
CTVA,"Corteva, Inc.",3542522.0,1945137695.0,"Corteva, Inc., Q2 2025 Earnings Call, Aug 07, 2025",2025-08-07,565,0,0.0,2024–2025 AI Adoption Period
CTVA,"Corteva, Inc.",3595178.0,1962908530.0,"Corteva, Inc., Q3 2025 Earnings Call, Nov 05, 2025",2025-11-05,509,3,0.005893909626719,2024–2025 AI Adoption Period
CSGP,"CoStar Group, Inc.",2288771.0,666871980.0,"CoStar Group, Inc., Q4 2020 Earnings Call, Feb 23, 2021",2021-02-23,624,0,0.0,2021–2022 Pre-ChatGPT Transition
CSGP,"CoStar Group, Inc.",2260061.0,707540484.0,"CoStar Group, Inc., Q1 2021 Earnings Call, Apr 27, 2021",2021-04-27,583,0,0.0,2021–2022 Pre-ChatGPT Transition
CSGP,"CoStar Group, Inc.",2389389.0,1671568883.0,"CoStar Group, Inc., Q2 2021 Earnings Call, Jul 27, 2021",2021-07-27,596,0,0.0,2021–2022 Pre-ChatGPT Transition
CSGP,"CoStar Group, Inc.",2413599.0,1677732283.0,"CoStar Group, Inc., Q3 2021 Earnings Call, Oct 26, 2021",2021-10-26,588,0,0.0,2021–2022 Pre-ChatGPT Transition
CSGP,"CoStar Group, Inc.",2575275.0,1686062111.0,"CoStar Group, Inc., Q4 2021 Earnings Call, Feb 22, 2022",2022-02-22,630,0,0.0,2021–2022 Pre-ChatGPT Transition
CSGP,"CoStar Group, Inc.",2633828.0,1772244437.0,"CoStar Group, Inc., Q1 2022 Earnings Call, Apr 26, 2022",2022-04-26,448,0,0.0,2021–2022 Pre-ChatGPT Transition
CSGP,"CoStar Group, Inc.",2604808.0,1786415442.0,"CoStar Group, Inc., Q2 2022 Earnings Call, Jul 26, 2022",2022-07-26,504,0,0.0,2021–2022 Pre-ChatGPT Transition
CSGP,"CoStar Group, Inc.",2663045.0,1793444320.0,"CoStar Group, Inc., Q3 2022 Earnings Call, Oct 25, 2022",2022-10-25,462,0,0.0,2021–2022 Pre-ChatGPT Transition
CSGP,"CoStar Group, Inc.",2746708.0,1805853900.0,"CoStar Group, Inc., Q4 2022 Earnings Call, Feb 21, 2023",2023-02-21,537,0,0.0,2023 Initial GenAI Surge
CSGP,"CoStar Group, Inc.",2785517.0,1826655954.0,"CoStar Group, Inc., Q1 2023 Earnings Call, Apr 25, 2023",2023-04-25,457,2,0.0043763676148796,2023 Initial GenAI Surge
CSGP,"CoStar Group, Inc.",2871449.0,1835282659.0,"CoStar Group, Inc., Q2 2023 Earnings Call, Jul 25, 2023",2023-07-25,458,0,0.0,2023 Initial GenAI Surge
CSGP,"CoStar Group, Inc.",2925234.0,1821864151.0,"CoStar Group, Inc., Q3 2023 Earnings Call, Oct 24, 2023",2023-10-24,516,0,0.0,2023 Initial GenAI Surge
CSGP,"CoStar Group, Inc.",3030468.0,1862578105.0,"CoStar Group, Inc., Q4 2023 Earnings Call, Feb 20, 2024",2024-02-20,563,0,0.0,2024–2025 AI Adoption Period
CSGP,"CoStar Group, Inc.",3093758.0,1875133802.0,"CoStar Group, Inc., Q1 2024 Earnings Call, Apr 23, 2024",2024-04-23,584,4,0.0068493150684931,2024–2025 AI Adoption Period
CSGP,"CoStar Group, Inc.",3193428.0,1886225358.0,"CoStar Group, Inc., Q2 2024 Earnings Call, Jul 23, 2024",2024-07-23,450,0,0.0,2024–2025 AI Adoption Period
CSGP,"CoStar Group, Inc.",3286423.0,1893587688.0,"CoStar Group, Inc., Q3 2024 Earnings Call, Oct 22, 2024",2024-10-22,482,0,0.0,2024–2025 AI Adoption Period
CSGP,"CoStar Group, Inc.",3377044.0,1929536869.0,"CoStar Group, Inc., Q4 2024 Earnings Call, Feb 18, 2025",2025-02-18,479,0,0.0,2024–2025 AI Adoption Period
CSGP,"CoStar Group, Inc.",3428823.0,1937155536.0,"CoStar Group, Inc., Q1 2025 Earnings Call, Apr 29, 2025",2025-04-29,509,0,0.0,2024–2025 AI Adoption Period
CSGP,"CoStar Group, Inc.",3513715.0,1951630552.0,"CoStar Group, Inc., Q2 2025 Earnings Call, Jul 22, 2025",2025-07-22,487,2,0.0041067761806981,2024–2025 AI Adoption Period
CSGP,"CoStar Group, Inc.",3571830.0,1962924778.0,"CoStar Group, Inc., Q3 2025 Earnings Call, Oct 28, 2025",2025-10-28,499,25,0.0501002004008016,2024–2025 AI Adoption Period
COST,Costco Wholesale Corporation,2231284.0,697770696.0,"Costco Wholesale Corporation, Q2 2021 Earnings Call, Mar 04, 2021",2021-03-04,591,0,0.0,2021–2022 Pre-ChatGPT Transition
COST,Costco Wholesale Corporation,2303344.0,706513172.0,"Costco Wholesale Corporation, Q3 2021 Earnings Call, May 27, 2021",2021-05-27,630,0,0.0,2021–2022 Pre-ChatGPT Transition
COST,Costco Wholesale Corporation,3079095.0,716586696.0,"Costco Wholesale Corporation, Q4 2021 Earnings Call, Sep 23, 2021",2021-09-23,530,0,0.0,2021–2022 Pre-ChatGPT Transition
COST,Costco Wholesale Corporation,2459591.0,1682822394.0,"Costco Wholesale Corporation, Q1 2022 Earnings Call, Dec 09, 2021",2021-12-09,632,0,0.0,2021–2022 Pre-ChatGPT Transition
COST,Costco Wholesale Corporation,2516452.0,1761196966.0,"Costco Wholesale Corporation, Q2 2022 Earnings Call, Mar 03, 2022",2022-03-03,596,0,0.0,2021–2022 Pre-ChatGPT Transition
COST,Costco Wholesale Corporation,2580172.0,1769696244.0,"Costco Wholesale Corporation, Q3 2022 Earnings Call, May 26, 2022",2022-05-26,560,0,0.0,2021–2022 Pre-ChatGPT Transition
COST,Costco Wholesale Corporation,3127853.0,1784778842.0,"Costco Wholesale Corporation, Q4 2022 Earnings Call, Sep 22, 2022",2022-09-22,600,0,0.0,2021–2022 Pre-ChatGPT Transition
COST,Costco Wholesale Corporation,2707687.0,1815489182.0,"Costco Wholesale Corporation, Q1 2023 Earnings Call, Dec 08, 2022",2022-12-08,572,0,0.0,2023 Initial GenAI Surge
COST,Costco Wholesale Corporation,2756815.0,1818474544.0,"Costco Wholesale Corporation, Q2 2023 Earnings Call, Mar 02, 2023",2023-03-02,543,0,0.0,2023 Initial GenAI Surge
COST,Costco Wholesale Corporation,2821820.0,1829152126.0,"Costco Wholesale Corporation, Q3 2023 Earnings Call, May 25, 2023",2023-05-25,560,0,0.0,2023 Initial GenAI Surge
COST,Costco Wholesale Corporation,2912445.0,1841662019.0,"Costco Wholesale Corporation, Q4 2023 Earnings Call, Sep 26, 2023",2023-09-26,563,0,0.0,2023 Initial GenAI Surge
COST,Costco Wholesale Corporation,2982315.0,1857155918.0,"Costco Wholesale Corporation, Q1 2024 Earnings Call, Dec 14, 2023",2023-12-14,538,0,0.0,2023 Initial GenAI Surge
COST,Costco Wholesale Corporation,3055690.0,1865318326.0,"Costco Wholesale Corporation, Q2 2024 Earnings Call, Mar 07, 2024",2024-03-07,631,3,0.0047543581616481,2024–2025 AI Adoption Period
COST,Costco Wholesale Corporation,3283956.0,1874456257.0,"Costco Wholesale Corporation, Q3 2024 Earnings Call, May 30, 2024",2024-05-30,583,0,0.0,2024–2025 AI Adoption Period
COST,Costco Wholesale Corporation,3275067.0,1883235831.0,"Costco Wholesale Corporation, Q4 2024 Earnings Call, Sep 26, 2024",2024-09-26,540,0,0.0,2024–2025 AI Adoption Period
COST,Costco Wholesale Corporation,3341007.0,1899197728.0,"Costco Wholesale Corporation, Q1 2025 Earnings Call, Dec 12, 2024",2024-12-12,550,0,0.0,2024–2025 AI Adoption Period
COST,Costco Wholesale Corporation,3394938.0,1913904495.0,"Costco Wholesale Corporation, Q2 2025 Earnings Call, Mar 06, 2025",2025-03-06,544,0,0.0,2024–2025 AI Adoption Period
COST,Costco Wholesale Corporation,3483859.0,1935050893.0,"Costco Wholesale Corporation, Q3 2025 Earnings Call, May 29, 2025",2025-05-29,479,0,0.0,2024–2025 AI Adoption Period
COST,Costco Wholesale Corporation,3554839.0,1945642203.0,"Costco Wholesale Corporation, Q4 2025 Earnings Call, Sep 25, 2025",2025-09-25,513,0,0.0,2024–2025 AI Adoption Period
COST,Costco Wholesale Corporation,3620894.0,1962516988.0,"Costco Wholesale Corporation, Q1 2026 Earnings Call, Dec 11, 2025",2025-12-11,520,8,0.0153846153846153,2024–2025 AI Adoption Period
CL,Cresco Labs Inc.,2242425.0,706441585.0,"Cresco Labs Inc., Q4 2020 Earnings Call, Mar 25, 2021",2021-03-25,671,0,0.0,2021–2022 Pre-ChatGPT Transition
CL,Cresco Labs Inc.,2302716.0,713589986.0,"Cresco Labs Inc., Q1 2021 Earnings Call, May 27, 2021",2021-05-27,571,0,0.0,2021–2022 Pre-ChatGPT Transition
CL,Cresco Labs Inc.,2377900.0,1673499499.0,"Cresco Labs Inc., Q2 2021 Earnings Call, Aug 13, 2021",2021-08-13,491,0,0.0,2021–2022 Pre-ChatGPT Transition
CL,Cresco Labs Inc.,2437638.0,1683524294.0,"Cresco Labs Inc., Q3 2021 Earnings Call, Nov 11, 2021",2021-11-11,397,0,0.0,2021–2022 Pre-ChatGPT Transition
CL,Cresco Labs Inc.,2529521.0,1773621301.0,"Cresco Labs Inc., Q4 2021 Earnings Call, Mar 23, 2022",2022-03-23,473,0,0.0,2021–2022 Pre-ChatGPT Transition
CL,Cresco Labs Inc.,2573824.0,1781836300.0,"Cresco Labs Inc., Q1 2022 Earnings Call, May 18, 2022",2022-05-18,517,0,0.0,2021–2022 Pre-ChatGPT Transition
CL,Cresco Labs Inc.,2633708.0,1793872034.0,"Cresco Labs Inc., Q2 2022 Earnings Call, Aug 17, 2022",2022-08-17,479,0,0.0,2021–2022 Pre-ChatGPT Transition
CL,Cresco Labs Inc.,3351558.0,1806246512.0,"Cresco Labs Inc., Q3 2022 Earnings Call, Nov 15, 2022",2022-11-15,348,0,0.0,2021–2022 Pre-ChatGPT Transition
CL,Cresco Labs Inc.,2767744.0,1827511805.0,"Cresco Labs Inc., Q4 2022 Earnings Call, Mar 16, 2023",2023-03-16,317,0,0.0,2023 Initial GenAI Surge
CL,Cresco Labs Inc.,2820337.0,1837606099.0,"Cresco Labs Inc., Q1 2023 Earnings Call, May 24, 2023",2023-05-24,369,0,0.0,2023 Initial GenAI Surge
CL,Cresco Labs Inc.,2886738.0,1849801428.0,"Cresco Labs Inc., Q2 2023 Earnings Call, Aug 16, 2023",2023-08-16,478,0,0.0,2023 Initial GenAI Surge
CL,Cresco Labs Inc.,2966319.0,1860572060.0,"Cresco Labs Inc., Q3 2023 Earnings Call, Nov 15, 2023",2023-11-15,340,0,0.0,2023 Initial GenAI Surge
CL,Cresco Labs Inc.,3060802.0,1872794335.0,"Cresco Labs Inc., Q4 2023 Earnings Call, Mar 13, 2024",2024-03-13,287,0,0.0,2024–2025 AI Adoption Period
CL,Cresco Labs Inc.,3128102.0,1879505685.0,"Cresco Labs Inc., Q1 2024 Earnings Call, May 15, 2024",2024-05-15,364,0,0.0,2024–2025 AI Adoption Period
CL,Cresco Labs Inc.,3256464.0,1888607853.0,"Cresco Labs Inc., Q2 2024 Earnings Call, Aug 08, 2024",2024-08-08,312,0,0.0,2024–2025 AI Adoption Period
CL,Cresco Labs Inc.,3334209.0,1900985213.0,"Cresco Labs Inc., Q3 2024 Earnings Call, Nov 08, 2024",2024-11-08,273,0,0.0,2024–2025 AI Adoption Period
CL,Cresco Labs Inc.,3406504.0,1933231292.0,"Cresco Labs Inc., Q4 2024 Earnings Call, Mar 12, 2025",2025-03-12,296,0,0.0,2024–2025 AI Adoption Period
CL,Cresco Labs Inc.,3478825.0,1941248541.0,"Cresco Labs Inc., Q1 2025 Earnings Call, Jun 02, 2025",2025-06-02,235,0,0.0,2024–2025 AI Adoption Period
CL,Cresco Labs Inc.,3563012.0,1953650738.0,"Cresco Labs Inc., Q2 2025 Earnings Call, Aug 07, 2025",2025-08-07,241,0,0.0,2024–2025 AI Adoption Period
CL,Cresco Labs Inc.,3579827.0,1967025211.0,"Cresco Labs Inc., Q3 2025 Earnings Call, Nov 05, 2025",2025-11-05,208,0,0.0,2024–2025 AI Adoption Period
CRWD,"CrowdStrike Holdings, Inc.",2238411.0,703140979.0,"CrowdStrike Holdings, Inc., Q4 2021 Earnings Call, Mar 16, 2021",2021-03-16,460,1,0.0021739130434782,2021–2022 Pre-ChatGPT Transition
CRWD,"CrowdStrike Holdings, Inc.",2309674.0,713843109.0,"CrowdStrike Holdings, Inc., Q1 2022 Earnings Call, Jun 03, 2021",2021-06-03,440,5,0.0113636363636363,2021–2022 Pre-ChatGPT Transition
CRWD,"CrowdStrike Holdings, Inc.",2390081.0,1675985680.0,"CrowdStrike Holdings, Inc., Q2 2022 Earnings Call, Aug 31, 2021",2021-08-31,483,8,0.0165631469979296,2021–2022 Pre-ChatGPT Transition
CRWD,"CrowdStrike Holdings, Inc.",2454030.0,1686966819.0,"CrowdStrike Holdings, Inc., Q3 2022 Earnings Call, Dec 01, 2021",2021-12-01,476,3,0.0063025210084033,2021–2022 Pre-ChatGPT Transition
CRWD,"CrowdStrike Holdings, Inc.",2521539.0,1769628599.0,"CrowdStrike Holdings, Inc., Q4 2022 Earnings Call, Mar 09, 2022",2022-03-09,522,2,0.003831417624521,2021–2022 Pre-ChatGPT Transition
CRWD,"CrowdStrike Holdings, Inc.",2584229.0,1781537657.0,"CrowdStrike Holdings, Inc., Q1 2023 Earnings Call, Jun 02, 2022",2022-06-02,431,2,0.0046403712296983,2021–2022 Pre-ChatGPT Transition
CRWD,"CrowdStrike Holdings, Inc.",2639884.0,1794030905.0,"CrowdStrike Holdings, Inc., Q2 2023 Earnings Call, Aug 30, 2022",2022-08-30,469,1,0.0021321961620469,2021–2022 Pre-ChatGPT Transition
CRWD,"CrowdStrike Holdings, Inc.",2699414.0,1813590922.0,"CrowdStrike Holdings, Inc., Q3 2023 Earnings Call, Nov 29, 2022",2022-11-29,427,1,0.0023419203747072,2021–2022 Pre-ChatGPT Transition
CRWD,"CrowdStrike Holdings, Inc.",2759846.0,1824097303.0,"CrowdStrike Holdings, Inc., Q4 2023 Earnings Call, Mar 07, 2023",2023-03-07,434,15,0.0345622119815668,2023 Initial GenAI Surge
CRWD,"CrowdStrike Holdings, Inc.",2990440.0,1836822521.0,"CrowdStrike Holdings, Inc., Q1 2024 Earnings Call, May 31, 2023",2023-05-31,490,51,0.1040816326530612,2023 Initial GenAI Surge
CRWD,"CrowdStrike Holdings, Inc.",2899582.0,1849999787.0,"CrowdStrike Holdings, Inc., Q2 2024 Earnings Call, Aug 30, 2023",2023-08-30,434,23,0.0529953917050691,2023 Initial GenAI Surge
CRWD,"CrowdStrike Holdings, Inc.",2969031.0,1860806069.0,"CrowdStrike Holdings, Inc., Q3 2024 Earnings Call, Nov 28, 2023",2023-11-28,454,12,0.026431718061674,2023 Initial GenAI Surge
CRWD,"CrowdStrike Holdings, Inc.",3208521.0,1870355094.0,"CrowdStrike Holdings, Inc., Q4 2024 Earnings Call, Mar 05, 2024",2024-03-05,478,23,0.0481171548117154,2024–2025 AI Adoption Period
CRWD,"CrowdStrike Holdings, Inc.",3192747.0,1879611555.0,"CrowdStrike Holdings, Inc., Q1 2025 Earnings Call, Jun 04, 2024",2024-06-04,446,36,0.0807174887892376,2024–2025 AI Adoption Period
CRWD,"CrowdStrike Holdings, Inc.",3267318.0,1889511915.0,"CrowdStrike Holdings, Inc., Q2 2025 Earnings Call, Aug 28, 2024",2024-08-28,496,10,0.0201612903225806,2024–2025 AI Adoption Period
CRWD,"CrowdStrike Holdings, Inc.",3358531.0,1902988253.0,"CrowdStrike Holdings, Inc., Q3 2025 Earnings Call, Nov 26, 2024",2024-11-26,459,37,0.0806100217864923,2024–2025 AI Adoption Period
CRWD,"CrowdStrike Holdings, Inc.",3402800.0,1930877555.0,"CrowdStrike Holdings, Inc., Q4 2025 Earnings Call, Mar 04, 2025",2025-03-04,457,44,0.0962800875273523,2024–2025 AI Adoption Period
CRWD,"CrowdStrike Holdings, Inc.",3477121.0,1942586281.0,"CrowdStrike Holdings, Inc., Q1 2026 Earnings Call, Jun 03, 2025",2025-06-03,434,39,0.0898617511520737,2024–2025 AI Adoption Period
CRWD,"CrowdStrike Holdings, Inc.",3537405.0,1955774689.0,"CrowdStrike Holdings, Inc., Q2 2026 Earnings Call, Aug 27, 2025",2025-08-27,532,62,0.1165413533834586,2024–2025 AI Adoption Period
CRWD,"CrowdStrike Holdings, Inc.",3617029.0,1968827597.0,"CrowdStrike Holdings, Inc., Q3 2026 Earnings Call, Dec 02, 2025",2025-12-02,506,42,0.0830039525691699,2024–2025 AI Adoption Period
CCI,Crown Castle Inc.,2184678.0,701105374.0,"Crown Castle International Corp. (REIT), Q4 2020 Earnings Call, Jan 28, 2021",2021-01-28,613,0,0.0,2021–2022 Pre-ChatGPT Transition
CCI,Crown Castle Inc.,3079683.0,710591892.0,"Crown Castle International Corp. (REIT), Q1 2021 Earnings Call, Apr 22, 2021",2021-04-22,498,0,0.0,2021–2022 Pre-ChatGPT Transition
CCI,Crown Castle Inc.,2349576.0,1673293107.0,"Crown Castle International Corp. (REIT), Q2 2021 Earnings Call, Jul 22, 2021",2021-07-22,440,0,0.0,2021–2022 Pre-ChatGPT Transition
CCI,Crown Castle Inc.,2409142.0,1684540156.0,"Crown Castle International Corp. (REIT), Q3 2021 Earnings Call, Oct 21, 2021",2021-10-21,512,0,0.0,2021–2022 Pre-ChatGPT Transition
CCI,Crown Castle Inc.,2483510.0,1764118029.0,"Crown Castle International Corp., Q4 2021 Earnings Call, Jan 27, 2022",2022-01-27,486,0,0.0,2021–2022 Pre-ChatGPT Transition
CCI,Crown Castle Inc.,2541493.0,1777275840.0,"Crown Castle International Corp., Q1 2022 Earnings Call, Apr 21, 2022",2022-04-21,450,0,0.0,2021–2022 Pre-ChatGPT Transition
CCI,Crown Castle Inc.,2602379.0,1789900160.0,"Crown Castle International Corp., Q2 2022 Earnings Call, Jul 21, 2022",2022-07-21,468,0,0.0,2021–2022 Pre-ChatGPT Transition
CCI,Crown Castle Inc.,2660193.0,1803764730.0,"Crown Castle Inc., Q3 2022 Earnings Call, Oct 20, 2022",2022-10-20,458,0,0.0,2021–2022 Pre-ChatGPT Transition
CCI,Crown Castle Inc.,2723086.0,1821480182.0,"Crown Castle Inc., Q4 2022 Earnings Call, Jan 26, 2023",2023-01-26,411,0,0.0,2023 Initial GenAI Surge
CCI,Crown Castle Inc.,2782727.0,1832252730.0,"Crown Castle Inc., Q1 2023 Earnings Call, Apr 20, 2023",2023-04-20,473,0,0.0,2023 Initial GenAI Surge
CCI,Crown Castle Inc.,2862296.0,1846948940.0,"Crown Castle Inc., Q2 2023 Earnings Call, Jul 20, 2023",2023-07-20,493,0,0.0,2023 Initial GenAI Surge
CCI,Crown Castle Inc.,2922394.0,1858086042.0,"Crown Castle Inc., Q3 2023 Earnings Call, Oct 19, 2023",2023-10-19,440,0,0.0,2023 Initial GenAI Surge
CCI,Crown Castle Inc.,3003973.0,1867985942.0,"Crown Castle Inc., Q4 2023 Earnings Call, Jan 25, 2024",2024-01-25,393,1,0.0025445292620865,2024–2025 AI Adoption Period
CCI,Crown Castle Inc.,3087323.0,1877137182.0,"Crown Castle Inc., Q1 2024 Earnings Call, Apr 17, 2024",2024-04-17,366,0,0.0,2024–2025 AI Adoption Period
CCI,Crown Castle Inc.,3188453.0,1886671514.0,"Crown Castle Inc., Q2 2024 Earnings Call, Jul 17, 2024",2024-07-17,438,0,0.0,2024–2025 AI Adoption Period
CCI,Crown Castle Inc.,3284325.0,1898667528.0,"Crown Castle Inc., Q3 2024 Earnings Call, Oct 16, 2024",2024-10-16,421,4,0.009501187648456,2024–2025 AI Adoption Period
CCI,Crown Castle Inc.,3400143.0,1932504529.0,"Crown Castle Inc., Q4 2024 Earnings Call, Mar 13, 2025",2025-03-13,405,1,0.0024691358024691,2024–2025 AI Adoption Period
CCI,Crown Castle Inc.,3431675.0,1937975849.0,"Crown Castle Inc., Q1 2025 Earnings Call, Apr 30, 2025",2025-04-30,385,0,0.0,2024–2025 AI Adoption Period
CCI,Crown Castle Inc.,3502224.0,1952865494.0,"Crown Castle Inc., Q2 2025 Earnings Call, Jul 23, 2025",2025-07-23,368,3,0.0081521739130434,2024–2025 AI Adoption Period
CCI,Crown Castle Inc.,3618799.0,1964400880.0,"Crown Castle Inc., Q3 2025 Earnings Call, Oct 22, 2025",2025-10-22,334,0,0.0,2024–2025 AI Adoption Period
CSX,CSX Corporation,2250649.0,699313908.0,"CSX Corporation, Q4 2020 Earnings Call, Jan 21, 2021",2021-01-21,601,0,0.0,2021–2022 Pre-ChatGPT Transition
CSX,CSX Corporation,2254202.0,708845033.0,"CSX Corporation, Q1 2021 Earnings Call, Apr 20, 2021",2021-04-20,566,0,0.0,2021–2022 Pre-ChatGPT Transition
CSX,CSX Corporation,2384200.0,1673272214.0,"CSX Corporation, Q2 2021 Earnings Call, Jul 21, 2021",2021-07-21,612,0,0.0,2021–2022 Pre-ChatGPT Transition
CSX,CSX Corporation,2430447.0,1682596523.0,"CSX Corporation, Q3 2021 Earnings Call, Oct 20, 2021",2021-10-20,499,0,0.0,2021–2022 Pre-ChatGPT Transition
CSX,CSX Corporation,2475431.0,1762326430.0,"CSX Corporation, Q4 2021 Earnings Call, Jan 20, 2022",2022-01-20,600,0,0.0,2021–2022 Pre-ChatGPT Transition
CSX,CSX Corporation,2540547.0,1775390905.0,"CSX Corporation, Q1 2022 Earnings Call, Apr 20, 2022",2022-04-20,460,0,0.0,2021–2022 Pre-ChatGPT Transition
CSX,CSX Corporation,2601743.0,1787709930.0,"CSX Corporation, Q2 2022 Earnings Call, Jul 20, 2022",2022-07-20,545,0,0.0,2021–2022 Pre-ChatGPT Transition
CSX,CSX Corporation,2660314.0,1802042541.0,"CSX Corporation, Q3 2022 Earnings Call, Oct 20, 2022",2022-10-20,640,0,0.0,2021–2022 Pre-ChatGPT Transition
CSX,CSX Corporation,2721596.0,1819291355.0,"CSX Corporation, Q4 2022 Earnings Call, Jan 25, 2023",2023-01-25,699,0,0.0,2023 Initial GenAI Surge
CSX,CSX Corporation,2848849.0,1830451083.0,"CSX Corporation, Q1 2023 Earnings Call, Apr 20, 2023",2023-04-20,473,0,0.0,2023 Initial GenAI Surge
CSX,CSX Corporation,2855161.0,1845982777.0,"CSX Corporation, Q2 2023 Earnings Call, Jul 20, 2023",2023-07-20,483,0,0.0,2023 Initial GenAI Surge
CSX,CSX Corporation,2922499.0,1856315436.0,"CSX Corporation, Q3 2023 Earnings Call, Oct 19, 2023",2023-10-19,603,0,0.0,2023 Initial GenAI Surge
CSX,CSX Corporation,3003019.0,1867415212.0,"CSX Corporation, Q4 2023 Earnings Call, Jan 24, 2024",2024-01-24,508,0,0.0,2024–2025 AI Adoption Period
CSX,CSX Corporation,3087379.0,1875858657.0,"CSX Corporation, Q1 2024 Earnings Call, Apr 17, 2024",2024-04-17,623,0,0.0,2024–2025 AI Adoption Period
CSX,CSX Corporation,3213327.0,1887320843.0,"CSX Corporation, Q2 2024 Earnings Call, Aug 05, 2024",2024-08-05,518,0,0.0,2024–2025 AI Adoption Period
CSX,CSX Corporation,3284336.0,1898403705.0,"CSX Corporation, Q3 2024 Earnings Call, Oct 16, 2024",2024-10-16,570,0,0.0,2024–2025 AI Adoption Period
CSX,CSX Corporation,3359359.0,1913340678.0,"CSX Corporation, Q4 2024 Earnings Call, Jan 23, 2025",2025-01-23,569,0,0.0,2024–2025 AI Adoption Period
CSX,CSX Corporation,3487643.0,1935545693.0,"CSX Corporation, Q1 2025 Earnings Call, Apr 16, 2025",2025-04-16,558,0,0.0,2024–2025 AI Adoption Period
CSX,CSX Corporation,3528724.0,1949979091.0,"CSX Corporation, Q2 2025 Earnings Call, Jul 23, 2025",2025-07-23,510,0,0.0,2024–2025 AI Adoption Period
CSX,CSX Corporation,3617694.0,1961007214.0,"CSX Corporation, Q3 2025 Earnings Call, Oct 16, 2025",2025-10-16,534,0,0.0,2024–2025 AI Adoption Period
CMI,Cummins Inc.,2238542.0,700213775.0,"Cummins Inc., Q4 2020 Earnings Call, Feb 04, 2021",2021-02-04,491,0,0.0,2021–2022 Pre-ChatGPT Transition
CMI,Cummins Inc.,2294654.0,710473374.0,"Cummins Inc., Q1 2021 Earnings Call, May 04, 2021",2021-05-04,497,0,0.0,2021–2022 Pre-ChatGPT Transition
CMI,Cummins Inc.,2360921.0,1673167786.0,"Cummins Inc., Q2 2021 Earnings Call, Aug 03, 2021",2021-08-03,464,0,0.0,2021–2022 Pre-ChatGPT Transition
CMI,Cummins Inc.,2421421.0,1684268297.0,"Cummins Inc., Q3 2021 Earnings Call, Nov 02, 2021",2021-11-02,475,0,0.0,2021–2022 Pre-ChatGPT Transition
CMI,Cummins Inc.,2484478.0,1763249094.0,"Cummins Inc., Q4 2021 Earnings Call, Feb 03, 2022",2022-02-03,524,0,0.0,2021–2022 Pre-ChatGPT Transition
CMI,Cummins Inc.,2551151.0,1777152144.0,"Cummins Inc., Q1 2022 Earnings Call, May 03, 2022",2022-05-03,505,0,0.0,2021–2022 Pre-ChatGPT Transition
CMI,Cummins Inc.,2612276.0,1790200106.0,"Cummins Inc., Q2 2022 Earnings Call, Aug 02, 2022",2022-08-02,478,0,0.0,2021–2022 Pre-ChatGPT Transition
CMI,Cummins Inc.,2673765.0,1803464816.0,"Cummins Inc., Q3 2022 Earnings Call, Nov 03, 2022",2022-11-03,449,0,0.0,2021–2022 Pre-ChatGPT Transition
CMI,Cummins Inc.,2730049.0,1821340816.0,"Cummins Inc., Q4 2022 Earnings Call, Feb 06, 2023",2023-02-06,452,0,0.0,2023 Initial GenAI Surge
CMI,Cummins Inc.,2791575.0,1832037559.0,"Cummins Inc., Q1 2023 Earnings Call, May 02, 2023",2023-05-02,444,0,0.0,2023 Initial GenAI Surge
CMI,Cummins Inc.,2869020.0,1846250877.0,"Cummins Inc., Q2 2023 Earnings Call, Aug 03, 2023",2023-08-03,469,0,0.0,2023 Initial GenAI Surge
CMI,Cummins Inc.,2934343.0,1858514636.0,"Cummins Inc., Q3 2023 Earnings Call, Nov 02, 2023",2023-11-02,429,0,0.0,2023 Initial GenAI Surge
CMI,Cummins Inc.,3088048.0,1868573226.0,"Cummins Inc., Q4 2023 Earnings Call, Feb 06, 2024",2024-02-06,435,1,0.0022988505747126,2024–2025 AI Adoption Period
CMI,Cummins Inc.,3144366.0,1877523876.0,"Cummins Inc., Q1 2024 Earnings Call, May 02, 2024",2024-05-02,390,0,0.0,2024–2025 AI Adoption Period
CMI,Cummins Inc.,3208370.0,1887392066.0,"Cummins Inc., Q2 2024 Earnings Call, Aug 01, 2024",2024-08-01,407,0,0.0,2024–2025 AI Adoption Period
CMI,Cummins Inc.,3298913.0,1899880337.0,"Cummins Inc., Q3 2024 Earnings Call, Nov 05, 2024",2024-11-05,426,0,0.0,2024–2025 AI Adoption Period
CMI,Cummins Inc.,3365391.0,1915667088.0,"Cummins Inc., Q4 2024 Earnings Call, Feb 04, 2025",2025-02-04,428,0,0.0,2024–2025 AI Adoption Period
CMI,Cummins Inc.,3438842.0,1938326931.0,"Cummins Inc., Q1 2025 Earnings Call, May 05, 2025",2025-05-05,498,1,0.002008032128514,2024–2025 AI Adoption Period
CMI,Cummins Inc.,3555544.0,1953310344.0,"Cummins Inc., Q2 2025 Earnings Call, Aug 05, 2025",2025-08-05,485,0,0.0,2024–2025 AI Adoption Period
CMI,Cummins Inc.,3600476.0,1964254780.0,"Cummins Inc., Q3 2025 Earnings Call, Nov 06, 2025",2025-11-06,491,1,0.0020366598778004,2024–2025 AI Adoption Period
CVS,CVS Health Corporation,2212251.0,703009055.0,"CVS Health Corporation, Q4 2020 Earnings Call, Feb 16, 2021",2021-02-16,513,1,0.0019493177387914,2021–2022 Pre-ChatGPT Transition
CVS,CVS Health Corporation,2268179.0,711984200.0,"CVS Health Corporation, Q1 2021 Earnings Call, May 04, 2021",2021-05-04,453,3,0.0066225165562913,2021–2022 Pre-ChatGPT Transition
CVS,CVS Health Corporation,2362418.0,1674745881.0,"CVS Health Corporation, Q2 2021 Earnings Call, Aug 04, 2021",2021-08-04,442,1,0.002262443438914,2021–2022 Pre-ChatGPT Transition
CVS,CVS Health Corporation,2504759.0,1683581114.0,"CVS Health Corporation, Q3 2021 Earnings Call, Nov 03, 2021",2021-11-03,419,0,0.0,2021–2022 Pre-ChatGPT Transition
CVS,CVS Health Corporation,2496136.0,1763484110.0,"CVS Health Corporation, Q4 2021 Earnings Call, Feb 09, 2022",2022-02-09,451,0,0.0,2021–2022 Pre-ChatGPT Transition
CVS,CVS Health Corporation,2552511.0,1776990695.0,"CVS Health Corporation, Q1 2022 Earnings Call, May 04, 2022",2022-05-04,467,2,0.0042826552462526,2021–2022 Pre-ChatGPT Transition
CVS,CVS Health Corporation,2613649.0,1783771188.0,"CVS Health Corporation, Q2 2022 Earnings Call, Aug 03, 2022",2022-08-03,478,0,0.0,2021–2022 Pre-ChatGPT Transition
CVS,CVS Health Corporation,2671906.0,1797963520.0,"CVS Health Corporation, Q3 2022 Earnings Call, Nov 02, 2022",2022-11-02,437,0,0.0,2021–2022 Pre-ChatGPT Transition
CVS,CVS Health Corporation,2731731.0,1818430057.0,"CVS Health Corporation, Q4 2022 Earnings Call, Feb 08, 2023",2023-02-08,475,0,0.0,2023 Initial GenAI Surge
CVS,CVS Health Corporation,2802242.0,1831230538.0,"CVS Health Corporation, Q1 2023 Earnings Call, May 03, 2023",2023-05-03,449,0,0.0,2023 Initial GenAI Surge
CVS,CVS Health Corporation,3153151.0,1847115972.0,"CVS Health Corporation, Q2 2023 Earnings Call, Aug 02, 2023",2023-08-02,458,2,0.0043668122270742,2023 Initial GenAI Surge
CVS,CVS Health Corporation,2932185.0,1857953245.0,"CVS Health Corporation, Q3 2023 Earnings Call, Nov 01, 2023",2023-11-01,471,0,0.0,2023 Initial GenAI Surge
CVS,CVS Health Corporation,3014919.0,1868292351.0,"CVS Health Corporation, Q4 2023 Earnings Call, Feb 07, 2024",2024-02-07,488,0,0.0,2024–2025 AI Adoption Period
CVS,CVS Health Corporation,3104692.0,1876579466.0,"CVS Health Corporation, Q1 2024 Earnings Call, May 01, 2024",2024-05-01,488,2,0.0040983606557377,2024–2025 AI Adoption Period
CVS,CVS Health Corporation,3216487.0,1884071168.0,"CVS Health Corporation, Q2 2024 Earnings Call, Aug 07, 2024",2024-08-07,502,1,0.0019920318725099,2024–2025 AI Adoption Period
CVS,CVS Health Corporation,3300420.0,1892247792.0,"CVS Health Corporation, Q3 2024 Earnings Call, Nov 06, 2024",2024-11-06,466,1,0.0021459227467811,2024–2025 AI Adoption Period
CVS,CVS Health Corporation,3371844.0,1913688290.0,"CVS Health Corporation, Q4 2024 Earnings Call, Feb 12, 2025",2025-02-12,481,2,0.0041580041580041,2024–2025 AI Adoption Period
CVS,CVS Health Corporation,3432651.0,1937685657.0,"CVS Health Corporation, Q1 2025 Earnings Call, May 01, 2025",2025-05-01,477,1,0.0020964360587002,2024–2025 AI Adoption Period
CVS,CVS Health Corporation,3509909.0,1947591109.0,"CVS Health Corporation, Q2 2025 Earnings Call, Jul 31, 2025",2025-07-31,468,0,0.0,2024–2025 AI Adoption Period
CVS,CVS Health Corporation,3572110.0,1960214429.0,"CVS Health Corporation, Q3 2025 Earnings Call, Oct 29, 2025",2025-10-29,504,1,0.0019841269841269,2024–2025 AI Adoption Period
DIS,d'Amico International Shipping S.A.,2235628.0,695113368.0,"d'Amico International Shipping S.A., 2020 Earnings Call, Mar 11, 2021",2021-03-11,400,0,0.0,2021–2022 Pre-ChatGPT Transition
DIS,d'Amico International Shipping S.A.,2273051.0,695113334.0,"d'Amico International Shipping S.A., Q1 2021 Earnings Call, May 06, 2021",2021-05-06,372,0,0.0,2021–2022 Pre-ChatGPT Transition
DIS,d'Amico International Shipping S.A.,3492793.0,695113280.0,"d'Amico International Shipping S.A., H1 2021 Earnings Call, Jul 29, 2021",2021-07-29,258,0,0.0,2021–2022 Pre-ChatGPT Transition
DIS,d'Amico International Shipping S.A.,2435841.0,695113302.0,"d'Amico International Shipping S.A., Q3 2021 Earnings Call, Nov 11, 2021",2021-11-11,364,0,0.0,2021–2022 Pre-ChatGPT Transition
DIS,d'Amico International Shipping S.A.,2522125.0,1758064288.0,"d'Amico International Shipping S.A., 2021 Earnings Call, Mar 10, 2022",2022-03-10,343,0,0.0,2021–2022 Pre-ChatGPT Transition
DIS,d'Amico International Shipping S.A.,2555567.0,1758064639.0,"d'Amico International Shipping S.A., Q1 2022 Earnings Call, May 05, 2022",2022-05-05,363,0,0.0,2021–2022 Pre-ChatGPT Transition
DIS,d'Amico International Shipping S.A.,2608640.0,1758064657.0,"d'Amico International Shipping S.A., H1 2022 Earnings Call, Jul 28, 2022",2022-07-28,372,0,0.0,2021–2022 Pre-ChatGPT Transition
DIS,d'Amico International Shipping S.A.,2686621.0,1806121291.0,"d'Amico International Shipping S.A., Q3 2022 Earnings Call, Nov 10, 2022",2022-11-10,358,0,0.0,2021–2022 Pre-ChatGPT Transition
DIS,d'Amico International Shipping S.A.,2762826.0,1814756304.0,"d'Amico International Shipping S.A., 2022 Earnings Call, Mar 09, 2023",2023-03-09,323,0,0.0,2023 Initial GenAI Surge
DIS,d'Amico International Shipping S.A.,2842092.0,1814756400.0,"d'Amico International Shipping S.A., Q1 2023 Earnings Call, May 11, 2023",2023-05-11,311,0,0.0,2023 Initial GenAI Surge
DIS,d'Amico International Shipping S.A.,2868263.0,1814756536.0,"d'Amico International Shipping S.A., H1 2023 Earnings Call, Jul 27, 2023",2023-07-27,242,0,0.0,2023 Initial GenAI Surge
DIS,d'Amico International Shipping S.A.,2968105.0,1814756644.0,"d'Amico International Shipping S.A., Q3 2023 Earnings Call, Nov 09, 2023",2023-11-09,341,0,0.0,2023 Initial GenAI Surge
DIS,d'Amico International Shipping S.A.,3064594.0,1861556732.0,"d'Amico International Shipping S.A., 2023 Earnings Call, Mar 14, 2024",2024-03-14,332,0,0.0,2024–2025 AI Adoption Period
DIS,d'Amico International Shipping S.A.,3116351.0,1861643798.0,"d'Amico International Shipping S.A., Q1 2024 Earnings Call, May 08, 2024",2024-05-08,438,0,0.0,2024–2025 AI Adoption Period
DIS,d'Amico International Shipping S.A.,3209987.0,1861643948.0,"d'Amico International Shipping S.A., Q2 2024 Earnings Call, Aug 01, 2024",2024-08-01,323,0,0.0,2024–2025 AI Adoption Period
DIS,d'Amico International Shipping S.A.,3349759.0,1861644035.0,"d'Amico International Shipping S.A., Q3 2024 Earnings Call, Nov 07, 2024",2024-11-07,419,0,0.0,2024–2025 AI Adoption Period
DIS,d'Amico International Shipping S.A.,3401039.0,1903627249.0,"d'Amico International Shipping S.A., 2024 Earnings Call, Mar 13, 2025",2025-03-13,465,0,0.0,2024–2025 AI Adoption Period
DIS,d'Amico International Shipping S.A.,3460972.0,1903627257.0,"d'Amico International Shipping S.A., Q1 2025 Earnings Call, May 08, 2025",2025-05-08,393,0,0.0,2024–2025 AI Adoption Period
DIS,d'Amico International Shipping S.A.,3540475.0,1903627260.0,"d'Amico International Shipping S.A., H1 2025 Earnings Call, Jul 31, 2025",2025-07-31,291,0,0.0,2024–2025 AI Adoption Period
DIS,d'Amico International Shipping S.A.,3608072.0,1903627263.0,"d'Amico International Shipping S.A., Q3 2025 Earnings Call, Nov 06, 2025",2025-11-06,365,0,0.0,2024–2025 AI Adoption Period
DHR,Danaher Corporation,2183987.0,700518356.0,"Danaher Corporation, Q4 2020 Earnings Call, Jan 28, 2021",2021-01-28,396,0,0.0,2021–2022 Pre-ChatGPT Transition
DHR,Danaher Corporation,2255526.0,709219468.0,"Danaher Corporation, Q1 2021 Earnings Call, Apr 22, 2021",2021-04-22,405,0,0.0,2021–2022 Pre-ChatGPT Transition
DHR,Danaher Corporation,2349354.0,1671602638.0,"Danaher Corporation, Q2 2021 Earnings Call, Jul 22, 2021",2021-07-22,408,0,0.0,2021–2022 Pre-ChatGPT Transition
DHR,Danaher Corporation,2409066.0,1682438900.0,"Danaher Corporation, Q3 2021 Earnings Call, Oct 21, 2021",2021-10-21,386,0,0.0,2021–2022 Pre-ChatGPT Transition
DHR,Danaher Corporation,2484627.0,1762686444.0,"Danaher Corporation, Q4 2021 Earnings Call, Jan 27, 2022",2022-01-27,424,0,0.0,2021–2022 Pre-ChatGPT Transition
DHR,Danaher Corporation,2548866.0,1775185314.0,"Danaher Corporation, Q1 2022 Earnings Call, Apr 21, 2022",2022-04-21,350,2,0.0057142857142857,2021–2022 Pre-ChatGPT Transition
DHR,Danaher Corporation,2602663.0,1787602462.0,"Danaher Corporation, Q2 2022 Earnings Call, Jul 21, 2022",2022-07-21,386,0,0.0,2021–2022 Pre-ChatGPT Transition
DHR,Danaher Corporation,2659707.0,1801133459.0,"Danaher Corporation, Q3 2022 Earnings Call, Oct 20, 2022",2022-10-20,428,0,0.0,2021–2022 Pre-ChatGPT Transition
DHR,Danaher Corporation,2720620.0,1819791572.0,"Danaher Corporation, Q4 2022 Earnings Call, Jan 24, 2023",2023-01-24,416,0,0.0,2023 Initial GenAI Surge
DHR,Danaher Corporation,2785074.0,1830850825.0,"Danaher Corporation, Q1 2023 Earnings Call, Apr 25, 2023",2023-04-25,401,0,0.0,2023 Initial GenAI Surge
DHR,Danaher Corporation,2858052.0,1844516462.0,"Danaher Corporation, Q2 2023 Earnings Call, Jul 25, 2023",2023-07-25,392,1,0.0025510204081632,2023 Initial GenAI Surge
DHR,Danaher Corporation,2924766.0,1856939213.0,"Danaher Corporation, Q3 2023 Earnings Call, Oct 24, 2023",2023-10-24,325,2,0.0061538461538461,2023 Initial GenAI Surge
DHR,Danaher Corporation,3006788.0,1865698503.0,"Danaher Corporation, Q4 2023 Earnings Call, Jan 30, 2024",2024-01-30,419,1,0.0023866348448687,2024–2025 AI Adoption Period
DHR,Danaher Corporation,3093091.0,1875383610.0,"Danaher Corporation, Q1 2024 Earnings Call, Apr 23, 2024",2024-04-23,346,0,0.0,2024–2025 AI Adoption Period
DHR,Danaher Corporation,3192781.0,1885495398.0,"Danaher Corporation, Q2 2024 Earnings Call, Jul 23, 2024",2024-07-23,411,0,0.0,2024–2025 AI Adoption Period
DHR,Danaher Corporation,3286049.0,1898106075.0,"Danaher Corporation, Q3 2024 Earnings Call, Oct 22, 2024",2024-10-22,368,0,0.0,2024–2025 AI Adoption Period
DHR,Danaher Corporation,3361431.0,1914772611.0,"Danaher Corporation, Q4 2024 Earnings Call, Jan 29, 2025",2025-01-29,405,5,0.0123456790123456,2024–2025 AI Adoption Period
DHR,Danaher Corporation,3421618.0,1935744428.0,"Danaher Corporation, Q1 2025 Earnings Call, Apr 22, 2025",2025-04-22,424,1,0.0023584905660377,2024–2025 AI Adoption Period
DHR,Danaher Corporation,3500762.0,1948612271.0,"Danaher Corporation, Q2 2025 Earnings Call, Jul 22, 2025",2025-07-22,450,3,0.0066666666666666,2024–2025 AI Adoption Period
DHR,Danaher Corporation,3566274.0,1961691270.0,"Danaher Corporation, Q3 2025 Earnings Call, Oct 21, 2025",2025-10-21,417,1,0.0023980815347721,2024–2025 AI Adoption Period
DRI,"Darden Restaurants, Inc.",2242321.0,706059227.0,"Darden Restaurants, Inc., Q3 2021 Earnings Call, Mar 25, 2021",2021-03-25,669,0,0.0,2021–2022 Pre-ChatGPT Transition
DRI,"Darden Restaurants, Inc.",2377448.0,717037097.0,"Darden Restaurants, Inc., Q4 2021 Earnings Call, Jun 24, 2021",2021-06-24,683,0,0.0,2021–2022 Pre-ChatGPT Transition
DRI,"Darden Restaurants, Inc.",2400565.0,1679685147.0,"Darden Restaurants, Inc., Q1 2022 Earnings Call, Sep 23, 2021",2021-09-23,789,1,0.0012674271229404,2021–2022 Pre-ChatGPT Transition
DRI,"Darden Restaurants, Inc.",2479310.0,1760114920.0,"Darden Restaurants, Inc., Q2 2022 Earnings Call, Dec 17, 2021",2021-12-17,678,2,0.0029498525073746,2021–2022 Pre-ChatGPT Transition
DRI,"Darden Restaurants, Inc.",2530634.0,1773053498.0,"Darden Restaurants, Inc., Q3 2022 Earnings Call, Mar 24, 2022",2022-03-24,639,0,0.0,2021–2022 Pre-ChatGPT Transition
DRI,"Darden Restaurants, Inc.",2592299.0,1785425103.0,"Darden Restaurants, Inc., Q4 2022 Earnings Call, Jun 23, 2022",2022-06-23,599,1,0.001669449081803,2021–2022 Pre-ChatGPT Transition
DRI,"Darden Restaurants, Inc.",2650489.0,1797751442.0,"Darden Restaurants, Inc., Q1 2023 Earnings Call, Sep 22, 2022",2022-09-22,776,0,0.0,2021–2022 Pre-ChatGPT Transition
DRI,"Darden Restaurants, Inc.",2711251.0,1815584542.0,"Darden Restaurants, Inc., Q2 2023 Earnings Call, Dec 16, 2022",2022-12-16,731,0,0.0,2023 Initial GenAI Surge
DRI,"Darden Restaurants, Inc.",2771817.0,1827686640.0,"Darden Restaurants, Inc., Q3 2023 Earnings Call, Mar 23, 2023",2023-03-23,645,0,0.0,2023 Initial GenAI Surge
DRI,"Darden Restaurants, Inc.",2874150.0,1838329919.0,"Darden Restaurants, Inc., Q4 2023 Earnings Call, Jun 22, 2023",2023-06-22,673,2,0.0029717682020802,2023 Initial GenAI Surge
DRI,"Darden Restaurants, Inc.",2910147.0,1853683562.0,"Darden Restaurants, Inc., Q1 2024 Earnings Call, Sep 21, 2023",2023-09-21,691,0,0.0,2023 Initial GenAI Surge
DRI,"Darden Restaurants, Inc.",2982686.0,1862072573.0,"Darden Restaurants, Inc., Q2 2024 Earnings Call, Dec 15, 2023",2023-12-15,623,4,0.0064205457463884,2023 Initial GenAI Surge
DRI,"Darden Restaurants, Inc.",3066759.0,1872314808.0,"Darden Restaurants, Inc., Q3 2024 Earnings Call, Mar 21, 2024",2024-03-21,561,1,0.0017825311942959,2024–2025 AI Adoption Period
DRI,"Darden Restaurants, Inc.",3165907.0,1881731742.0,"Darden Restaurants, Inc., Q4 2024 Earnings Call, Jun 20, 2024",2024-06-20,730,0,0.0,2024–2025 AI Adoption Period
DRI,"Darden Restaurants, Inc.",3269419.0,1892122548.0,"Darden Restaurants, Inc., Q1 2025 Earnings Call, Sep 19, 2024",2024-09-19,859,0,0.0,2024–2025 AI Adoption Period
DRI,"Darden Restaurants, Inc.",3348920.0,1904463823.0,"Darden Restaurants, Inc., Q2 2025 Earnings Call, Dec 19, 2024",2024-12-19,680,2,0.0029411764705882,2024–2025 AI Adoption Period
DRI,"Darden Restaurants, Inc.",3405251.0,1931953151.0,"Darden Restaurants, Inc., Q3 2025 Earnings Call, Mar 20, 2025",2025-03-20,669,0,0.0,2024–2025 AI Adoption Period
DRI,"Darden Restaurants, Inc.",3489803.0,1944581021.0,"Darden Restaurants, Inc., Q4 2025 Earnings Call, Jun 20, 2025",2025-06-20,686,0,0.0,2024–2025 AI Adoption Period
DRI,"Darden Restaurants, Inc.",3551751.0,1957753191.0,"Darden Restaurants, Inc., Q1 2026 Earnings Call, Sep 18, 2025",2025-09-18,622,0,0.0,2024–2025 AI Adoption Period
DRI,"Darden Restaurants, Inc.",3622893.0,1971169823.0,"Darden Restaurants, Inc., Q2 2026 Earnings Call, Dec 18, 2025",2025-12-18,675,0,0.0,2024–2025 AI Adoption Period
DDOG,"Datadog, Inc.",2236520.0,701917278.0,"Datadog, Inc., Q4 2020 Earnings Call, Feb 11, 2021",2021-02-11,511,0,0.0,2021–2022 Pre-ChatGPT Transition
DDOG,"Datadog, Inc.",2273995.0,711456361.0,"Datadog, Inc., Q1 2021 Earnings Call, May 06, 2021",2021-05-06,499,1,0.002004008016032,2021–2022 Pre-ChatGPT Transition
DDOG,"Datadog, Inc.",2364624.0,1674148964.0,"Datadog, Inc., Q2 2021 Earnings Call, Aug 05, 2021",2021-08-05,494,1,0.0020242914979757,2021–2022 Pre-ChatGPT Transition
DDOG,"Datadog, Inc.",2458368.0,1685190835.0,"Datadog, Inc., Q3 2021 Earnings Call, Nov 04, 2021",2021-11-04,501,0,0.0,2021–2022 Pre-ChatGPT Transition
DDOG,"Datadog, Inc.",2514645.0,1764925430.0,"Datadog, Inc., Q4 2021 Earnings Call, Feb 10, 2022",2022-02-10,612,1,0.0016339869281045,2021–2022 Pre-ChatGPT Transition
DDOG,"Datadog, Inc.",2554436.0,1778330097.0,"Datadog, Inc., Q1 2022 Earnings Call, May 05, 2022",2022-05-05,483,1,0.0020703933747412,2021–2022 Pre-ChatGPT Transition
DDOG,"Datadog, Inc.",2615997.0,1791421397.0,"Datadog, Inc., Q2 2022 Earnings Call, Aug 04, 2022",2022-08-04,569,1,0.0017574692442882,2021–2022 Pre-ChatGPT Transition
DDOG,"Datadog, Inc.",2674054.0,1804618216.0,"Datadog, Inc., Q3 2022 Earnings Call, Nov 03, 2022",2022-11-03,510,1,0.0019607843137254,2021–2022 Pre-ChatGPT Transition
DDOG,"Datadog, Inc.",2739882.0,1822595585.0,"Datadog, Inc., Q4 2022 Earnings Call, Feb 16, 2023",2023-02-16,477,1,0.0020964360587002,2023 Initial GenAI Surge
DDOG,"Datadog, Inc.",2794236.0,1833077064.0,"Datadog, Inc., Q1 2023 Earnings Call, May 04, 2023",2023-05-04,486,24,0.0493827160493827,2023 Initial GenAI Surge
DDOG,"Datadog, Inc.",2880963.0,1847851829.0,"Datadog, Inc., Q2 2023 Earnings Call, Aug 08, 2023",2023-08-08,489,29,0.0593047034764826,2023 Initial GenAI Surge
DDOG,"Datadog, Inc.",2939544.0,1859286510.0,"Datadog, Inc., Q3 2023 Earnings Call, Nov 07, 2023",2023-11-07,473,26,0.054968287526427,2023 Initial GenAI Surge
DDOG,"Datadog, Inc.",3021557.0,1868575360.0,"Datadog, Inc., Q4 2023 Earnings Call, Feb 13, 2024",2024-02-13,525,27,0.0514285714285714,2024–2025 AI Adoption Period
DDOG,"Datadog, Inc.",3112289.0,1878265757.0,"Datadog, Inc., Q1 2024 Earnings Call, May 07, 2024",2024-05-07,484,28,0.0578512396694214,2024–2025 AI Adoption Period
DDOG,"Datadog, Inc.",3219345.0,1888351230.0,"Datadog, Inc., Q2 2024 Earnings Call, Aug 08, 2024",2024-08-08,545,38,0.0697247706422018,2024–2025 AI Adoption Period
DDOG,"Datadog, Inc.",3302009.0,1901028453.0,"Datadog, Inc., Q3 2024 Earnings Call, Nov 07, 2024",2024-11-07,470,37,0.0787234042553191,2024–2025 AI Adoption Period
DDOG,"Datadog, Inc.",3373580.0,1918078280.0,"Datadog, Inc., Q4 2024 Earnings Call, Feb 13, 2025",2025-02-13,470,31,0.0659574468085106,2024–2025 AI Adoption Period
DDOG,"Datadog, Inc.",3495205.0,1939864424.0,"Datadog, Inc., Q1 2025 Earnings Call, May 06, 2025",2025-05-06,524,41,0.0782442748091603,2024–2025 AI Adoption Period
DDOG,"Datadog, Inc.",3532149.0,1953689068.0,"Datadog, Inc., Q2 2025 Earnings Call, Aug 07, 2025",2025-08-07,421,66,0.1567695961995249,2024–2025 AI Adoption Period
DDOG,"Datadog, Inc.",3602276.0,1966488388.0,"Datadog, Inc., Q3 2025 Earnings Call, Nov 06, 2025",2025-11-06,522,73,0.1398467432950191,2024–2025 AI Adoption Period
DVA,DaVita Inc.,2246741.0,702692257.0,"DaVita Inc., Q4 2020 Earnings Call, Feb 11, 2021",2021-02-11,614,0,0.0,2021–2022 Pre-ChatGPT Transition
DVA,DaVita Inc.,2263792.0,712333685.0,"DaVita Inc., Q1 2021 Earnings Call, Apr 29, 2021",2021-04-29,286,0,0.0,2021–2022 Pre-ChatGPT Transition
DVA,DaVita Inc.,2361620.0,1674696259.0,"DaVita Inc., Q2 2021 Earnings Call, Aug 03, 2021",2021-08-03,376,0,0.0,2021–2022 Pre-ChatGPT Transition
DVA,DaVita Inc.,2417183.0,1685543247.0,"DaVita Inc., Q3 2021 Earnings Call, Oct 28, 2021",2021-10-28,419,1,0.0023866348448687,2021–2022 Pre-ChatGPT Transition
DVA,DaVita Inc.,2496913.0,1765627164.0,"DaVita Inc., Q4 2021 Earnings Call, Feb 10, 2022",2022-02-10,448,0,0.0,2021–2022 Pre-ChatGPT Transition
DVA,DaVita Inc.,2555823.0,1779985100.0,"DaVita Inc., Q1 2022 Earnings Call, May 05, 2022",2022-05-05,288,0,0.0,2021–2022 Pre-ChatGPT Transition
DVA,DaVita Inc.,2611325.0,1792014289.0,"DaVita Inc., Q2 2022 Earnings Call, Aug 01, 2022",2022-08-01,395,1,0.0025316455696202,2021–2022 Pre-ChatGPT Transition
DVA,DaVita Inc.,2668164.0,1804680367.0,"DaVita Inc., Q3 2022 Earnings Call, Oct 28, 2022",2022-10-28,457,0,0.0,2021–2022 Pre-ChatGPT Transition
DVA,DaVita Inc.,2748271.0,1823936315.0,"DaVita Inc., Q4 2022 Earnings Call, Feb 22, 2023",2023-02-22,395,0,0.0,2023 Initial GenAI Surge
DVA,DaVita Inc.,2799950.0,1833581978.0,"DaVita Inc., Q1 2023 Earnings Call, May 08, 2023",2023-05-08,294,0,0.0,2023 Initial GenAI Surge
DVA,DaVita Inc.,2869948.0,1847851822.0,"DaVita Inc., Q2 2023 Earnings Call, Aug 03, 2023",2023-08-03,352,1,0.002840909090909,2023 Initial GenAI Surge
DVA,DaVita Inc.,3079976.0,1859294328.0,"DaVita Inc., Q3 2023 Earnings Call, Nov 07, 2023",2023-11-07,520,0,0.0,2023 Initial GenAI Surge
DVA,DaVita Inc.,3022641.0,1869215314.0,"DaVita Inc., Q4 2023 Earnings Call, Feb 13, 2024",2024-02-13,415,0,0.0,2024–2025 AI Adoption Period
DVA,DaVita Inc.,3108117.0,1878397141.0,"DaVita Inc., Q1 2024 Earnings Call, May 02, 2024",2024-05-02,345,0,0.0,2024–2025 AI Adoption Period
DVA,DaVita Inc.,3215100.0,1888347446.0,"DaVita Inc., Q2 2024 Earnings Call, Aug 06, 2024",2024-08-06,460,0,0.0,2024–2025 AI Adoption Period
DVA,DaVita Inc.,3292684.0,1900288233.0,"DaVita Inc., Q3 2024 Earnings Call, Oct 29, 2024",2024-10-29,421,0,0.0,2024–2025 AI Adoption Period
DVA,DaVita Inc.,3374148.0,1929175333.0,"DaVita Inc., Q4 2024 Earnings Call, Feb 13, 2025",2025-02-13,454,0,0.0,2024–2025 AI Adoption Period
DVA,DaVita Inc.,3450892.0,1941451280.0,"DaVita Inc., Q1 2025 Earnings Call, May 12, 2025",2025-05-12,296,0,0.0,2024–2025 AI Adoption Period
DVA,DaVita Inc.,3515821.0,1953693214.0,"DaVita Inc., Q2 2025 Earnings Call, Aug 05, 2025",2025-08-05,419,1,0.0023866348448687,2024–2025 AI Adoption Period
DVA,DaVita Inc.,3575262.0,1965900590.0,"DaVita Inc., Q3 2025 Earnings Call, Oct 29, 2025",2025-10-29,346,2,0.0057803468208092,2024–2025 AI Adoption Period
DECK,Deckers Outdoor Corporation,2226976.0,702235467.0,"Deckers Outdoor Corporation, Q3 2021 Earnings Call, Feb 04, 2021",2021-02-04,560,0,0.0,2021–2022 Pre-ChatGPT Transition
DECK,Deckers Outdoor Corporation,2294747.0,714309396.0,"Deckers Outdoor Corporation, Q4 2021 Earnings Call, May 20, 2021",2021-05-20,546,0,0.0,2021–2022 Pre-ChatGPT Transition
DECK,Deckers Outdoor Corporation,2355791.0,1674490143.0,"Deckers Outdoor Corporation, Q1 2022 Earnings Call, Jul 29, 2021",2021-07-29,545,0,0.0,2021–2022 Pre-ChatGPT Transition
DECK,Deckers Outdoor Corporation,2416991.0,1685465794.0,"Deckers Outdoor Corporation, Q2 2022 Earnings Call, Oct 28, 2021",2021-10-28,555,0,0.0,2021–2022 Pre-ChatGPT Transition
DECK,Deckers Outdoor Corporation,2492838.0,1765276676.0,"Deckers Outdoor Corporation, Q3 2022 Earnings Call, Feb 03, 2022",2022-02-03,531,0,0.0,2021–2022 Pre-ChatGPT Transition
DECK,Deckers Outdoor Corporation,2584604.0,1782127065.0,"Deckers Outdoor Corporation, Q4 2022 Earnings Call, May 19, 2022",2022-05-19,553,0,0.0,2021–2022 Pre-ChatGPT Transition
DECK,Deckers Outdoor Corporation,2608279.0,1792218091.0,"Deckers Outdoor Corporation, Q1 2023 Earnings Call, Jul 28, 2022",2022-07-28,518,0,0.0,2021–2022 Pre-ChatGPT Transition
DECK,Deckers Outdoor Corporation,2666451.0,1805142843.0,"Deckers Outdoor Corporation, Q2 2023 Earnings Call, Oct 27, 2022",2022-10-27,493,0,0.0,2021–2022 Pre-ChatGPT Transition
DECK,Deckers Outdoor Corporation,2728507.0,1823059642.0,"Deckers Outdoor Corporation, Q3 2023 Earnings Call, Feb 02, 2023",2023-02-02,527,0,0.0,2023 Initial GenAI Surge
DECK,Deckers Outdoor Corporation,2821827.0,1837756538.0,"Deckers Outdoor Corporation, Q4 2023 Earnings Call, May 25, 2023",2023-05-25,518,0,0.0,2023 Initial GenAI Surge
DECK,Deckers Outdoor Corporation,2861951.0,1848156234.0,"Deckers Outdoor Corporation, Q1 2024 Earnings Call, Jul 27, 2023",2023-07-27,504,0,0.0,2023 Initial GenAI Surge
DECK,Deckers Outdoor Corporation,2928144.0,1859185164.0,"Deckers Outdoor Corporation, Q2 2024 Earnings Call, Oct 26, 2023",2023-10-26,515,1,0.0019417475728155,2023 Initial GenAI Surge
DECK,Deckers Outdoor Corporation,3078193.0,1869094393.0,"Deckers Outdoor Corporation, Q3 2024 Earnings Call, Feb 01, 2024",2024-02-01,507,0,0.0,2024–2025 AI Adoption Period
DECK,Deckers Outdoor Corporation,3195179.0,1880896696.0,"Deckers Outdoor Corporation, Q4 2024 Earnings Call, May 23, 2024",2024-05-23,465,0,0.0,2024–2025 AI Adoption Period
DECK,Deckers Outdoor Corporation,3279235.0,1888011201.0,"Deckers Outdoor Corporation, Q1 2025 Earnings Call, Jul 25, 2024",2024-07-25,522,0,0.0,2024–2025 AI Adoption Period
DECK,Deckers Outdoor Corporation,3288765.0,1900652153.0,"Deckers Outdoor Corporation, Q2 2025 Earnings Call, Oct 24, 2024",2024-10-24,454,0,0.0,2024–2025 AI Adoption Period
DECK,Deckers Outdoor Corporation,3362907.0,1917157108.0,"Deckers Outdoor Corporation, Q3 2025 Earnings Call, Jan 30, 2025",2025-01-30,440,0,0.0,2024–2025 AI Adoption Period
DECK,Deckers Outdoor Corporation,3506220.0,1943233566.0,"Deckers Outdoor Corporation, Q4 2025 Earnings Call, May 22, 2025",2025-05-22,488,0,0.0,2024–2025 AI Adoption Period
DECK,Deckers Outdoor Corporation,3503742.0,1953313240.0,"Deckers Outdoor Corporation, Q1 2026 Earnings Call, Jul 24, 2025",2025-07-24,443,0,0.0,2024–2025 AI Adoption Period
DECK,Deckers Outdoor Corporation,3619287.0,1965905566.0,"Deckers Outdoor Corporation, Q2 2026 Earnings Call, Oct 23, 2025",2025-10-23,456,0,0.0,2024–2025 AI Adoption Period
DE,Deere & Company,2258566.0,700826694.0,"Deere & Company, Q1 2021 Earnings Call, Feb 19, 2021",2021-02-19,497,0,0.0,2021–2022 Pre-ChatGPT Transition
DE,Deere & Company,2295372.0,700826690.0,"Deere & Company, Q2 2021 Earnings Call, May 21, 2021",2021-05-21,499,1,0.002004008016032,2021–2022 Pre-ChatGPT Transition
DE,Deere & Company,2383150.0,700826677.0,"Deere & Company, Q3 2021 Earnings Call, Aug 20, 2021",2021-08-20,471,2,0.0042462845010615,2021–2022 Pre-ChatGPT Transition
DE,Deere & Company,2448322.0,700826664.0,"Deere & Company, Q4 2021 Earnings Call, Nov 24, 2021",2021-11-24,496,0,0.0,2021–2022 Pre-ChatGPT Transition
DE,Deere & Company,2498986.0,1761524392.0,"Deere & Company, Q1 2022 Earnings Call, Feb 18, 2022",2022-02-18,483,3,0.0062111801242236,2021–2022 Pre-ChatGPT Transition
DE,Deere & Company,2576325.0,1761524510.0,"Deere & Company, Q2 2022 Earnings Call, May 20, 2022",2022-05-20,502,0,0.0,2021–2022 Pre-ChatGPT Transition
DE,Deere & Company,2635314.0,1761524555.0,"Deere & Company, Q3 2022 Earnings Call, Aug 19, 2022",2022-08-19,556,0,0.0,2021–2022 Pre-ChatGPT Transition
DE,Deere & Company,3395364.0,1761524577.0,"Deere & Company, Q4 2022 Earnings Call, Nov 23, 2022",2022-11-23,521,0,0.0,2021–2022 Pre-ChatGPT Transition
DE,Deere & Company,2741424.0,1821801208.0,"Deere & Company, Q1 2023 Earnings Call, Feb 17, 2023",2023-02-17,549,0,0.0,2023 Initial GenAI Surge
DE,Deere & Company,2813558.0,1821812928.0,"Deere & Company, Q2 2023 Earnings Call, May 19, 2023",2023-05-19,522,0,0.0,2023 Initial GenAI Surge
DE,Deere & Company,3082423.0,1821813636.0,"Deere & Company, Q3 2023 Earnings Call, Aug 18, 2023",2023-08-18,531,0,0.0,2023 Initial GenAI Surge
DE,Deere & Company,3061763.0,1821813645.0,"Deere & Company, Q4 2023 Earnings Call, Nov 22, 2023",2023-11-22,528,0,0.0,2023 Initial GenAI Surge
DE,Deere & Company,3025734.0,1869162211.0,"Deere & Company, Q1 2024 Earnings Call, Feb 15, 2024",2024-02-15,573,0,0.0,2024–2025 AI Adoption Period
DE,Deere & Company,3130400.0,1877172467.0,"Deere & Company, Q2 2024 Earnings Call, May 16, 2024",2024-05-16,508,0,0.0,2024–2025 AI Adoption Period
DE,Deere & Company,3230703.0,1889467278.0,"Deere & Company, Q3 2024 Earnings Call, Aug 15, 2024",2024-08-15,507,0,0.0,2024–2025 AI Adoption Period
DE,Deere & Company,3351605.0,1891443119.0,"Deere & Company, Q4 2024 Earnings Call, Nov 21, 2024",2024-11-21,504,0,0.0,2024–2025 AI Adoption Period
DE,Deere & Company,3373690.0,1914197020.0,"Deere & Company, Q1 2025 Earnings Call, Feb 13, 2025",2025-02-13,600,0,0.0,2024–2025 AI Adoption Period
DE,Deere & Company,3458166.0,1937792462.0,"Deere & Company, Q2 2025 Earnings Call, May 15, 2025",2025-05-15,516,0,0.0,2024–2025 AI Adoption Period
DE,Deere & Company,3528425.0,1953397037.0,"Deere & Company, Q3 2025 Earnings Call, Aug 14, 2025",2025-08-14,597,3,0.0050251256281407,2024–2025 AI Adoption Period
DE,Deere & Company,3608011.0,1969745340.0,"Deere & Company, Q4 2025 Earnings Call, Nov 26, 2025",2025-11-26,588,0,0.0,2024–2025 AI Adoption Period
DELL,Dell Technologies Inc.,2224647.0,704032566.0,"Dell Technologies Inc., Q4 2021 Earnings Call, Feb 25, 2021",2021-02-25,553,2,0.0036166365280289,2021–2022 Pre-ChatGPT Transition
DELL,Dell Technologies Inc.,2303200.0,714488672.0,"Dell Technologies Inc., Q1 2022 Earnings Call, May 27, 2021",2021-05-27,456,2,0.0043859649122807,2021–2022 Pre-ChatGPT Transition
DELL,Dell Technologies Inc.,2399614.0,1677186610.0,"Dell Technologies Inc., Q2 2022 Earnings Call, Aug 26, 2021",2021-08-26,505,1,0.0019801980198019,2021–2022 Pre-ChatGPT Transition
DELL,Dell Technologies Inc.,2447945.0,1757431891.0,"Dell Technologies Inc., Q3 2022 Earnings Call, Nov 23, 2021",2021-11-23,447,0,0.0,2021–2022 Pre-ChatGPT Transition
DELL,Dell Technologies Inc.,2506984.0,1770541792.0,"Dell Technologies Inc., Q4 2022 Earnings Call, Feb 24, 2022",2022-02-24,467,0,0.0,2021–2022 Pre-ChatGPT Transition
DELL,Dell Technologies Inc.,2580253.0,1775395118.0,"Dell Technologies Inc., Q1 2023 Earnings Call, May 26, 2022",2022-05-26,564,1,0.00177304964539,2021–2022 Pre-ChatGPT Transition
DELL,Dell Technologies Inc.,2638686.0,1775395294.0,"Dell Technologies Inc., Q2 2023 Earnings Call, Aug 25, 2022",2022-08-25,526,1,0.0019011406844106,2021–2022 Pre-ChatGPT Transition
DELL,Dell Technologies Inc.,2695452.0,1775394960.0,"Dell Technologies Inc., Q3 2023 Earnings Call, Nov 21, 2022",2022-11-21,497,0,0.0,2021–2022 Pre-ChatGPT Transition
DELL,Dell Technologies Inc.,2756779.0,1826187572.0,"Dell Technologies Inc., Q4 2023 Earnings Call, Mar 02, 2023",2023-03-02,428,1,0.0023364485981308,2023 Initial GenAI Surge
DELL,Dell Technologies Inc.,2830173.0,1838079794.0,"Dell Technologies Inc., Q1 2024 Earnings Call, Jun 01, 2023",2023-06-01,456,23,0.050438596491228,2023 Initial GenAI Surge
DELL,Dell Technologies Inc.,2900477.0,1853001467.0,"Dell Technologies Inc., Q2 2024 Earnings Call, Aug 31, 2023",2023-08-31,479,58,0.1210855949895615,2023 Initial GenAI Surge
DELL,Dell Technologies Inc.,3055066.0,1857377441.0,"Dell Technologies Inc., Q3 2024 Earnings Call, Nov 30, 2023",2023-11-30,557,73,0.1310592459605027,2023 Initial GenAI Surge
DELL,Dell Technologies Inc.,3045744.0,1844512867.0,"Dell Technologies Inc., Q4 2024 Earnings Call, Feb 29, 2024",2024-02-29,498,71,0.142570281124498,2024–2025 AI Adoption Period
DELL,Dell Technologies Inc.,3148596.0,1875237932.0,"Dell Technologies Inc., Q1 2025 Earnings Call, May 30, 2024",2024-05-30,503,84,0.1669980119284294,2024–2025 AI Adoption Period
DELL,Dell Technologies Inc.,3246750.0,1891477262.0,"Dell Technologies Inc., Q2 2025 Earnings Call, Aug 29, 2024",2024-08-29,589,71,0.1205432937181663,2024–2025 AI Adoption Period
DELL,Dell Technologies Inc.,3319284.0,1903893111.0,"Dell Technologies Inc., Q3 2025 Earnings Call, Nov 26, 2024",2024-11-26,477,72,0.1509433962264151,2024–2025 AI Adoption Period
DELL,Dell Technologies Inc.,3387298.0,1931173421.0,"Dell Technologies Inc., Q4 2025 Earnings Call, Feb 27, 2025",2025-02-27,549,62,0.1129326047358834,2024–2025 AI Adoption Period
DELL,Dell Technologies Inc.,3495381.0,1943720015.0,"Dell Technologies Inc., Q1 2026 Earnings Call, May 29, 2025",2025-05-29,512,64,0.125,2024–2025 AI Adoption Period
DELL,Dell Technologies Inc.,3536976.0,1957267966.0,"Dell Technologies Inc., Q2 2026 Earnings Call, Aug 28, 2025",2025-08-28,457,53,0.1159737417943107,2024–2025 AI Adoption Period
DELL,Dell Technologies Inc.,3604842.0,1969985054.0,"Dell Technologies Inc., Q3 2026 Earnings Call, Nov 25, 2025",2025-11-25,472,49,0.1038135593220339,2024–2025 AI Adoption Period
DAL,"Delta Air Lines, Inc.",2249252.0,700481151.0,"Delta Air Lines, Inc., Q4 2020 Earnings Call, Jan 14, 2021",2021-01-14,764,0,0.0,2021–2022 Pre-ChatGPT Transition
DAL,"Delta Air Lines, Inc.",2252015.0,710020684.0,"Delta Air Lines, Inc., Q1 2021 Earnings Call, Apr 15, 2021",2021-04-15,680,0,0.0,2021–2022 Pre-ChatGPT Transition
DAL,"Delta Air Lines, Inc.",2345138.0,1672509022.0,"Delta Air Lines, Inc., Q2 2021 Earnings Call, Jul 14, 2021",2021-07-14,748,0,0.0,2021–2022 Pre-ChatGPT Transition
DAL,"Delta Air Lines, Inc.",2406001.0,1683353418.0,"Delta Air Lines, Inc., Q3 2021 Earnings Call, Oct 13, 2021",2021-10-13,689,0,0.0,2021–2022 Pre-ChatGPT Transition
DAL,"Delta Air Lines, Inc.",3001881.0,1762905479.0,"Delta Air Lines, Inc., Q4 2021 Earnings Call, Jan 13, 2022",2022-01-13,604,0,0.0,2021–2022 Pre-ChatGPT Transition
DAL,"Delta Air Lines, Inc.",2537613.0,1776369784.0,"Delta Air Lines, Inc., Q1 2022 Earnings Call, Apr 13, 2022",2022-04-13,532,0,0.0,2021–2022 Pre-ChatGPT Transition
DAL,"Delta Air Lines, Inc.",2597939.0,1788765849.0,"Delta Air Lines, Inc., Q2 2022 Earnings Call, Jul 13, 2022",2022-07-13,668,0,0.0,2021–2022 Pre-ChatGPT Transition
DAL,"Delta Air Lines, Inc.",2657432.0,1802619413.0,"Delta Air Lines, Inc., Q3 2022 Earnings Call, Oct 13, 2022",2022-10-13,615,0,0.0,2021–2022 Pre-ChatGPT Transition
DAL,"Delta Air Lines, Inc.",2718267.0,1820008088.0,"Delta Air Lines, Inc., Q4 2022 Earnings Call, Jan 13, 2023",2023-01-13,609,0,0.0,2023 Initial GenAI Surge
DAL,"Delta Air Lines, Inc.",2780400.0,1831232041.0,"Delta Air Lines, Inc., Q1 2023 Earnings Call, Apr 13, 2023",2023-04-13,559,0,0.0,2023 Initial GenAI Surge
DAL,"Delta Air Lines, Inc.",2850611.0,1842958383.0,"Delta Air Lines, Inc., Q2 2023 Earnings Call, Jul 13, 2023",2023-07-13,416,0,0.0,2023 Initial GenAI Surge
DAL,"Delta Air Lines, Inc.",2916871.0,1857147555.0,"Delta Air Lines, Inc., Q3 2023 Earnings Call, Oct 12, 2023",2023-10-12,549,0,0.0,2023 Initial GenAI Surge
DAL,"Delta Air Lines, Inc.",2994348.0,1866315951.0,"Delta Air Lines, Inc., Q4 2023 Earnings Call, Jan 12, 2024",2024-01-12,553,0,0.0,2024–2025 AI Adoption Period
DAL,"Delta Air Lines, Inc.",3083040.0,1875850389.0,"Delta Air Lines, Inc., Q1 2024 Earnings Call, Apr 10, 2024",2024-04-10,466,0,0.0,2024–2025 AI Adoption Period
DAL,"Delta Air Lines, Inc.",3266052.0,1885825883.0,"Delta Air Lines, Inc., Q2 2024 Earnings Call, Jul 11, 2024",2024-07-11,524,0,0.0,2024–2025 AI Adoption Period
DAL,"Delta Air Lines, Inc.",3280081.0,1898362971.0,"Delta Air Lines, Inc., Q3 2024 Earnings Call, Oct 10, 2024",2024-10-10,502,2,0.0039840637450199,2024–2025 AI Adoption Period
DAL,"Delta Air Lines, Inc.",3354060.0,1913330294.0,"Delta Air Lines, Inc., Q4 2024 Earnings Call, Jan 10, 2025",2025-01-10,507,1,0.0019723865877712,2024–2025 AI Adoption Period
DAL,"Delta Air Lines, Inc.",3415347.0,1936776290.0,"Delta Air Lines, Inc., Q1 2025 Earnings Call, Apr 09, 2025",2025-04-09,528,0,0.0,2024–2025 AI Adoption Period
DAL,"Delta Air Lines, Inc.",3496208.0,1950664430.0,"Delta Air Lines, Inc., H1 2025 Earnings Call, Jul 10, 2025",2025-07-10,547,2,0.0036563071297989,2024–2025 AI Adoption Period
DAL,"Delta Air Lines, Inc.",3622381.0,1961005871.0,"Delta Air Lines, Inc., Q3 2025 Earnings Call, Oct 09, 2025",2025-10-09,585,0,0.0,2024–2025 AI Adoption Period
DTE,Deutsche Telekom AG,2287542.0,704152258.0,"Deutsche Telekom AG, Q4 2020 Earnings Call, Feb 26, 2021",2021-02-26,1086,0,0.0,2021–2022 Pre-ChatGPT Transition
DTE,Deutsche Telekom AG,2282463.0,714546869.0,"Deutsche Telekom AG, Q1 2021 Earnings Call, May 12, 2021",2021-05-12,709,0,0.0,2021–2022 Pre-ChatGPT Transition
DTE,Deutsche Telekom AG,2376016.0,1677181260.0,"Deutsche Telekom AG, Q2 2021 Earnings Call, Aug 12, 2021",2021-08-12,822,0,0.0,2021–2022 Pre-ChatGPT Transition
DTE,Deutsche Telekom AG,2437846.0,696363377.0,"Deutsche Telekom AG, Q3 2021 Earnings Call, Nov 12, 2021",2021-11-12,765,2,0.0026143790849673,2021–2022 Pre-ChatGPT Transition
DTE,Deutsche Telekom AG,2505636.0,1770552475.0,"Deutsche Telekom AG, Q4 2021 Earnings Call, Feb 24, 2022",2022-02-24,895,0,0.0,2021–2022 Pre-ChatGPT Transition
DTE,Deutsche Telekom AG,2571783.0,1781040055.0,"Deutsche Telekom AG, Q1 2022 Earnings Call, May 13, 2022",2022-05-13,796,0,0.0,2021–2022 Pre-ChatGPT Transition
DTE,Deutsche Telekom AG,2627961.0,1793542378.0,"Deutsche Telekom AG, Q2 2022 Earnings Call, Aug 11, 2022",2022-08-11,876,0,0.0,2021–2022 Pre-ChatGPT Transition
DTE,Deutsche Telekom AG,2684594.0,1806218197.0,"Deutsche Telekom AG, Q3 2022 Earnings Call, Nov 10, 2022",2022-11-10,817,0,0.0,2021–2022 Pre-ChatGPT Transition
DTE,Deutsche Telekom AG,2749666.0,1825023716.0,"Deutsche Telekom AG, 2022 Earnings Call, Feb 23, 2023",2023-02-23,862,0,0.0,2023 Initial GenAI Surge
DTE,Deutsche Telekom AG,2803501.0,1835153162.0,"Deutsche Telekom AG, Q1 2023 Earnings Call, May 11, 2023",2023-05-11,710,16,0.0225352112676056,2023 Initial GenAI Surge
DTE,Deutsche Telekom AG,2896491.0,1849380320.0,"Deutsche Telekom AG, Q2 2023 Earnings Call, Aug 10, 2023",2023-08-10,553,16,0.0289330922242314,2023 Initial GenAI Surge
DTE,Deutsche Telekom AG,2950230.0,1860068567.0,"Deutsche Telekom AG, Q3 2023 Earnings Call, Nov 09, 2023",2023-11-09,921,6,0.006514657980456,2023 Initial GenAI Surge
DTE,Deutsche Telekom AG,3035817.0,1871296261.0,"Deutsche Telekom AG, 2023 Earnings Call, Feb 23, 2024",2024-02-23,696,12,0.0172413793103448,2024–2025 AI Adoption Period
DTE,Deutsche Telekom AG,3130329.0,1876453487.0,"Deutsche Telekom AG, Q1 2024 Earnings Call, May 16, 2024",2024-05-16,678,4,0.0058997050147492,2024–2025 AI Adoption Period
DTE,Deutsche Telekom AG,3219473.0,1888842012.0,"Deutsche Telekom AG, Q2 2024 Earnings Call, Aug 08, 2024",2024-08-08,675,14,0.0207407407407407,2024–2025 AI Adoption Period
DTE,Deutsche Telekom AG,3310808.0,1876453491.0,"Deutsche Telekom AG, Q3 2024 Earnings Call, Nov 14, 2024",2024-11-14,552,0,0.0,2024–2025 AI Adoption Period
DTE,Deutsche Telekom AG,3385344.0,1930994447.0,"Deutsche Telekom AG, 2024 Earnings Call, Feb 26, 2025",2025-02-26,991,9,0.0090817356205852,2024–2025 AI Adoption Period
DTE,Deutsche Telekom AG,3458168.0,1941697145.0,"Deutsche Telekom AG, Q1 2025 Earnings Call, May 15, 2025",2025-05-15,728,12,0.0164835164835164,2024–2025 AI Adoption Period
DTE,Deutsche Telekom AG,3523247.0,1954479256.0,"Deutsche Telekom AG, Q2 2025 Earnings Call, Aug 07, 2025",2025-08-07,756,18,0.0238095238095238,2024–2025 AI Adoption Period
DTE,Deutsche Telekom AG,3592314.0,1968847737.0,"Deutsche Telekom AG, Q3 2025 Earnings Call, Nov 13, 2025",2025-11-13,629,39,0.0620031796502384,2024–2025 AI Adoption Period
DVN,Devon Energy Corporation,2213787.0,700518246.0,"Devon Energy Corporation, Q4 2020 Earnings Call, Feb 17, 2021",2021-02-17,563,0,0.0,2021–2022 Pre-ChatGPT Transition
DVN,Devon Energy Corporation,2296633.0,709696111.0,"Devon Energy Corporation, Q1 2021 Earnings Call, May 05, 2021",2021-05-05,578,2,0.0034602076124567,2021–2022 Pre-ChatGPT Transition
DVN,Devon Energy Corporation,2362813.0,1671821784.0,"Devon Energy Corporation, Q2 2021 Earnings Call, Aug 04, 2021",2021-08-04,563,0,0.0,2021–2022 Pre-ChatGPT Transition
DVN,Devon Energy Corporation,2423340.0,1682617453.0,"Devon Energy Corporation, Q3 2021 Earnings Call, Nov 03, 2021",2021-11-03,544,0,0.0,2021–2022 Pre-ChatGPT Transition
DVN,Devon Energy Corporation,2496106.0,1763376701.0,"Devon Energy Corporation, Q4 2021 Earnings Call, Feb 16, 2022",2022-02-16,526,0,0.0,2021–2022 Pre-ChatGPT Transition
DVN,Devon Energy Corporation,2596047.0,1775435998.0,"Devon Energy Corporation, Q1 2022 Earnings Call, May 03, 2022",2022-05-03,516,1,0.001937984496124,2021–2022 Pre-ChatGPT Transition
DVN,Devon Energy Corporation,2612233.0,1787720354.0,"Devon Energy Corporation, Q2 2022 Earnings Call, Aug 02, 2022",2022-08-02,506,0,0.0,2021–2022 Pre-ChatGPT Transition
DVN,Devon Energy Corporation,2672347.0,1801127984.0,"Devon Energy Corporation, Q3 2022 Earnings Call, Nov 02, 2022",2022-11-02,508,0,0.0,2021–2022 Pre-ChatGPT Transition
DVN,Devon Energy Corporation,3259843.0,1821465715.0,"Devon Energy Corporation, Q4 2022 Earnings Call, Feb 15, 2023",2023-02-15,516,0,0.0,2023 Initial GenAI Surge
DVN,Devon Energy Corporation,2799597.0,1832799005.0,"Devon Energy Corporation, Q1 2023 Earnings Call, May 09, 2023",2023-05-09,538,0,0.0,2023 Initial GenAI Surge
DVN,Devon Energy Corporation,2866215.0,1846098881.0,"Devon Energy Corporation, Q2 2023 Earnings Call, Aug 02, 2023",2023-08-02,500,0,0.0,2023 Initial GenAI Surge
DVN,Devon Energy Corporation,2943218.0,1856315175.0,"Devon Energy Corporation, Q3 2023 Earnings Call, Nov 08, 2023",2023-11-08,536,0,0.0,2023 Initial GenAI Surge
DVN,Devon Energy Corporation,3354168.0,1868666383.0,"Devon Energy Corporation, Q4 2023 Earnings Call, Feb 28, 2024",2024-02-28,562,0,0.0,2024–2025 AI Adoption Period
DVN,Devon Energy Corporation,3107188.0,1875858609.0,"Devon Energy Corporation, Q1 2024 Earnings Call, May 02, 2024",2024-05-02,500,0,0.0,2024–2025 AI Adoption Period
DVN,Devon Energy Corporation,3216946.0,1885566176.0,"Devon Energy Corporation, Q2 2024 Earnings Call, Aug 07, 2024",2024-08-07,547,0,0.0,2024–2025 AI Adoption Period
DVN,Devon Energy Corporation,3300494.0,1898367057.0,"Devon Energy Corporation, Q3 2024 Earnings Call, Nov 06, 2024",2024-11-06,581,1,0.0017211703958691,2024–2025 AI Adoption Period
DVN,Devon Energy Corporation,3377936.0,1915303632.0,"Devon Energy Corporation, Q4 2024 Earnings Call, Feb 19, 2025",2025-02-19,566,0,0.0,2024–2025 AI Adoption Period
DVN,Devon Energy Corporation,3443255.0,1936451390.0,"Devon Energy Corporation, Q1 2025 Earnings Call, May 07, 2025",2025-05-07,533,4,0.0075046904315197,2024–2025 AI Adoption Period
DVN,Devon Energy Corporation,3517119.0,1950051615.0,"Devon Energy Corporation, Q2 2025 Earnings Call, Aug 06, 2025",2025-08-06,536,6,0.0111940298507462,2024–2025 AI Adoption Period
DVN,Devon Energy Corporation,3609383.0,1961821481.0,"Devon Energy Corporation, Q3 2025 Earnings Call, Nov 06, 2025",2025-11-06,491,9,0.0183299389002036,2024–2025 AI Adoption Period
DXCM,"DexCom, Inc.",2246858.0,700824647.0,"DexCom, Inc., Q4 2020 Earnings Call, Feb 11, 2021",2021-02-11,631,0,0.0,2021–2022 Pre-ChatGPT Transition
DXCM,"DexCom, Inc.",2263978.0,710057246.0,"DexCom, Inc., Q1 2021 Earnings Call, Apr 29, 2021",2021-04-29,552,0,0.0,2021–2022 Pre-ChatGPT Transition
DXCM,"DexCom, Inc.",2355459.0,1673267538.0,"DexCom, Inc., Q2 2021 Earnings Call, Jul 29, 2021",2021-07-29,535,0,0.0,2021–2022 Pre-ChatGPT Transition
DXCM,"DexCom, Inc.",2416772.0,1684352479.0,"DexCom, Inc., Q3 2021 Earnings Call, Oct 28, 2021",2021-10-28,553,0,0.0,2021–2022 Pre-ChatGPT Transition
DXCM,"DexCom, Inc.",2512017.0,1763810036.0,"DexCom, Inc., Q4 2021 Earnings Call, Feb 10, 2022",2022-02-10,557,0,0.0,2021–2022 Pre-ChatGPT Transition
DXCM,"DexCom, Inc.",2547566.0,1776490875.0,"DexCom, Inc., Q1 2022 Earnings Call, Apr 28, 2022",2022-04-28,454,0,0.0,2021–2022 Pre-ChatGPT Transition
DXCM,"DexCom, Inc.",2608236.0,1789000685.0,"DexCom, Inc., Q2 2022 Earnings Call, Jul 28, 2022",2022-07-28,400,0,0.0,2021–2022 Pre-ChatGPT Transition
DXCM,"DexCom, Inc.",2666699.0,1802626244.0,"DexCom, Inc., Q3 2022 Earnings Call, Oct 27, 2022",2022-10-27,499,0,0.0,2021–2022 Pre-ChatGPT Transition
DXCM,"DexCom, Inc.",2733875.0,1821179420.0,"DexCom, Inc., Q4 2022 Earnings Call, Feb 09, 2023",2023-02-09,600,0,0.0,2023 Initial GenAI Surge
DXCM,"DexCom, Inc.",3204445.0,1832316894.0,"DexCom, Inc., Q1 2023 Earnings Call, Apr 27, 2023",2023-04-27,505,0,0.0,2023 Initial GenAI Surge
DXCM,"DexCom, Inc.",2861142.0,1847111586.0,"DexCom, Inc., Q2 2023 Earnings Call, Jul 27, 2023",2023-07-27,533,0,0.0,2023 Initial GenAI Surge
DXCM,"DexCom, Inc.",2928162.0,1857260221.0,"DexCom, Inc., Q3 2023 Earnings Call, Oct 26, 2023",2023-10-26,551,0,0.0,2023 Initial GenAI Surge
DXCM,"DexCom, Inc.",3109452.0,1867784812.0,"DexCom, Inc., Q4 2023 Earnings Call, Feb 08, 2024",2024-02-08,617,0,0.0,2024–2025 AI Adoption Period
DXCM,"DexCom, Inc.",3097852.0,1876680869.0,"DexCom, Inc., Q1 2024 Earnings Call, Apr 25, 2024",2024-04-25,626,0,0.0,2024–2025 AI Adoption Period
DXCM,"DexCom, Inc.",3197103.0,1885825431.0,"DexCom, Inc., Q2 2024 Earnings Call, Jul 25, 2024",2024-07-25,656,0,0.0,2024–2025 AI Adoption Period
DXCM,"DexCom, Inc.",3288806.0,1898985325.0,"DexCom, Inc., Q3 2024 Earnings Call, Oct 24, 2024",2024-10-24,615,0,0.0,2024–2025 AI Adoption Period
DXCM,"DexCom, Inc.",3374146.0,1916480291.0,"DexCom, Inc., Q4 2024 Earnings Call, Feb 13, 2025",2025-02-13,656,7,0.010670731707317,2024–2025 AI Adoption Period
DXCM,"DexCom, Inc.",3487107.0,1937714243.0,"DexCom, Inc., Q1 2025 Earnings Call, May 01, 2025",2025-05-01,627,1,0.0015948963317384,2024–2025 AI Adoption Period
DXCM,"DexCom, Inc.",3509006.0,1951458889.0,"DexCom, Inc., Q2 2025 Earnings Call, Jul 30, 2025",2025-07-30,618,3,0.0048543689320388,2024–2025 AI Adoption Period
DXCM,"DexCom, Inc.",3580309.0,1962909019.0,"DexCom, Inc., Q3 2025 Earnings Call, Oct 30, 2025",2025-10-30,636,0,0.0,2024–2025 AI Adoption Period
FANG,"Diamondback Energy, Inc.",2519317.0,700978123.0,"Diamondback Energy, Inc., Q4 2020 Earnings Call, Feb 23, 2021",2021-02-23,526,0,0.0,2021–2022 Pre-ChatGPT Transition
FANG,"Diamondback Energy, Inc.",2268464.0,709745770.0,"Diamondback Energy, Inc., Q1 2021 Earnings Call, May 04, 2021",2021-05-04,370,0,0.0,2021–2022 Pre-ChatGPT Transition
FANG,"Diamondback Energy, Inc.",2360700.0,1672569597.0,"Diamondback Energy, Inc., Q2 2021 Earnings Call, Aug 03, 2021",2021-08-03,377,0,0.0,2021–2022 Pre-ChatGPT Transition
FANG,"Diamondback Energy, Inc.",2421461.0,1683288838.0,"Diamondback Energy, Inc., Q3 2021 Earnings Call, Nov 02, 2021",2021-11-02,397,0,0.0,2021–2022 Pre-ChatGPT Transition
FANG,"Diamondback Energy, Inc.",2503570.0,1763862267.0,"Diamondback Energy, Inc., Q4 2021 Earnings Call, Feb 23, 2022",2022-02-23,463,0,0.0,2021–2022 Pre-ChatGPT Transition
FANG,"Diamondback Energy, Inc.",2550975.0,1777134514.0,"Diamondback Energy, Inc., Q1 2022 Earnings Call, May 03, 2022",2022-05-03,451,0,0.0,2021–2022 Pre-ChatGPT Transition
FANG,"Diamondback Energy, Inc.",2612138.0,1789135129.0,"Diamondback Energy, Inc., Q2 2022 Earnings Call, Aug 02, 2022",2022-08-02,420,0,0.0,2021–2022 Pre-ChatGPT Transition
FANG,"Diamondback Energy, Inc.",2679039.0,1802492498.0,"Diamondback Energy, Inc., Q3 2022 Earnings Call, Nov 08, 2022",2022-11-08,369,0,0.0,2021–2022 Pre-ChatGPT Transition
FANG,"Diamondback Energy, Inc.",2747751.0,1821247342.0,"Diamondback Energy, Inc., Q4 2022 Earnings Call, Feb 22, 2023",2023-02-22,413,0,0.0,2023 Initial GenAI Surge
FANG,"Diamondback Energy, Inc.",2791781.0,1831133795.0,"Diamondback Energy, Inc., Q1 2023 Earnings Call, May 02, 2023",2023-05-02,438,0,0.0,2023 Initial GenAI Surge
FANG,"Diamondback Energy, Inc.",2906179.0,1845090582.0,"Diamondback Energy, Inc., Q2 2023 Earnings Call, Aug 01, 2023",2023-08-01,291,0,0.0,2023 Initial GenAI Surge
FANG,"Diamondback Energy, Inc.",2939923.0,1856325431.0,"Diamondback Energy, Inc., Q3 2023 Earnings Call, Nov 07, 2023",2023-11-07,442,0,0.0,2023 Initial GenAI Surge
FANG,"Diamondback Energy, Inc.",3031419.0,1868180574.0,"Diamondback Energy, Inc., Q4 2023 Earnings Call, Feb 21, 2024",2024-02-21,274,0,0.0,2024–2025 AI Adoption Period
FANG,"Diamondback Energy, Inc.",3104743.0,1875622843.0,"Diamondback Energy, Inc., Q1 2024 Earnings Call, May 01, 2024",2024-05-01,307,5,0.01628664495114,2024–2025 AI Adoption Period
FANG,"Diamondback Energy, Inc.",3214641.0,1885495428.0,"Diamondback Energy, Inc., Q2 2024 Earnings Call, Aug 06, 2024",2024-08-06,416,0,0.0,2024–2025 AI Adoption Period
FANG,"Diamondback Energy, Inc.",3298870.0,1898657547.0,"Diamondback Energy, Inc., Q3 2024 Earnings Call, Nov 05, 2024",2024-11-05,514,1,0.0019455252918287,2024–2025 AI Adoption Period
FANG,"Diamondback Energy, Inc.",3383704.0,1916129564.0,"Diamondback Energy, Inc., Q4 2024 Earnings Call, Feb 25, 2025",2025-02-25,324,0,0.0,2024–2025 AI Adoption Period
FANG,"Diamondback Energy, Inc.",3441567.0,1935578592.0,"Diamondback Energy, Inc., Q1 2025 Earnings Call, May 06, 2025",2025-05-06,445,1,0.0022471910112359,2024–2025 AI Adoption Period
FANG,"Diamondback Energy, Inc.",3562048.0,1950768234.0,"Diamondback Energy, Inc., Q2 2025 Earnings Call, Aug 05, 2025",2025-08-05,471,2,0.0042462845010615,2024–2025 AI Adoption Period
FANG,"Diamondback Energy, Inc.",3590461.0,1962636484.0,"Diamondback Energy, Inc., Q3 2025 Earnings Call, Nov 04, 2025",2025-11-04,421,0,0.0,2024–2025 AI Adoption Period
DLR,"Digital Realty Trust, Inc.",2247482.0,699808467.0,"Digital Realty Trust, Inc., Q4 2020 Earnings Call, Feb 11, 2021",2021-02-11,457,0,0.0,2021–2022 Pre-ChatGPT Transition
DLR,"Digital Realty Trust, Inc.",2264259.0,709905640.0,"Digital Realty Trust, Inc., Q1 2021 Earnings Call, Apr 29, 2021",2021-04-29,496,5,0.0100806451612903,2021–2022 Pre-ChatGPT Transition
DLR,"Digital Realty Trust, Inc.",2355726.0,1672557582.0,"Digital Realty Trust, Inc., Q2 2021 Earnings Call, Jul 29, 2021",2021-07-29,476,1,0.0021008403361344,2021–2022 Pre-ChatGPT Transition
DLR,"Digital Realty Trust, Inc.",2413305.0,1683529339.0,"Digital Realty Trust, Inc., Q3 2021 Earnings Call, Oct 26, 2021",2021-10-26,501,0,0.0,2021–2022 Pre-ChatGPT Transition
DLR,"Digital Realty Trust, Inc.",2498398.0,1764116763.0,"Digital Realty Trust, Inc., Q4 2021 Earnings Call, Feb 17, 2022",2022-02-17,477,1,0.0020964360587002,2021–2022 Pre-ChatGPT Transition
DLR,"Digital Realty Trust, Inc.",2547631.0,1777140510.0,"Digital Realty Trust, Inc., Q1 2022 Earnings Call, Apr 28, 2022",2022-04-28,485,0,0.0,2021–2022 Pre-ChatGPT Transition
DLR,"Digital Realty Trust, Inc.",2608349.0,1789000523.0,"Digital Realty Trust, Inc., Q2 2022 Earnings Call, Jul 28, 2022",2022-07-28,459,1,0.0021786492374727,2021–2022 Pre-ChatGPT Transition
DLR,"Digital Realty Trust, Inc.",2665536.0,1802961378.0,"Digital Realty Trust, Inc., Q3 2022 Earnings Call, Oct 26, 2022",2022-10-26,446,0,0.0,2021–2022 Pre-ChatGPT Transition
DLR,"Digital Realty Trust, Inc.",2740679.0,1820605471.0,"Digital Realty Trust, Inc., Q4 2022 Earnings Call, Feb 16, 2023",2023-02-16,449,10,0.0222717149220489,2023 Initial GenAI Surge
DLR,"Digital Realty Trust, Inc.",2790111.0,1832682784.0,"Digital Realty Trust, Inc., Q1 2023 Earnings Call, Apr 27, 2023",2023-04-27,489,14,0.0286298568507157,2023 Initial GenAI Surge
DLR,"Digital Realty Trust, Inc.",2861242.0,1846940833.0,"Digital Realty Trust, Inc., Q2 2023 Earnings Call, Jul 27, 2023",2023-07-27,457,20,0.0437636761487965,2023 Initial GenAI Surge
DLR,"Digital Realty Trust, Inc.",3065037.0,1857973736.0,"Digital Realty Trust, Inc., Q3 2023 Earnings Call, Oct 26, 2023",2023-10-26,424,15,0.035377358490566,2023 Initial GenAI Surge
DLR,"Digital Realty Trust, Inc.",3026362.0,1867340407.0,"Digital Realty Trust, Inc., Q4 2023 Earnings Call, Feb 15, 2024",2024-02-15,401,22,0.054862842892768,2024–2025 AI Adoption Period
DLR,"Digital Realty Trust, Inc.",3108053.0,1876588141.0,"Digital Realty Trust, Inc., Q1 2024 Earnings Call, May 02, 2024",2024-05-02,425,42,0.0988235294117647,2024–2025 AI Adoption Period
DLR,"Digital Realty Trust, Inc.",3197154.0,1886193018.0,"Digital Realty Trust, Inc., Q2 2024 Earnings Call, Jul 25, 2024",2024-07-25,432,27,0.0625,2024–2025 AI Adoption Period
DLR,"Digital Realty Trust, Inc.",3288828.0,1899172126.0,"Digital Realty Trust, Inc., Q3 2024 Earnings Call, Oct 24, 2024",2024-10-24,474,20,0.0421940928270042,2024–2025 AI Adoption Period
DLR,"Digital Realty Trust, Inc.",3374229.0,1914772757.0,"Digital Realty Trust, Inc., Q4 2024 Earnings Call, Feb 13, 2025",2025-02-13,453,26,0.0573951434878587,2024–2025 AI Adoption Period
DLR,"Digital Realty Trust, Inc.",3424935.0,1937155584.0,"Digital Realty Trust, Inc., Q1 2025 Earnings Call, Apr 24, 2025",2025-04-24,426,22,0.0516431924882629,2024–2025 AI Adoption Period
DLR,"Digital Realty Trust, Inc.",3503808.0,1951480095.0,"Digital Realty Trust, Inc., Q2 2025 Earnings Call, Jul 24, 2025",2025-07-24,469,29,0.0618336886993603,2024–2025 AI Adoption Period
DLR,"Digital Realty Trust, Inc.",3620102.0,1962810489.0,"Digital Realty Trust, Inc., Q3 2025 Earnings Call, Oct 23, 2025",2025-10-23,432,33,0.0763888888888889,2024–2025 AI Adoption Period
DG,Dollar General Corporation,2248928.0,704753496.0,"Dollar General Corporation, Q4 2021 Earnings Call, Mar 18, 2021",2021-03-18,553,0,0.0,2021–2022 Pre-ChatGPT Transition
DG,Dollar General Corporation,2339923.0,713832935.0,"Dollar General Corporation, Q1 2022 Earnings Call, May 27, 2021",2021-05-27,485,0,0.0,2021–2022 Pre-ChatGPT Transition
DG,Dollar General Corporation,2386823.0,1675573700.0,"Dollar General Corporation, Q2 2022 Earnings Call, Aug 26, 2021",2021-08-26,452,0,0.0,2021–2022 Pre-ChatGPT Transition
DG,Dollar General Corporation,2454402.0,1687065329.0,"Dollar General Corporation, Q3 2022 Earnings Call, Dec 02, 2021",2021-12-02,454,0,0.0,2021–2022 Pre-ChatGPT Transition
DG,Dollar General Corporation,2527096.0,1771773416.0,"Dollar General Corporation, Q4 2022 Earnings Call, Mar 17, 2022",2022-03-17,513,0,0.0,2021–2022 Pre-ChatGPT Transition
DG,Dollar General Corporation,2579800.0,1781531462.0,"Dollar General Corporation, Q1 2023 Earnings Call, May 26, 2022",2022-05-26,450,0,0.0,2021–2022 Pre-ChatGPT Transition
DG,Dollar General Corporation,2638298.0,1794344568.0,"Dollar General Corporation, Q2 2023 Earnings Call, Aug 25, 2022",2022-08-25,490,0,0.0,2021–2022 Pre-ChatGPT Transition
DG,Dollar General Corporation,2700911.0,1814014807.0,"Dollar General Corporation, Q3 2023 Earnings Call, Dec 01, 2022",2022-12-01,513,0,0.0,2023 Initial GenAI Surge
DG,Dollar General Corporation,2766886.0,1827037154.0,"Dollar General Corporation, Q4 2023 Earnings Call, Mar 16, 2023",2023-03-16,489,0,0.0,2023 Initial GenAI Surge
DG,Dollar General Corporation,2829837.0,1836916408.0,"Dollar General Corporation, Q1 2024 Earnings Call, Jun 01, 2023",2023-06-01,483,0,0.0,2023 Initial GenAI Surge
DG,Dollar General Corporation,2900256.0,1849995264.0,"Dollar General Corporation, Q2 2024 Earnings Call, Aug 31, 2023",2023-08-31,470,0,0.0,2023 Initial GenAI Surge
DG,Dollar General Corporation,2978649.0,1861561744.0,"Dollar General Corporation, Q3 2024 Earnings Call, Dec 07, 2023",2023-12-07,484,0,0.0,2023 Initial GenAI Surge
DG,Dollar General Corporation,3062481.0,1871705897.0,"Dollar General Corporation, Q4 2024 Earnings Call, Mar 14, 2024",2024-03-14,447,4,0.0089485458612975,2024–2025 AI Adoption Period
DG,Dollar General Corporation,3148338.0,1879933606.0,"Dollar General Corporation, Q1 2025 Earnings Call, May 30, 2024",2024-05-30,478,0,0.0,2024–2025 AI Adoption Period
DG,Dollar General Corporation,3249777.0,1889495627.0,"Dollar General Corporation, Q2 2025 Earnings Call, Aug 29, 2024",2024-08-29,451,0,0.0,2024–2025 AI Adoption Period
DG,Dollar General Corporation,3332535.0,1903350457.0,"Dollar General Corporation, Q3 2025 Earnings Call, Dec 05, 2024",2024-12-05,453,0,0.0,2024–2025 AI Adoption Period
DG,Dollar General Corporation,3399866.0,1932712313.0,"Dollar General Corporation, Q4 2025 Earnings Call, Mar 13, 2025",2025-03-13,458,0,0.0,2024–2025 AI Adoption Period
DG,Dollar General Corporation,3475710.0,1942161692.0,"Dollar General Corporation, Q1 2026 Earnings Call, Jun 03, 2025",2025-06-03,496,0,0.0,2024–2025 AI Adoption Period
DG,Dollar General Corporation,3536612.0,1955236009.0,"Dollar General Corporation, Q2 2026 Earnings Call, Aug 28, 2025",2025-08-28,473,0,0.0,2024–2025 AI Adoption Period
DG,Dollar General Corporation,3613471.0,1969343718.0,"Dollar General Corporation, Q3 2026 Earnings Call, Dec 04, 2025",2025-12-04,471,4,0.0084925690021231,2024–2025 AI Adoption Period
DLTR,"Dollar Tree, Inc.",2229640.0,704632961.0,"Dollar Tree, Inc., Q4 2021 Earnings Call, Mar 03, 2021",2021-03-03,545,0,0.0,2021–2022 Pre-ChatGPT Transition
DLTR,"Dollar Tree, Inc.",2302715.0,714712155.0,"Dollar Tree, Inc., Q1 2022 Earnings Call, May 27, 2021",2021-05-27,552,0,0.0,2021–2022 Pre-ChatGPT Transition
DLTR,"Dollar Tree, Inc.",2386819.0,1677186359.0,"Dollar Tree, Inc., Q2 2022 Earnings Call, Aug 26, 2021",2021-08-26,487,0,0.0,2021–2022 Pre-ChatGPT Transition
DLTR,"Dollar Tree, Inc.",2459043.0,1757429359.0,"Dollar Tree, Inc., Q3 2022 Earnings Call, Nov 23, 2021",2021-11-23,438,0,0.0,2021–2022 Pre-ChatGPT Transition
DLTR,"Dollar Tree, Inc.",2514205.0,1771622060.0,"Dollar Tree, Inc., Q4 2022 Earnings Call, Mar 02, 2022",2022-03-02,485,0,0.0,2021–2022 Pre-ChatGPT Transition
DLTR,"Dollar Tree, Inc.",2579784.0,1782584305.0,"Dollar Tree, Inc., Q1 2023 Earnings Call, May 26, 2022",2022-05-26,494,0,0.0,2021–2022 Pre-ChatGPT Transition
DLTR,"Dollar Tree, Inc.",2638368.0,1796248320.0,"Dollar Tree, Inc., Q2 2023 Earnings Call, Aug 25, 2022",2022-08-25,464,0,0.0,2021–2022 Pre-ChatGPT Transition
DLTR,"Dollar Tree, Inc.",2695901.0,1814502991.0,"Dollar Tree, Inc., Q3 2023 Earnings Call, Nov 22, 2022",2022-11-22,440,0,0.0,2021–2022 Pre-ChatGPT Transition
DLTR,"Dollar Tree, Inc.",2758337.0,1825974722.0,"Dollar Tree, Inc., Q4 2023 Earnings Call, Mar 01, 2023",2023-03-01,460,0,0.0,2023 Initial GenAI Surge
DLTR,"Dollar Tree, Inc.",2821443.0,1837519198.0,"Dollar Tree, Inc., Q1 2024 Earnings Call, May 25, 2023",2023-05-25,460,0,0.0,2023 Initial GenAI Surge
DLTR,"Dollar Tree, Inc.",2892466.0,1852306033.0,"Dollar Tree, Inc., Q2 2024 Earnings Call, Aug 24, 2023",2023-08-24,406,0,0.0,2023 Initial GenAI Surge
DLTR,"Dollar Tree, Inc.",2969632.0,1861452370.0,"Dollar Tree, Inc., Q3 2024 Earnings Call, Nov 29, 2023",2023-11-29,408,0,0.0,2023 Initial GenAI Surge
DLTR,"Dollar Tree, Inc.",3060805.0,1872894379.0,"Dollar Tree, Inc., Q4 2024 Earnings Call, Mar 13, 2024",2024-03-13,464,0,0.0,2024–2025 AI Adoption Period
DLTR,"Dollar Tree, Inc.",3152620.0,1881690737.0,"Dollar Tree, Inc., Q1 2025 Earnings Call, Jun 05, 2024",2024-06-05,446,0,0.0,2024–2025 AI Adoption Period
DLTR,"Dollar Tree, Inc.",3259542.0,1891943892.0,"Dollar Tree, Inc., Q2 2025 Earnings Call, Sep 04, 2024",2024-09-04,482,0,0.0,2024–2025 AI Adoption Period
DLTR,"Dollar Tree, Inc.",3330547.0,1904585977.0,"Dollar Tree, Inc., Q3 2025 Earnings Call, Dec 04, 2024",2024-12-04,511,0,0.0,2024–2025 AI Adoption Period
DLTR,"Dollar Tree, Inc.",3413311.0,1933799441.0,"Dollar Tree, Inc., Q4 2025 Earnings Call, Mar 26, 2025",2025-03-26,526,0,0.0,2024–2025 AI Adoption Period
DLTR,"Dollar Tree, Inc.",3476698.0,1944353414.0,"Dollar Tree, Inc., Q1 2026 Earnings Call, Jun 04, 2025",2025-06-04,489,0,0.0,2024–2025 AI Adoption Period
DLTR,"Dollar Tree, Inc.",3551360.0,1956637024.0,"Dollar Tree, Inc., Q2 2026 Earnings Call, Sep 03, 2025",2025-09-03,501,0,0.0,2024–2025 AI Adoption Period
DLTR,"Dollar Tree, Inc.",3612346.0,1970990587.0,"Dollar Tree, Inc., Q3 2026 Earnings Call, Dec 03, 2025",2025-12-03,479,0,0.0,2024–2025 AI Adoption Period
D,"Dominion Energy, Inc.",2208967.0,700658153.0,"Dominion Energy, Inc., Q4 2020 Earnings Call, Feb 12, 2021",2021-02-12,632,0,0.0,2021–2022 Pre-ChatGPT Transition
D,"Dominion Energy, Inc.",2268437.0,710499478.0,"Dominion Energy, Inc., Q1 2021 Earnings Call, May 04, 2021",2021-05-04,391,0,0.0,2021–2022 Pre-ChatGPT Transition
D,"Dominion Energy, Inc.",2392580.0,1673288700.0,"Dominion Energy, Inc., Q2 2021 Earnings Call, Aug 06, 2021",2021-08-06,311,0,0.0,2021–2022 Pre-ChatGPT Transition
D,"Dominion Energy, Inc.",2428151.0,1684541233.0,"Dominion Energy, Inc., Q3 2021 Earnings Call, Nov 05, 2021",2021-11-05,387,0,0.0,2021–2022 Pre-ChatGPT Transition
D,"Dominion Energy, Inc.",2492064.0,1763980432.0,"Dominion Energy, Inc., Q4 2021 Earnings Call, Feb 11, 2022",2022-02-11,364,0,0.0,2021–2022 Pre-ChatGPT Transition
D,"Dominion Energy, Inc.",2555268.0,1777134584.0,"Dominion Energy, Inc., Q1 2022 Earnings Call, May 05, 2022",2022-05-05,360,0,0.0,2021–2022 Pre-ChatGPT Transition
D,"Dominion Energy, Inc.",2652777.0,1789735104.0,"Dominion Energy, Inc., Q2 2022 Earnings Call, Aug 08, 2022",2022-08-08,433,0,0.0,2021–2022 Pre-ChatGPT Transition
D,"Dominion Energy, Inc.",2676409.0,1803344235.0,"Dominion Energy, Inc., Q3 2022 Earnings Call, Nov 04, 2022",2022-11-04,465,0,0.0,2021–2022 Pre-ChatGPT Transition
D,"Dominion Energy, Inc.",2731666.0,1821370443.0,"Dominion Energy, Inc., Q4 2022 Earnings Call, Feb 08, 2023",2023-02-08,375,0,0.0,2023 Initial GenAI Surge
D,"Dominion Energy, Inc.",2798223.0,1832121041.0,"Dominion Energy, Inc., Q1 2023 Earnings Call, May 05, 2023",2023-05-05,246,0,0.0,2023 Initial GenAI Surge
D,"Dominion Energy, Inc.",2870789.0,1847192858.0,"Dominion Energy, Inc., Q2 2023 Earnings Call, Aug 04, 2023",2023-08-04,227,0,0.0,2023 Initial GenAI Surge
D,"Dominion Energy, Inc.",2936505.0,1858215215.0,"Dominion Energy, Inc., Q3 2023 Earnings Call, Nov 03, 2023",2023-11-03,386,0,0.0,2023 Initial GenAI Surge
D,"Dominion Energy, Inc.",3033853.0,1868180742.0,"Dominion Energy, Inc., Q4 2023 Earnings Call, Feb 22, 2024",2024-02-22,501,0,0.0,2024–2025 AI Adoption Period
D,"Dominion Energy, Inc.",3107207.0,1877228898.0,"Dominion Energy, Inc., Q1 2024 Earnings Call, May 02, 2024",2024-05-02,346,0,0.0,2024–2025 AI Adoption Period
D,"Dominion Energy, Inc.",3208346.0,1886994302.0,"Dominion Energy, Inc., Q2 2024 Earnings Call, Aug 01, 2024",2024-08-01,314,0,0.0,2024–2025 AI Adoption Period
D,"Dominion Energy, Inc.",3296860.0,1899556867.0,"Dominion Energy, Inc., Q3 2024 Earnings Call, Nov 01, 2024",2024-11-01,449,1,0.0022271714922048,2024–2025 AI Adoption Period
D,"Dominion Energy, Inc.",3372060.0,1915655648.0,"Dominion Energy, Inc., Q4 2024 Earnings Call, Feb 12, 2025",2025-02-12,389,2,0.0051413881748071,2024–2025 AI Adoption Period
D,"Dominion Energy, Inc.",3432748.0,1937818218.0,"Dominion Energy, Inc., Q1 2025 Earnings Call, May 01, 2025",2025-05-01,361,1,0.002770083102493,2024–2025 AI Adoption Period
D,"Dominion Energy, Inc.",3512463.0,1951776547.0,"Dominion Energy, Inc., Q2 2025 Earnings Call, Aug 01, 2025",2025-08-01,277,1,0.003610108303249,2024–2025 AI Adoption Period
D,"Dominion Energy, Inc.",3587031.0,1962924914.0,"Dominion Energy, Inc., Q3 2025 Earnings Call, Oct 31, 2025",2025-10-31,379,3,0.0079155672823219,2024–2025 AI Adoption Period
DPZ,"Domino's Pizza, Inc.",2223697.0,701634679.0,"Domino's Pizza, Inc., Q4 2020 Earnings Call, Feb 25, 2021",2021-02-25,633,1,0.0015797788309636,2021–2022 Pre-ChatGPT Transition
DPZ,"Domino's Pizza, Inc.",2264351.0,709166558.0,"Domino's Pizza, Inc., Q1 2021 Earnings Call, Apr 29, 2021",2021-04-29,497,0,0.0,2021–2022 Pre-ChatGPT Transition
DPZ,"Domino's Pizza, Inc.",2349692.0,1672557192.0,"Domino's Pizza, Inc., Q2 2021 Earnings Call, Jul 22, 2021",2021-07-22,505,1,0.0019801980198019,2021–2022 Pre-ChatGPT Transition
DPZ,"Domino's Pizza, Inc.",2406363.0,1680743606.0,"Domino's Pizza, Inc., Q3 2021 Earnings Call, Oct 14, 2021",2021-10-14,437,0,0.0,2021–2022 Pre-ChatGPT Transition
DPZ,"Domino's Pizza, Inc.",2512911.0,1764868516.0,"Domino's Pizza, Inc., Q4 2021 Earnings Call, Mar 01, 2022",2022-03-01,523,0,0.0,2021–2022 Pre-ChatGPT Transition
DPZ,"Domino's Pizza, Inc.",2546637.0,1775563223.0,"Domino's Pizza, Inc., Q1 2022 Earnings Call, Apr 28, 2022",2022-04-28,543,0,0.0,2021–2022 Pre-ChatGPT Transition
DPZ,"Domino's Pizza, Inc.",2602443.0,1788915948.0,"Domino's Pizza, Inc., Q2 2022 Earnings Call, Jul 21, 2022",2022-07-21,490,0,0.0,2021–2022 Pre-ChatGPT Transition
DPZ,"Domino's Pizza, Inc.",2657361.0,1800027395.0,"Domino's Pizza, Inc., Q3 2022 Earnings Call, Oct 13, 2022",2022-10-13,497,0,0.0,2021–2022 Pre-ChatGPT Transition
DPZ,"Domino's Pizza, Inc.",2750302.0,1822127056.0,"Domino's Pizza, Inc., Q4 2022 Earnings Call, Feb 23, 2023",2023-02-23,466,0,0.0,2023 Initial GenAI Surge
DPZ,"Domino's Pizza, Inc.",2788160.0,1830177053.0,"Domino's Pizza, Inc., Q1 2023 Earnings Call, Apr 27, 2023",2023-04-27,490,0,0.0,2023 Initial GenAI Surge
DPZ,"Domino's Pizza, Inc.",2856271.0,1843672695.0,"Domino's Pizza, Inc., Q2 2023 Earnings Call, Jul 24, 2023",2023-07-24,524,1,0.0019083969465648,2023 Initial GenAI Surge
DPZ,"Domino's Pizza, Inc.",2916785.0,1855172747.0,"Domino's Pizza, Inc., Q3 2023 Earnings Call, Oct 12, 2023",2023-10-12,539,3,0.0055658627087198,2023 Initial GenAI Surge
DPZ,"Domino's Pizza, Inc.",3039343.0,1868575366.0,"Domino's Pizza, Inc., Q4 2023 Earnings Call, Feb 26, 2024",2024-02-26,589,3,0.0050933786078098,2024–2025 AI Adoption Period
DPZ,"Domino's Pizza, Inc.",3100782.0,1876020092.0,"Domino's Pizza, Inc., Q1 2024 Earnings Call, Apr 29, 2024",2024-04-29,537,0,0.0,2024–2025 AI Adoption Period
DPZ,"Domino's Pizza, Inc.",3189584.0,1885079424.0,"Domino's Pizza, Inc., Q2 2024 Earnings Call, Jul 18, 2024",2024-07-18,547,0,0.0,2024–2025 AI Adoption Period
DPZ,"Domino's Pizza, Inc.",3279986.0,1896717011.0,"Domino's Pizza, Inc., Q3 2024 Earnings Call, Oct 10, 2024",2024-10-10,566,0,0.0,2024–2025 AI Adoption Period
DPZ,"Domino's Pizza, Inc.",3382679.0,1917591595.0,"Domino's Pizza, Inc., Q4 2024 Earnings Call, Feb 24, 2025",2025-02-24,545,0,0.0,2024–2025 AI Adoption Period
DPZ,"Domino's Pizza, Inc.",3426762.0,1936609035.0,"Domino's Pizza, Inc., Q1 2025 Earnings Call, Apr 28, 2025",2025-04-28,540,0,0.0,2024–2025 AI Adoption Period
DPZ,"Domino's Pizza, Inc.",3500795.0,1949320558.0,"Domino's Pizza, Inc., Q2 2025 Earnings Call, Jul 21, 2025",2025-07-21,554,0,0.0,2024–2025 AI Adoption Period
DPZ,"Domino's Pizza, Inc.",3568119.0,1960605550.0,"Domino's Pizza, Inc., Q3 2025 Earnings Call, Oct 14, 2025",2025-10-14,503,0,0.0,2024–2025 AI Adoption Period
DASH,"DoorDash, Inc.",2280302.0,702232745.0,"DoorDash, Inc., Q4 2020 Earnings Call, Feb 25, 2021",2021-02-25,385,0,0.0,2021–2022 Pre-ChatGPT Transition
DASH,"DoorDash, Inc.",2285884.0,710900394.0,"DoorDash, Inc., Q1 2021 Earnings Call, May 13, 2021",2021-05-13,315,0,0.0,2021–2022 Pre-ChatGPT Transition
DASH,"DoorDash, Inc.",2377484.0,1672792643.0,"DoorDash, Inc., Q2 2021 Earnings Call, Aug 12, 2021",2021-08-12,260,0,0.0,2021–2022 Pre-ChatGPT Transition
DASH,"DoorDash, Inc.",2432156.0,1684607364.0,"DoorDash, Inc., Q3 2021 Earnings Call, Nov 09, 2021",2021-11-09,404,0,0.0,2021–2022 Pre-ChatGPT Transition
DASH,"DoorDash, Inc.",2496525.0,1763949666.0,"DoorDash, Inc., Q4 2021 Earnings Call, Feb 16, 2022",2022-02-16,424,0,0.0,2021–2022 Pre-ChatGPT Transition
DASH,"DoorDash, Inc.",2556007.0,1777556782.0,"DoorDash, Inc., Q1 2022 Earnings Call, May 05, 2022",2022-05-05,454,0,0.0,2021–2022 Pre-ChatGPT Transition
DASH,"DoorDash, Inc.",2617164.0,1791533773.0,"DoorDash, Inc., Q2 2022 Earnings Call, Aug 04, 2022",2022-08-04,386,0,0.0,2021–2022 Pre-ChatGPT Transition
DASH,"DoorDash, Inc.",2675048.0,1803043192.0,"DoorDash, Inc., Q3 2022 Earnings Call, Nov 03, 2022",2022-11-03,419,0,0.0,2021–2022 Pre-ChatGPT Transition
DASH,"DoorDash, Inc.",2740684.0,1820966149.0,"DoorDash, Inc., Q4 2022 Earnings Call, Feb 16, 2023",2023-02-16,442,3,0.006787330316742,2023 Initial GenAI Surge
DASH,"DoorDash, Inc.",2795413.0,1832349746.0,"DoorDash, Inc., Q1 2023 Earnings Call, May 04, 2023",2023-05-04,376,9,0.0239361702127659,2023 Initial GenAI Surge
DASH,"DoorDash, Inc.",2866704.0,1846235501.0,"DoorDash, Inc., Q2 2023 Earnings Call, Aug 02, 2023",2023-08-02,398,0,0.0,2023 Initial GenAI Surge
DASH,"DoorDash, Inc.",2932961.0,1857953195.0,"DoorDash, Inc., Q3 2023 Earnings Call, Nov 01, 2023",2023-11-01,406,0,0.0,2023 Initial GenAI Surge
DASH,"DoorDash, Inc.",3026215.0,1867414602.0,"DoorDash, Inc., Q4 2023 Earnings Call, Feb 15, 2024",2024-02-15,440,5,0.0113636363636363,2024–2025 AI Adoption Period
DASH,"DoorDash, Inc.",3105579.0,1877113155.0,"DoorDash, Inc., Q1 2024 Earnings Call, May 01, 2024",2024-05-01,421,0,0.0,2024–2025 AI Adoption Period
DASH,"DoorDash, Inc.",3209355.0,1886481965.0,"DoorDash, Inc., Q2 2024 Earnings Call, Aug 01, 2024",2024-08-01,459,0,0.0,2024–2025 AI Adoption Period
DASH,"DoorDash, Inc.",3294507.0,1899115133.0,"DoorDash, Inc., Q3 2024 Earnings Call, Oct 30, 2024",2024-10-30,381,0,0.0,2024–2025 AI Adoption Period
DASH,"DoorDash, Inc.",3371195.0,1915466791.0,"DoorDash, Inc., Q4 2024 Earnings Call, Feb 11, 2025",2025-02-11,406,5,0.0123152709359605,2024–2025 AI Adoption Period
DASH,"DoorDash, Inc.",3441665.0,1937106460.0,"DoorDash, Inc., Q1 2025 Earnings Call, May 06, 2025",2025-05-06,449,0,0.0,2024–2025 AI Adoption Period
DASH,"DoorDash, Inc.",3537443.0,1951460716.0,"DoorDash, Inc., Q2 2025 Earnings Call, Aug 06, 2025",2025-08-06,431,7,0.0162412993039443,2024–2025 AI Adoption Period
DASH,"DoorDash, Inc.",3611177.0,1963565328.0,"DoorDash, Inc., Q3 2025 Earnings Call, Nov 05, 2025",2025-11-05,522,7,0.0134099616858237,2024–2025 AI Adoption Period
DOV,Dover Corporation,2184659.0,701602422.0,"Dover Corporation, Q4 2020 Earnings Call, Jan 28, 2021",2021-01-28,491,0,0.0,2021–2022 Pre-ChatGPT Transition
DOV,Dover Corporation,2254065.0,711123596.0,"Dover Corporation, Q1 2021 Earnings Call, Apr 20, 2021",2021-04-20,478,0,0.0,2021–2022 Pre-ChatGPT Transition
DOV,Dover Corporation,2348203.0,1673716867.0,"Dover Corporation, Q2 2021 Earnings Call, Jul 20, 2021",2021-07-20,476,0,0.0,2021–2022 Pre-ChatGPT Transition
DOV,Dover Corporation,2407563.0,1684768412.0,"Dover Corporation, Q3 2021 Earnings Call, Oct 19, 2021",2021-10-19,425,0,0.0,2021–2022 Pre-ChatGPT Transition
DOV,Dover Corporation,2478828.0,1764925629.0,"Dover Corporation, Q4 2021 Earnings Call, Jan 27, 2022",2022-01-27,461,0,0.0,2021–2022 Pre-ChatGPT Transition
DOV,Dover Corporation,2541060.0,1778332003.0,"Dover Corporation, Q1 2022 Earnings Call, Apr 21, 2022",2022-04-21,463,0,0.0,2021–2022 Pre-ChatGPT Transition
DOV,Dover Corporation,2602294.0,1790176715.0,"Dover Corporation, Q2 2022 Earnings Call, Jul 21, 2022",2022-07-21,507,0,0.0,2021–2022 Pre-ChatGPT Transition
DOV,Dover Corporation,2659920.0,1803762118.0,"Dover Corporation, Q3 2022 Earnings Call, Oct 20, 2022",2022-10-20,527,0,0.0,2021–2022 Pre-ChatGPT Transition
DOV,Dover Corporation,2725891.0,1821479004.0,"Dover Corporation, Q4 2022 Earnings Call, Jan 31, 2023",2023-01-31,430,0,0.0,2023 Initial GenAI Surge
DOV,Dover Corporation,2786420.0,1832250603.0,"Dover Corporation, Q1 2023 Earnings Call, Apr 26, 2023",2023-04-26,402,0,0.0,2023 Initial GenAI Surge
DOV,Dover Corporation,2858048.0,1847193032.0,"Dover Corporation, Q2 2023 Earnings Call, Jul 25, 2023",2023-07-25,487,0,0.0,2023 Initial GenAI Surge
DOV,Dover Corporation,2924947.0,1858215505.0,"Dover Corporation, Q3 2023 Earnings Call, Oct 24, 2023",2023-10-24,440,0,0.0,2023 Initial GenAI Surge
DOV,Dover Corporation,3009991.0,1868181671.0,"Dover Corporation, Q4 2023 Earnings Call, Feb 01, 2024",2024-02-01,410,0,0.0,2024–2025 AI Adoption Period
DOV,Dover Corporation,3097270.0,1877652334.0,"Dover Corporation, Q1 2024 Earnings Call, Apr 25, 2024",2024-04-25,385,1,0.0025974025974025,2024–2025 AI Adoption Period
DOV,Dover Corporation,3196498.0,1887475996.0,"Dover Corporation, Q2 2024 Earnings Call, Jul 25, 2024",2024-07-25,433,1,0.0023094688221709,2024–2025 AI Adoption Period
DOV,Dover Corporation,3288347.0,1900288616.0,"Dover Corporation, Q3 2024 Earnings Call, Oct 24, 2024",2024-10-24,422,1,0.0023696682464454,2024–2025 AI Adoption Period
DOV,Dover Corporation,3380810.0,1916124692.0,"Dover Corporation, Q4 2024 Earnings Call, Jan 30, 2025",2025-01-30,433,0,0.0,2024–2025 AI Adoption Period
DOV,Dover Corporation,3424234.0,1939123984.0,"Dover Corporation, Q1 2025 Earnings Call, Apr 24, 2025",2025-04-24,417,0,0.0,2024–2025 AI Adoption Period
DOV,Dover Corporation,3503190.0,1952724592.0,"Dover Corporation, Q2 2025 Earnings Call, Jul 24, 2025",2025-07-24,477,0,0.0,2024–2025 AI Adoption Period
DOV,Dover Corporation,3618178.0,1964400505.0,"Dover Corporation, Q3 2025 Earnings Call, Oct 23, 2025",2025-10-23,301,2,0.0066445182724252,2024–2025 AI Adoption Period
DOW,Dow Inc.,2254551.0,701618547.0,"Dow Inc., Q4 2020 Earnings Call, Jan 28, 2021",2021-01-28,507,1,0.0019723865877712,2021–2022 Pre-ChatGPT Transition
DOW,Dow Inc.,2255502.0,710053033.0,"Dow Inc., Q1 2021 Earnings Call, Apr 22, 2021",2021-04-22,460,0,0.0,2021–2022 Pre-ChatGPT Transition
DOW,Dow Inc.,2349439.0,717750025.0,"Dow Inc., Q2 2021 Earnings Call, Jul 22, 2021",2021-07-22,498,0,0.0,2021–2022 Pre-ChatGPT Transition
DOW,Dow Inc.,2449264.0,1683689728.0,"Dow Inc., Q3 2021 Earnings Call, Oct 21, 2021",2021-10-21,523,0,0.0,2021–2022 Pre-ChatGPT Transition
DOW,Dow Inc.,2478602.0,1763297667.0,"Dow Inc., Q4 2021 Earnings Call, Jan 27, 2022",2022-01-27,462,0,0.0,2021–2022 Pre-ChatGPT Transition
DOW,Dow Inc.,2540933.0,1777048737.0,"Dow Inc., Q1 2022 Earnings Call, Apr 21, 2022",2022-04-21,477,0,0.0,2021–2022 Pre-ChatGPT Transition
DOW,Dow Inc.,2608393.0,1788981158.0,"Dow Inc., Q2 2022 Earnings Call, Jul 21, 2022",2022-07-21,477,0,0.0,2021–2022 Pre-ChatGPT Transition
DOW,Dow Inc.,2659900.0,1802765966.0,"Dow Inc., Q3 2022 Earnings Call, Oct 20, 2022",2022-10-20,476,0,0.0,2021–2022 Pre-ChatGPT Transition
DOW,Dow Inc.,2721912.0,1821342679.0,"Dow Inc., Q4 2022 Earnings Call, Jan 26, 2023",2023-01-26,491,0,0.0,2023 Initial GenAI Surge
DOW,Dow Inc.,2784995.0,1832422083.0,"Dow Inc., Q1 2023 Earnings Call, Apr 25, 2023",2023-04-25,488,0,0.0,2023 Initial GenAI Surge
DOW,Dow Inc.,2858132.0,1847875744.0,"Dow Inc., Q2 2023 Earnings Call, Jul 25, 2023",2023-07-25,481,1,0.002079002079002,2023 Initial GenAI Surge
DOW,Dow Inc.,2924926.0,1857972175.0,"Dow Inc., Q3 2023 Earnings Call, Oct 24, 2023",2023-10-24,506,0,0.0,2023 Initial GenAI Surge
DOW,Dow Inc.,3003887.0,1857972439.0,"Dow Inc., Q4 2023 Earnings Call, Jan 25, 2024",2024-01-25,544,0,0.0,2024–2025 AI Adoption Period
DOW,Dow Inc.,3103274.0,1860068186.0,"Dow Inc., Q1 2024 Earnings Call, Apr 25, 2024",2024-04-25,467,1,0.0021413276231263,2024–2025 AI Adoption Period
DOW,Dow Inc.,3237324.0,1887345861.0,"Dow Inc., Q2 2024 Earnings Call, Jul 25, 2024",2024-07-25,496,0,0.0,2024–2025 AI Adoption Period
DOW,Dow Inc.,3326750.0,1900343156.0,"Dow Inc., Q3 2024 Earnings Call, Oct 24, 2024",2024-10-24,453,0,0.0,2024–2025 AI Adoption Period
DOW,Dow Inc.,3368680.0,1916341288.0,"Dow Inc., Q4 2024 Earnings Call, Jan 30, 2025",2025-01-30,503,0,0.0,2024–2025 AI Adoption Period
DOW,Dow Inc.,3424115.0,1936386586.0,"Dow Inc., Q1 2025 Earnings Call, Apr 24, 2025",2025-04-24,489,1,0.0020449897750511,2024–2025 AI Adoption Period
DOW,Dow Inc.,3502828.0,1949975154.0,"Dow Inc., Q2 2025 Earnings Call, Jul 24, 2025",2025-07-24,462,2,0.0043290043290043,2024–2025 AI Adoption Period
DOW,Dow Inc.,3579015.0,1961975406.0,"Dow Inc., Q3 2025 Earnings Call, Oct 23, 2025",2025-10-23,521,2,0.0038387715930902,2024–2025 AI Adoption Period
DHI,"D.R. Horton, Inc.",2181464.0,699098778.0,"D.R. Horton, Inc., Q1 2021 Earnings Call, Jan 26, 2021",2021-01-26,575,0,0.0,2021–2022 Pre-ChatGPT Transition
DHI,"D.R. Horton, Inc.",2255558.0,706950901.0,"D.R. Horton, Inc., Q2 2021 Earnings Call, Apr 22, 2021",2021-04-22,511,0,0.0,2021–2022 Pre-ChatGPT Transition
DHI,"D.R. Horton, Inc.",2481767.0,719005176.0,"D.R. Horton, Inc., Q3 2021 Earnings Call, Jul 22, 2021",2021-07-22,553,0,0.0,2021–2022 Pre-ChatGPT Transition
DHI,"D.R. Horton, Inc.",2430973.0,1683362248.0,"D.R. Horton, Inc., Q4 2021 Earnings Call, Nov 09, 2021",2021-11-09,549,0,0.0,2021–2022 Pre-ChatGPT Transition
DHI,"D.R. Horton, Inc.",2493520.0,1761845973.0,"D.R. Horton, Inc., Q1 2022 Earnings Call, Feb 02, 2022",2022-02-02,529,0,0.0,2021–2022 Pre-ChatGPT Transition
DHI,"D.R. Horton, Inc.",2543399.0,1774359044.0,"D.R. Horton, Inc., Q2 2022 Earnings Call, Apr 26, 2022",2022-04-26,450,0,0.0,2021–2022 Pre-ChatGPT Transition
DHI,"D.R. Horton, Inc.",2602417.0,1786885376.0,"D.R. Horton, Inc., Q3 2022 Earnings Call, Jul 21, 2022",2022-07-21,526,0,0.0,2021–2022 Pre-ChatGPT Transition
DHI,"D.R. Horton, Inc.",2681175.0,1800400866.0,"D.R. Horton, Inc., Q4 2022 Earnings Call, Nov 09, 2022",2022-11-09,460,0,0.0,2021–2022 Pre-ChatGPT Transition
DHI,"D.R. Horton, Inc.",2720692.0,1818568332.0,"D.R. Horton, Inc., Q1 2023 Earnings Call, Jan 24, 2023",2023-01-24,484,0,0.0,2023 Initial GenAI Surge
DHI,"D.R. Horton, Inc.",2782537.0,1829598312.0,"D.R. Horton, Inc., Q2 2023 Earnings Call, Apr 20, 2023",2023-04-20,516,1,0.001937984496124,2023 Initial GenAI Surge
DHI,"D.R. Horton, Inc.",2854821.0,1842967115.0,"D.R. Horton, Inc., Q3 2023 Earnings Call, Jul 20, 2023",2023-07-20,504,0,0.0,2023 Initial GenAI Surge
DHI,"D.R. Horton, Inc.",2939779.0,1856936541.0,"D.R. Horton, Inc., Q4 2023 Earnings Call, Nov 07, 2023",2023-11-07,559,0,0.0,2023 Initial GenAI Surge
DHI,"D.R. Horton, Inc.",3001746.0,1864316667.0,"D.R. Horton, Inc., Q1 2024 Earnings Call, Jan 23, 2024",2024-01-23,496,0,0.0,2024–2025 AI Adoption Period
DHI,"D.R. Horton, Inc.",3088161.0,1874530544.0,"D.R. Horton, Inc., Q2 2024 Earnings Call, Apr 18, 2024",2024-04-18,505,0,0.0,2024–2025 AI Adoption Period
DHI,"D.R. Horton, Inc.",3189449.0,1882408551.0,"D.R. Horton, Inc., Q3 2024 Earnings Call, Jul 18, 2024",2024-07-18,527,0,0.0,2024–2025 AI Adoption Period
DHI,"D.R. Horton, Inc.",3292350.0,1892673061.0,"D.R. Horton, Inc., Q4 2024 Earnings Call, Oct 29, 2024",2024-10-29,512,0,0.0,2024–2025 AI Adoption Period
DHI,"D.R. Horton, Inc.",3357663.0,1911441241.0,"D.R. Horton, Inc., Q1 2025 Earnings Call, Jan 21, 2025",2025-01-21,498,0,0.0,2024–2025 AI Adoption Period
DHI,"D.R. Horton, Inc.",3420023.0,1931172391.0,"D.R. Horton, Inc., Q2 2025 Earnings Call, Apr 17, 2025",2025-04-17,534,0,0.0,2024–2025 AI Adoption Period
DHI,"D.R. Horton, Inc.",3500676.0,1940005584.0,"D.R. Horton, Inc., Q3 2025 Earnings Call, Jul 22, 2025",2025-07-22,463,0,0.0,2024–2025 AI Adoption Period
DHI,"D.R. Horton, Inc.",3578090.0,1954168902.0,"D.R. Horton, Inc., Q4 2025 Earnings Call, Oct 28, 2025",2025-10-28,477,0,0.0,2024–2025 AI Adoption Period
DTE,DTE Energy Company,2256704.0,703432099.0,"DTE Energy Company, 2020 Earnings Call, Feb 19, 2021",2021-02-19,571,0,0.0,2021–2022 Pre-ChatGPT Transition
DTE,DTE Energy Company,2297736.0,711189511.0,"DTE Energy Company, Q1 2021 Earnings Call, Apr 27, 2021",2021-04-27,594,0,0.0,2021–2022 Pre-ChatGPT Transition
DTE,DTE Energy Company,2352000.0,1673777434.0,"DTE Energy Company, Q2 2021 Earnings Call, Jul 27, 2021",2021-07-27,384,0,0.0,2021–2022 Pre-ChatGPT Transition
DTE,DTE Energy Company,2414258.0,1684898936.0,"DTE Energy Company, Q3 2021 Earnings Call, Oct 27, 2021",2021-10-27,480,0,0.0,2021–2022 Pre-ChatGPT Transition
DTE,DTE Energy Company,2497685.0,1765573302.0,"DTE Energy Company, Q4 2021 Earnings Call, Feb 10, 2022",2022-02-10,459,0,0.0,2021–2022 Pre-ChatGPT Transition
DTE,DTE Energy Company,2546482.0,1778316704.0,"DTE Energy Company, Q1 2022 Earnings Call, Apr 28, 2022",2022-04-28,501,0,0.0,2021–2022 Pre-ChatGPT Transition
DTE,DTE Energy Company,2635854.0,1791203411.0,"DTE Energy Company, Q2 2022 Earnings Call, Jul 28, 2022",2022-07-28,388,1,0.0025773195876288,2021–2022 Pre-ChatGPT Transition
DTE,DTE Energy Company,2665177.0,1804608932.0,"DTE Energy Company, Q3 2022 Earnings Call, Oct 27, 2022",2022-10-27,342,0,0.0,2021–2022 Pre-ChatGPT Transition
DTE,DTE Energy Company,2749469.0,1821722926.0,"DTE Energy Company, Q4 2022 Earnings Call, Feb 23, 2023",2023-02-23,519,1,0.001926782273603,2023 Initial GenAI Surge
DTE,DTE Energy Company,2788179.0,1833080445.0,"DTE Energy Company, Q1 2023 Earnings Call, Apr 27, 2023",2023-04-27,403,2,0.0049627791563275,2023 Initial GenAI Surge
DTE,DTE Energy Company,2860446.0,1847979531.0,"DTE Energy Company, Q2 2023 Earnings Call, Jul 27, 2023",2023-07-27,358,0,0.0,2023 Initial GenAI Surge
DTE,DTE Energy Company,2932278.0,1859966520.0,"DTE Energy Company, Q3 2023 Earnings Call, Nov 01, 2023",2023-11-01,533,2,0.0037523452157598,2023 Initial GenAI Surge
DTE,DTE Energy Company,3016896.0,1869456803.0,"DTE Energy Company, 2023 Earnings Call, Feb 08, 2024",2024-02-08,443,0,0.0,2024–2025 AI Adoption Period
DTE,DTE Energy Company,3096920.0,1877832151.0,"DTE Energy Company, Q1 2024 Earnings Call, Apr 25, 2024",2024-04-25,430,0,0.0,2024–2025 AI Adoption Period
DTE,DTE Energy Company,3197068.0,1887689934.0,"DTE Energy Company, Q2 2024 Earnings Call, Jul 25, 2024",2024-07-25,488,1,0.0020491803278688,2024–2025 AI Adoption Period
DTE,DTE Energy Company,3288473.0,1900368018.0,"DTE Energy Company, Q3 2024 Earnings Call, Oct 24, 2024",2024-10-24,489,0,0.0,2024–2025 AI Adoption Period
DTE,DTE Energy Company,3373755.0,1929159857.0,"DTE Energy Company, 2024 Earnings Call, Feb 13, 2025",2025-02-13,513,0,0.0,2024–2025 AI Adoption Period
DTE,DTE Energy Company,3444340.0,1940013676.0,"DTE Energy Company, Q1 2025 Earnings Call, May 01, 2025",2025-05-01,495,1,0.002020202020202,2024–2025 AI Adoption Period
DTE,DTE Energy Company,3556783.0,1953403540.0,"DTE Energy Company, Q2 2025 Earnings Call, Jul 29, 2025",2025-07-29,472,0,0.0,2024–2025 AI Adoption Period
DTE,DTE Energy Company,3576470.0,1966327943.0,"DTE Energy Company, Q3 2025 Earnings Call, Oct 30, 2025",2025-10-30,486,0,0.0,2024–2025 AI Adoption Period
DUK,Duke Energy Corporation,2206264.0,700482932.0,"Duke Energy Corporation, Q4 2020 Earnings Call, Feb 11, 2021",2021-02-11,445,0,0.0,2021–2022 Pre-ChatGPT Transition
DUK,Duke Energy Corporation,2278285.0,711085791.0,"Duke Energy Corporation, Q1 2021 Earnings Call, May 10, 2021",2021-05-10,444,0,0.0,2021–2022 Pre-ChatGPT Transition
DUK,Duke Energy Corporation,2365408.0,718288794.0,"Duke Energy Corporation, Q2 2021 Earnings Call, Aug 05, 2021",2021-08-05,381,0,0.0,2021–2022 Pre-ChatGPT Transition
DUK,Duke Energy Corporation,2425303.0,718289741.0,"Duke Energy Corporation, Q3 2021 Earnings Call, Nov 04, 2021",2021-11-04,357,0,0.0,2021–2022 Pre-ChatGPT Transition
DUK,Duke Energy Corporation,2490522.0,1764188752.0,"Duke Energy Corporation, Q4 2021 Earnings Call, Feb 10, 2022",2022-02-10,408,0,0.0,2021–2022 Pre-ChatGPT Transition
DUK,Duke Energy Corporation,2558943.0,1777916951.0,"Duke Energy Corporation, Q1 2022 Earnings Call, May 09, 2022",2022-05-09,372,0,0.0,2021–2022 Pre-ChatGPT Transition
DUK,Duke Energy Corporation,2615843.0,1790523377.0,"Duke Energy Corporation, Q2 2022 Earnings Call, Aug 04, 2022",2022-08-04,403,0,0.0,2021–2022 Pre-ChatGPT Transition
DUK,Duke Energy Corporation,2676178.0,1804419846.0,"Duke Energy Corporation, Q3 2022 Earnings Call, Nov 04, 2022",2022-11-04,425,0,0.0,2021–2022 Pre-ChatGPT Transition
DUK,Duke Energy Corporation,2733408.0,1821183623.0,"Duke Energy Corporation, Q4 2022 Earnings Call, Feb 09, 2023",2023-02-09,370,0,0.0,2023 Initial GenAI Surge
DUK,Duke Energy Corporation,2804085.0,1832687025.0,"Duke Energy Corporation, Q1 2023 Earnings Call, May 09, 2023",2023-05-09,266,0,0.0,2023 Initial GenAI Surge
DUK,Duke Energy Corporation,2874962.0,1847115954.0,"Duke Energy Corporation, Q2 2023 Earnings Call, Aug 08, 2023",2023-08-08,282,0,0.0,2023 Initial GenAI Surge
DUK,Duke Energy Corporation,3009537.0,1858615795.0,"Duke Energy Corporation, Q3 2023 Earnings Call, Nov 02, 2023",2023-11-02,306,0,0.0,2023 Initial GenAI Surge
DUK,Duke Energy Corporation,3093495.0,1867972112.0,"Duke Energy Corporation, Q4 2023 Earnings Call, Feb 08, 2024",2024-02-08,348,1,0.0028735632183908,2024–2025 AI Adoption Period
DUK,Duke Energy Corporation,3112239.0,1871231365.0,"Duke Energy Corporation, Q1 2024 Earnings Call, May 07, 2024",2024-05-07,291,3,0.0103092783505154,2024–2025 AI Adoption Period
DUK,Duke Energy Corporation,3214165.0,1871231442.0,"Duke Energy Corporation, Q2 2024 Earnings Call, Aug 06, 2024",2024-08-06,332,0,0.0,2024–2025 AI Adoption Period
DUK,Duke Energy Corporation,3311670.0,1871231457.0,"Duke Energy Corporation, Q3 2024 Earnings Call, Nov 07, 2024",2024-11-07,428,0,0.0,2024–2025 AI Adoption Period
DUK,Duke Energy Corporation,3373497.0,1916608452.0,"Duke Energy Corporation, Q4 2024 Earnings Call, Feb 13, 2025",2025-02-13,398,4,0.0100502512562814,2024–2025 AI Adoption Period
DUK,Duke Energy Corporation,3441183.0,1938642190.0,"Duke Energy Corporation, Q1 2025 Earnings Call, May 06, 2025",2025-05-06,223,0,0.0,2024–2025 AI Adoption Period
DUK,Duke Energy Corporation,3514954.0,1942189413.0,"Duke Energy Corporation, Q2 2025 Earnings Call, Aug 05, 2025",2025-08-05,302,1,0.0033112582781456,2024–2025 AI Adoption Period
DUK,Duke Energy Corporation,3593742.0,1942189512.0,"Duke Energy Corporation, Q3 2025 Earnings Call, Nov 07, 2025",2025-11-07,275,2,0.0072727272727272,2024–2025 AI Adoption Period
DD,"DuPont de Nemours, Inc.",2200659.0,701665730.0,"DuPont de Nemours, Inc., Q4 2020 Earnings Call, Feb 09, 2021",2021-02-09,455,0,0.0,2021–2022 Pre-ChatGPT Transition
DD,"DuPont de Nemours, Inc.",2268413.0,711913266.0,"DuPont de Nemours, Inc., Q1 2021 Earnings Call, May 04, 2021",2021-05-04,426,0,0.0,2021–2022 Pre-ChatGPT Transition
DD,"DuPont de Nemours, Inc.",2360634.0,1673988514.0,"DuPont de Nemours, Inc., Q2 2021 Earnings Call, Aug 03, 2021",2021-08-03,562,1,0.0017793594306049,2021–2022 Pre-ChatGPT Transition
DD,"DuPont de Nemours, Inc.",2421506.0,1685495764.0,"DuPont de Nemours, Inc., Q3 2021 Earnings Call, Nov 02, 2021",2021-11-02,708,0,0.0,2021–2022 Pre-ChatGPT Transition
DD,"DuPont de Nemours, Inc.",2487650.0,1765269372.0,"DuPont de Nemours, Inc., Q4 2021 Earnings Call, Feb 08, 2022",2022-02-08,465,0,0.0,2021–2022 Pre-ChatGPT Transition
DD,"DuPont de Nemours, Inc.",2598213.0,1779659711.0,"DuPont de Nemours, Inc., Q1 2022 Earnings Call, May 03, 2022",2022-05-03,499,0,0.0,2021–2022 Pre-ChatGPT Transition
DD,"DuPont de Nemours, Inc.",2611994.0,1792366788.0,"DuPont de Nemours, Inc., Q2 2022 Earnings Call, Aug 02, 2022",2022-08-02,546,0,0.0,2021–2022 Pre-ChatGPT Transition
DD,"DuPont de Nemours, Inc.",2679040.0,1805595171.0,"DuPont de Nemours, Inc., Q3 2022 Earnings Call, Nov 08, 2022",2022-11-08,533,0,0.0,2021–2022 Pre-ChatGPT Transition
DD,"DuPont de Nemours, Inc.",2730686.0,1822438612.0,"DuPont de Nemours, Inc., Q4 2022 Earnings Call, Feb 07, 2023",2023-02-07,485,0,0.0,2023 Initial GenAI Surge
DD,"DuPont de Nemours, Inc.",2791585.0,1833593789.0,"DuPont de Nemours, Inc., Q1 2023 Earnings Call, May 02, 2023",2023-05-02,523,0,0.0,2023 Initial GenAI Surge
DD,"DuPont de Nemours, Inc.",2865720.0,1848276138.0,"DuPont de Nemours, Inc., Q2 2023 Earnings Call, Aug 02, 2023",2023-08-02,460,1,0.0021739130434782,2023 Initial GenAI Surge
DD,"DuPont de Nemours, Inc.",2932181.0,1859487228.0,"DuPont de Nemours, Inc., Q3 2023 Earnings Call, Nov 01, 2023",2023-11-01,517,8,0.0154738878143133,2023 Initial GenAI Surge
DD,"DuPont de Nemours, Inc.",3013145.0,1869346672.0,"DuPont de Nemours, Inc., Q4 2023 Earnings Call, Feb 06, 2024",2024-02-06,490,5,0.010204081632653,2024–2025 AI Adoption Period
DD,"DuPont de Nemours, Inc.",3106348.0,1878510446.0,"DuPont de Nemours, Inc., Q1 2024 Earnings Call, May 01, 2024",2024-05-01,408,7,0.017156862745098,2024–2025 AI Adoption Period
DD,"DuPont de Nemours, Inc.",3206042.0,1888231883.0,"DuPont de Nemours, Inc., Q2 2024 Earnings Call, Jul 31, 2024",2024-07-31,507,11,0.0216962524654832,2024–2025 AI Adoption Period
DD,"DuPont de Nemours, Inc.",3298731.0,1900999243.0,"DuPont de Nemours, Inc., Q3 2024 Earnings Call, Nov 05, 2024",2024-11-05,420,10,0.0238095238095238,2024–2025 AI Adoption Period
DD,"DuPont de Nemours, Inc.",3370728.0,1916873920.0,"DuPont de Nemours, Inc., Q4 2024 Earnings Call, Feb 11, 2025",2025-02-11,432,11,0.0254629629629629,2024–2025 AI Adoption Period
DD,"DuPont de Nemours, Inc.",3499942.0,1940188357.0,"DuPont de Nemours, Inc., Q1 2025 Earnings Call, May 02, 2025",2025-05-02,528,15,0.0284090909090909,2024–2025 AI Adoption Period
DD,"DuPont de Nemours, Inc.",3515304.0,1954200381.0,"DuPont de Nemours, Inc., Q2 2025 Earnings Call, Aug 05, 2025",2025-08-05,416,10,0.0240384615384615,2024–2025 AI Adoption Period
DD,"DuPont de Nemours, Inc.",3605846.0,1966775841.0,"DuPont de Nemours, Inc., Q3 2025 Earnings Call, Nov 06, 2025",2025-11-06,404,4,0.0099009900990099,2024–2025 AI Adoption Period
ETN,Eaton Corporation plc,2188582.0,701284835.0,"Eaton Corporation plc, Q4 2020 Earnings Call, Feb 02, 2021",2021-02-02,568,0,0.0,2021–2022 Pre-ChatGPT Transition
ETN,Eaton Corporation plc,2268729.0,712021197.0,"Eaton Corporation plc, Q1 2021 Earnings Call, May 04, 2021",2021-05-04,545,0,0.0,2021–2022 Pre-ChatGPT Transition
ETN,Eaton Corporation plc,2361049.0,1674563871.0,"Eaton Corporation plc, Q2 2021 Earnings Call, Aug 03, 2021",2021-08-03,514,0,0.0,2021–2022 Pre-ChatGPT Transition
ETN,Eaton Corporation plc,2421649.0,1685545945.0,"Eaton Corporation plc, Q3 2021 Earnings Call, Nov 02, 2021",2021-11-02,507,0,0.0,2021–2022 Pre-ChatGPT Transition
ETN,Eaton Corporation plc,2485731.0,1764867977.0,"Eaton Corporation plc, Q4 2021 Earnings Call, Feb 04, 2022",2022-02-04,577,0,0.0,2021–2022 Pre-ChatGPT Transition
ETN,Eaton Corporation plc,2556088.0,1779757789.0,"Eaton Corporation plc, Q1 2022 Earnings Call, May 03, 2022",2022-05-03,544,0,0.0,2021–2022 Pre-ChatGPT Transition
ETN,Eaton Corporation plc,2612273.0,1792319203.0,"Eaton Corporation plc, Q2 2022 Earnings Call, Aug 02, 2022",2022-08-02,491,0,0.0,2021–2022 Pre-ChatGPT Transition
ETN,Eaton Corporation plc,2670712.0,1805253185.0,"Eaton Corporation plc, Q3 2022 Earnings Call, Nov 01, 2022",2022-11-01,684,0,0.0,2021–2022 Pre-ChatGPT Transition
ETN,Eaton Corporation plc,2731916.0,1823274661.0,"Eaton Corporation plc, Q4 2022 Earnings Call, Feb 08, 2023",2023-02-08,628,3,0.0047770700636942,2023 Initial GenAI Surge
ETN,Eaton Corporation plc,2791660.0,1833549137.0,"Eaton Corporation plc, Q1 2023 Earnings Call, May 02, 2023",2023-05-02,574,2,0.0034843205574912,2023 Initial GenAI Surge
ETN,Eaton Corporation plc,3155092.0,1848241367.0,"Eaton Corporation plc, Q2 2023 Earnings Call, Aug 01, 2023",2023-08-01,614,14,0.022801302931596,2023 Initial GenAI Surge
ETN,Eaton Corporation plc,2931251.0,1859287158.0,"Eaton Corporation plc, Q3 2023 Earnings Call, Oct 31, 2023",2023-10-31,734,18,0.0245231607629427,2023 Initial GenAI Surge
ETN,Eaton Corporation plc,3093434.0,1868543489.0,"Eaton Corporation plc, Q4 2023 Earnings Call, Feb 01, 2024",2024-02-01,557,1,0.0017953321364452,2024–2025 AI Adoption Period
ETN,Eaton Corporation plc,3102893.0,1878620820.0,"Eaton Corporation plc, Q1 2024 Earnings Call, Apr 30, 2024",2024-04-30,501,9,0.0179640718562874,2024–2025 AI Adoption Period
ETN,Eaton Corporation plc,3208766.0,1888351431.0,"Eaton Corporation plc, Q2 2024 Earnings Call, Aug 01, 2024",2024-08-01,578,20,0.0346020761245674,2024–2025 AI Adoption Period
ETN,Eaton Corporation plc,3295311.0,1900975892.0,"Eaton Corporation plc, Q3 2024 Earnings Call, Oct 31, 2024",2024-10-31,582,3,0.0051546391752577,2024–2025 AI Adoption Period
ETN,Eaton Corporation plc,3364014.0,1917138867.0,"Eaton Corporation plc, Q4 2024 Earnings Call, Jan 31, 2025",2025-01-31,738,11,0.0149051490514905,2024–2025 AI Adoption Period
ETN,Eaton Corporation plc,3485451.0,1940357429.0,"Eaton Corporation plc, Q1 2025 Earnings Call, May 02, 2025",2025-05-02,553,6,0.0108499095840868,2024–2025 AI Adoption Period
ETN,Eaton Corporation plc,3515312.0,1953836148.0,"Eaton Corporation plc, Q2 2025 Earnings Call, Aug 05, 2025",2025-08-05,613,14,0.0228384991843393,2024–2025 AI Adoption Period
ETN,Eaton Corporation plc,3578830.0,1966595741.0,"Eaton Corporation plc, Q3 2025 Earnings Call, Nov 04, 2025",2025-11-04,639,9,0.0140845070422535,2024–2025 AI Adoption Period
EBAY,eBay Inc.,2190536.0,701133970.0,"eBay Inc., Q4 2020 Earnings Call, Feb 03, 2021",2021-02-03,482,3,0.0062240663900414,2021–2022 Pre-ChatGPT Transition
EBAY,eBay Inc.,2262008.0,710756072.0,"eBay Inc., Q1 2021 Earnings Call, Apr 28, 2021",2021-04-28,494,2,0.0040485829959514,2021–2022 Pre-ChatGPT Transition
EBAY,eBay Inc.,2374281.0,1673836192.0,"eBay Inc., Q2 2021 Earnings Call, Aug 11, 2021",2021-08-11,553,3,0.0054249547920434,2021–2022 Pre-ChatGPT Transition
EBAY,eBay Inc.,2414918.0,1684584211.0,"eBay Inc., Q3 2021 Earnings Call, Oct 27, 2021",2021-10-27,537,3,0.0055865921787709,2021–2022 Pre-ChatGPT Transition
EBAY,eBay Inc.,2504352.0,1765256789.0,"eBay Inc., Q4 2021 Earnings Call, Feb 23, 2022",2022-02-23,527,3,0.0056925996204933,2021–2022 Pre-ChatGPT Transition
EBAY,eBay Inc.,2553621.0,1779408418.0,"eBay Inc., Q1 2022 Earnings Call, May 04, 2022",2022-05-04,544,1,0.0018382352941176,2021–2022 Pre-ChatGPT Transition
EBAY,eBay Inc.,2614786.0,1792872631.0,"eBay Inc., Q2 2022 Earnings Call, Aug 03, 2022",2022-08-03,519,2,0.0038535645472061,2021–2022 Pre-ChatGPT Transition
EBAY,eBay Inc.,2672834.0,1804716979.0,"eBay Inc., Q3 2022 Earnings Call, Nov 02, 2022",2022-11-02,507,2,0.0039447731755424,2021–2022 Pre-ChatGPT Transition
EBAY,eBay Inc.,2748480.0,1824042016.0,"eBay Inc., Q4 2022 Earnings Call, Feb 22, 2023",2023-02-22,495,8,0.0161616161616161,2023 Initial GenAI Surge
EBAY,eBay Inc.,2787814.0,1832285693.0,"eBay Inc., Q1 2023 Earnings Call, Apr 26, 2023",2023-04-26,489,11,0.0224948875255623,2023 Initial GenAI Surge
EBAY,eBay Inc.,2859390.0,1846993209.0,"eBay Inc., Q2 2023 Earnings Call, Jul 26, 2023",2023-07-26,455,17,0.0373626373626373,2023 Initial GenAI Surge
EBAY,eBay Inc.,2941040.0,1858858165.0,"eBay Inc., Q3 2023 Earnings Call, Nov 07, 2023",2023-11-07,509,10,0.0196463654223968,2023 Initial GenAI Surge
EBAY,eBay Inc.,3041866.0,1870128906.0,"eBay Inc., Q4 2023 Earnings Call, Feb 27, 2024",2024-02-27,447,36,0.0805369127516778,2024–2025 AI Adoption Period
EBAY,eBay Inc.,3105667.0,1877804774.0,"eBay Inc., Q1 2024 Earnings Call, May 01, 2024",2024-05-01,422,24,0.0568720379146919,2024–2025 AI Adoption Period
EBAY,eBay Inc.,3207068.0,1888234645.0,"eBay Inc., Q2 2024 Earnings Call, Jul 31, 2024",2024-07-31,471,20,0.0424628450106157,2024–2025 AI Adoption Period
EBAY,eBay Inc.,3295630.0,1900653108.0,"eBay Inc., Q3 2024 Earnings Call, Oct 30, 2024",2024-10-30,531,12,0.0225988700564971,2024–2025 AI Adoption Period
EBAY,eBay Inc.,3385454.0,1929043118.0,"eBay Inc., Q4 2024 Earnings Call, Feb 26, 2025",2025-02-26,570,24,0.0421052631578947,2024–2025 AI Adoption Period
EBAY,eBay Inc.,3431718.0,1939928693.0,"eBay Inc., Q1 2025 Earnings Call, Apr 30, 2025",2025-04-30,539,11,0.0204081632653061,2024–2025 AI Adoption Period
EBAY,eBay Inc.,3509272.0,1953528245.0,"eBay Inc., Q2 2025 Earnings Call, Jul 30, 2025",2025-07-30,527,23,0.0436432637571157,2024–2025 AI Adoption Period
EBAY,eBay Inc.,3575814.0,1965575825.0,"eBay Inc., Q3 2025 Earnings Call, Oct 29, 2025",2025-10-29,493,32,0.0649087221095334,2024–2025 AI Adoption Period
ECL,Ecolab Inc.,2212581.0,700851589.0,"Ecolab Inc., Q4 2020 Earnings Call, Feb 16, 2021",2021-02-16,443,0,0.0,2021–2022 Pre-ChatGPT Transition
ECL,Ecolab Inc.,2259535.0,712474328.0,"Ecolab Inc., Q1 2021 Earnings Call, Apr 27, 2021",2021-04-27,554,0,0.0,2021–2022 Pre-ChatGPT Transition
ECL,Ecolab Inc.,2352030.0,718659098.0,"Ecolab Inc., Q2 2021 Earnings Call, Jul 27, 2021",2021-07-27,465,0,0.0,2021–2022 Pre-ChatGPT Transition
ECL,Ecolab Inc.,2413118.0,1682439482.0,"Ecolab Inc., Q3 2021 Earnings Call, Oct 26, 2021",2021-10-26,503,0,0.0,2021–2022 Pre-ChatGPT Transition
ECL,Ecolab Inc.,2494759.0,1763983044.0,"Ecolab Inc., Q4 2021 Earnings Call, Feb 15, 2022",2022-02-15,586,1,0.0017064846416382,2021–2022 Pre-ChatGPT Transition
ECL,Ecolab Inc.,2543783.0,1774770724.0,"Ecolab Inc., Q1 2022 Earnings Call, Apr 26, 2022",2022-04-26,633,0,0.0,2021–2022 Pre-ChatGPT Transition
ECL,Ecolab Inc.,2604759.0,1787022090.0,"Ecolab Inc., Q2 2022 Earnings Call, Jul 26, 2022",2022-07-26,706,0,0.0,2021–2022 Pre-ChatGPT Transition
ECL,Ecolab Inc.,2670840.0,1801133455.0,"Ecolab Inc., Q3 2022 Earnings Call, Nov 01, 2022",2022-11-01,546,0,0.0,2021–2022 Pre-ChatGPT Transition
ECL,Ecolab Inc.,2737614.0,1820855452.0,"Ecolab Inc., Q4 2022 Earnings Call, Feb 14, 2023",2023-02-14,562,0,0.0,2023 Initial GenAI Surge
ECL,Ecolab Inc.,2791704.0,1831130039.0,"Ecolab Inc., Q1 2023 Earnings Call, May 02, 2023",2023-05-02,577,0,0.0,2023 Initial GenAI Surge
ECL,Ecolab Inc.,3157455.0,1843252676.0,"Ecolab Inc., Q2 2023 Earnings Call, Aug 01, 2023",2023-08-01,483,0,0.0,2023 Initial GenAI Surge
ECL,Ecolab Inc.,2931221.0,1856226804.0,"Ecolab Inc., Q3 2023 Earnings Call, Oct 31, 2023",2023-10-31,402,3,0.0074626865671641,2023 Initial GenAI Surge
ECL,Ecolab Inc.,3022098.0,1867986200.0,"Ecolab Inc., Q4 2023 Earnings Call, Feb 13, 2024",2024-02-13,414,1,0.002415458937198,2024–2025 AI Adoption Period
ECL,Ecolab Inc.,3103076.0,1875138159.0,"Ecolab Inc., Q1 2024 Earnings Call, Apr 30, 2024",2024-04-30,435,6,0.0137931034482758,2024–2025 AI Adoption Period
ECL,Ecolab Inc.,3204439.0,1885079379.0,"Ecolab Inc., Q2 2024 Earnings Call, Jul 30, 2024",2024-07-30,458,1,0.0021834061135371,2024–2025 AI Adoption Period
ECL,Ecolab Inc.,3292477.0,1897880147.0,"Ecolab Inc., Q3 2024 Earnings Call, Oct 29, 2024",2024-10-29,482,4,0.0082987551867219,2024–2025 AI Adoption Period
ECL,Ecolab Inc.,3371085.0,1915347047.0,"Ecolab Inc., Q4 2024 Earnings Call, Feb 11, 2025",2025-02-11,519,4,0.0077071290944123,2024–2025 AI Adoption Period
ECL,Ecolab Inc.,3428568.0,1935398513.0,"Ecolab Inc., Q1 2025 Earnings Call, Apr 29, 2025",2025-04-29,510,4,0.0078431372549019,2024–2025 AI Adoption Period
ECL,Ecolab Inc.,3507186.0,1948530191.0,"Ecolab Inc., Q2 2025 Earnings Call, Jul 29, 2025",2025-07-29,513,5,0.0097465886939571,2024–2025 AI Adoption Period
ECL,Ecolab Inc.,3587625.0,1960750576.0,"Ecolab Inc., Q3 2025 Earnings Call, Oct 28, 2025",2025-10-28,491,8,0.0162932790224032,2024–2025 AI Adoption Period
EIX,Edison International,3092473.0,702236334.0,"Edison International, Q4 2020 Earnings Call, Feb 25, 2021",2021-02-25,373,0,0.0,2021–2022 Pre-ChatGPT Transition
EIX,Edison International,3055956.0,709916071.0,"Edison International, Q1 2021 Earnings Call, Apr 27, 2021",2021-04-27,439,0,0.0,2021–2022 Pre-ChatGPT Transition
EIX,Edison International,2390195.0,1671863572.0,"Edison International, Q2 2021 Earnings Call, Jul 29, 2021",2021-07-29,445,0,0.0,2021–2022 Pre-ChatGPT Transition
EIX,Edison International,2455251.0,1684382822.0,"Edison International, Q3 2021 Earnings Call, Nov 02, 2021",2021-11-02,395,0,0.0,2021–2022 Pre-ChatGPT Transition
EIX,Edison International,2515325.0,1765394615.0,"Edison International, Q4 2021 Earnings Call, Feb 24, 2022",2022-02-24,486,0,0.0,2021–2022 Pre-ChatGPT Transition
EIX,Edison International,2552092.0,1777134884.0,"Edison International, Q1 2022 Earnings Call, May 03, 2022",2022-05-03,415,1,0.0024096385542168,2021–2022 Pre-ChatGPT Transition
EIX,Edison International,2608206.0,1788647616.0,"Edison International, Q2 2022 Earnings Call, Jul 28, 2022",2022-07-28,397,2,0.0050377833753148,2021–2022 Pre-ChatGPT Transition
EIX,Edison International,2671014.0,1803344195.0,"Edison International, Q3 2022 Earnings Call, Nov 01, 2022",2022-11-01,352,0,0.0,2021–2022 Pre-ChatGPT Transition
EIX,Edison International,2750273.0,1823059555.0,"Edison International, Q4 2022 Earnings Call, Feb 23, 2023",2023-02-23,397,0,0.0,2023 Initial GenAI Surge
EIX,Edison International,2791847.0,1832122782.0,"Edison International, Q1 2023 Earnings Call, May 02, 2023",2023-05-02,241,2,0.0082987551867219,2023 Initial GenAI Surge
EIX,Edison International,2872839.0,1846114923.0,"Edison International, Q2 2023 Earnings Call, Jul 27, 2023",2023-07-27,440,5,0.0113636363636363,2023 Initial GenAI Surge
EIX,Edison International,2932952.0,1858085969.0,"Edison International, Q3 2023 Earnings Call, Nov 01, 2023",2023-11-01,453,1,0.0022075055187637,2023 Initial GenAI Surge
EIX,Edison International,3034692.0,1869219222.0,"Edison International, Q4 2023 Earnings Call, Feb 22, 2024",2024-02-22,540,6,0.0111111111111111,2024–2025 AI Adoption Period
EIX,Edison International,3283375.0,1876855583.0,"Edison International, Q1 2024 Earnings Call, Apr 30, 2024",2024-04-30,335,0,0.0,2024–2025 AI Adoption Period
EIX,Edison International,3197031.0,1885666703.0,"Edison International, Q2 2024 Earnings Call, Jul 25, 2024",2024-07-25,318,0,0.0,2024–2025 AI Adoption Period
EIX,Edison International,3292771.0,1899173346.0,"Edison International, Q3 2024 Earnings Call, Oct 29, 2024",2024-10-29,500,3,0.006,2024–2025 AI Adoption Period
EIX,Edison International,3387569.0,1928860084.0,"Edison International, Q4 2024 Earnings Call, Feb 27, 2025",2025-02-27,519,1,0.001926782273603,2024–2025 AI Adoption Period
EIX,Edison International,3428765.0,1937155685.0,"Edison International, Q1 2025 Earnings Call, Apr 29, 2025",2025-04-29,383,0,0.0,2024–2025 AI Adoption Period
EIX,Edison International,3511286.0,1951630143.0,"Edison International, Q2 2025 Earnings Call, Jul 31, 2025",2025-07-31,443,2,0.0045146726862302,2024–2025 AI Adoption Period
EIX,Edison International,3586825.0,1962633433.0,"Edison International, Q3 2025 Earnings Call, Oct 28, 2025",2025-10-28,407,0,0.0,2024–2025 AI Adoption Period
EW,Edwards Lifesciences Corporation,2183066.0,698698471.0,"Edwards Lifesciences Corporation, Q4 2020 Earnings Call, Jan 27, 2021",2021-01-27,547,0,0.0,2021–2022 Pre-ChatGPT Transition
EW,Edwards Lifesciences Corporation,2254172.0,708075076.0,"Edwards Lifesciences Corporation, Q1 2021 Earnings Call, Apr 20, 2021",2021-04-20,611,0,0.0,2021–2022 Pre-ChatGPT Transition
EW,Edwards Lifesciences Corporation,2355903.0,1673093148.0,"Edwards Lifesciences Corporation, Q2 2021 Earnings Call, Jul 29, 2021",2021-07-29,561,0,0.0,2021–2022 Pre-ChatGPT Transition
EW,Edwards Lifesciences Corporation,2414932.0,1683560232.0,"Edwards Lifesciences Corporation, Q3 2021 Earnings Call, Oct 27, 2021",2021-10-27,539,0,0.0,2021–2022 Pre-ChatGPT Transition
EW,Edwards Lifesciences Corporation,2478112.0,1764020226.0,"Edwards Lifesciences Corporation, Q4 2021 Earnings Call, Jan 26, 2022",2022-01-26,566,0,0.0,2021–2022 Pre-ChatGPT Transition
EW,Edwards Lifesciences Corporation,2544229.0,1776602560.0,"Edwards Lifesciences Corporation, Q1 2022 Earnings Call, Apr 26, 2022",2022-04-26,568,0,0.0,2021–2022 Pre-ChatGPT Transition
EW,Edwards Lifesciences Corporation,3376496.0,1788976528.0,"Edwards Lifesciences Corporation, Q2 2022 Earnings Call, Jul 28, 2022",2022-07-28,551,0,0.0,2021–2022 Pre-ChatGPT Transition
EW,Edwards Lifesciences Corporation,2666680.0,1805523134.0,"Edwards Lifesciences Corporation, Q3 2022 Earnings Call, Oct 27, 2022",2022-10-27,625,0,0.0,2021–2022 Pre-ChatGPT Transition
EW,Edwards Lifesciences Corporation,2726180.0,1821729330.0,"Edwards Lifesciences Corporation, Q4 2022 Earnings Call, Jan 31, 2023",2023-01-31,578,0,0.0,2023 Initial GenAI Surge
EW,Edwards Lifesciences Corporation,2787383.0,1832839699.0,"Edwards Lifesciences Corporation, Q1 2023 Earnings Call, Apr 26, 2023",2023-04-26,542,0,0.0,2023 Initial GenAI Surge
EW,Edwards Lifesciences Corporation,2873428.0,1847779218.0,"Edwards Lifesciences Corporation, Q2 2023 Earnings Call, Jul 26, 2023",2023-07-26,571,0,0.0,2023 Initial GenAI Surge
EW,Edwards Lifesciences Corporation,2926190.0,1859081598.0,"Edwards Lifesciences Corporation, Q3 2023 Earnings Call, Oct 25, 2023",2023-10-25,537,0,0.0,2023 Initial GenAI Surge
EW,Edwards Lifesciences Corporation,3013901.0,1868453309.0,"Edwards Lifesciences Corporation, Q4 2023 Earnings Call, Feb 06, 2024",2024-02-06,558,1,0.0017921146953405,2024–2025 AI Adoption Period
EW,Edwards Lifesciences Corporation,3098045.0,1875834429.0,"Edwards Lifesciences Corporation, Q1 2024 Earnings Call, Apr 25, 2024",2024-04-25,599,1,0.001669449081803,2024–2025 AI Adoption Period
EW,Edwards Lifesciences Corporation,3196718.0,1886795268.0,"Edwards Lifesciences Corporation, Q2 2024 Earnings Call, Jul 24, 2024",2024-07-24,546,1,0.0018315018315018,2024–2025 AI Adoption Period
EW,Edwards Lifesciences Corporation,3288809.0,1899984179.0,"Edwards Lifesciences Corporation, Q3 2024 Earnings Call, Oct 24, 2024",2024-10-24,485,0,0.0,2024–2025 AI Adoption Period
EW,Edwards Lifesciences Corporation,3371250.0,1917190124.0,"Edwards Lifesciences Corporation, Q4 2024 Earnings Call, Feb 11, 2025",2025-02-11,581,0,0.0,2024–2025 AI Adoption Period
EW,Edwards Lifesciences Corporation,3423304.0,1937037997.0,"Edwards Lifesciences Corporation, Q1 2025 Earnings Call, Apr 23, 2025",2025-04-23,536,0,0.0,2024–2025 AI Adoption Period
EW,Edwards Lifesciences Corporation,3534163.0,1953837406.0,"Edwards Lifesciences Corporation, Q2 2025 Earnings Call, Jul 24, 2025",2025-07-24,555,0,0.0,2024–2025 AI Adoption Period
EW,Edwards Lifesciences Corporation,3583161.0,1967164864.0,"Edwards Lifesciences Corporation, Q3 2025 Earnings Call, Oct 30, 2025",2025-10-30,433,2,0.0046189376443418,2024–2025 AI Adoption Period
ELV,"Elevance Health, Inc.",2252543.0,701330575.0,"Anthem, Inc., Q4 2020 Earnings Call, Jan 27, 2021",2021-01-27,656,4,0.0060975609756097,2021–2022 Pre-ChatGPT Transition
ELV,"Elevance Health, Inc.",2254546.0,701419951.0,"Anthem, Inc., Q1 2021 Earnings Call, Apr 21, 2021",2021-04-21,524,6,0.0114503816793893,2021–2022 Pre-ChatGPT Transition
ELV,"Elevance Health, Inc.",2348718.0,701419954.0,"Anthem, Inc., Q2 2021 Earnings Call, Jul 21, 2021",2021-07-21,539,1,0.0018552875695732,2021–2022 Pre-ChatGPT Transition
ELV,"Elevance Health, Inc.",2417760.0,701419955.0,"Anthem, Inc., Q3 2021 Earnings Call, Oct 20, 2021",2021-10-20,563,1,0.0017761989342806,2021–2022 Pre-ChatGPT Transition
ELV,"Elevance Health, Inc.",2477738.0,1674789768.0,"Anthem, Inc., Q4 2021 Earnings Call, Jan 26, 2022",2022-01-26,613,1,0.0016313213703099,2021–2022 Pre-ChatGPT Transition
ELV,"Elevance Health, Inc.",2542144.0,1777275539.0,"Anthem, Inc., Q1 2022 Earnings Call, Apr 20, 2022",2022-04-20,578,1,0.0017301038062283,2021–2022 Pre-ChatGPT Transition
ELV,"Elevance Health, Inc.",2601414.0,1789898870.0,"Elevance Health Inc., Q2 2022 Earnings Call, Jul 20, 2022",2022-07-20,598,0,0.0,2021–2022 Pre-ChatGPT Transition
ELV,"Elevance Health, Inc.",2658789.0,1803467714.0,"Elevance Health Inc., Q3 2022 Earnings Call, Oct 19, 2022",2022-10-19,487,0,0.0,2021–2022 Pre-ChatGPT Transition
ELV,"Elevance Health, Inc.",2763034.0,1821478972.0,"Elevance Health Inc., Q4 2022 Earnings Call, Jan 25, 2023",2023-01-25,574,0,0.0,2023 Initial GenAI Surge
ELV,"Elevance Health, Inc.",2781865.0,1832250055.0,"Elevance Health, Inc., Q1 2023 Earnings Call, Apr 19, 2023",2023-04-19,459,0,0.0,2023 Initial GenAI Surge
ELV,"Elevance Health, Inc.",2853971.0,1846114904.0,"Elevance Health, Inc., Q2 2023 Earnings Call, Jul 19, 2023",2023-07-19,455,3,0.0065934065934065,2023 Initial GenAI Surge
ELV,"Elevance Health, Inc.",2921660.0,1858085834.0,"Elevance Health, Inc., Q3 2023 Earnings Call, Oct 18, 2023",2023-10-18,484,3,0.006198347107438,2023 Initial GenAI Surge
ELV,"Elevance Health, Inc.",3002579.0,1867985739.0,"Elevance Health, Inc., Q4 2023 Earnings Call, Jan 24, 2024",2024-01-24,456,3,0.006578947368421,2024–2025 AI Adoption Period
ELV,"Elevance Health, Inc.",3088145.0,1877137966.0,"Elevance Health, Inc., Q1 2024 Earnings Call, Apr 18, 2024",2024-04-18,442,0,0.0,2024–2025 AI Adoption Period
ELV,"Elevance Health, Inc.",3188041.0,1885666374.0,"Elevance Health, Inc., Q2 2024 Earnings Call, Jul 17, 2024",2024-07-17,492,6,0.0121951219512195,2024–2025 AI Adoption Period
ELV,"Elevance Health, Inc.",3284666.0,1899844668.0,"Elevance Health, Inc., Q3 2024 Earnings Call, Oct 17, 2024",2024-10-17,471,4,0.0084925690021231,2024–2025 AI Adoption Period
ELV,"Elevance Health, Inc.",3360547.0,1916124448.0,"Elevance Health, Inc., Q4 2024 Earnings Call, Jan 23, 2025",2025-01-23,511,0,0.0,2024–2025 AI Adoption Period
ELV,"Elevance Health, Inc.",3421655.0,1937012305.0,"Elevance Health, Inc., Q1 2025 Earnings Call, Apr 22, 2025",2025-04-22,370,0,0.0,2024–2025 AI Adoption Period
ELV,"Elevance Health, Inc.",3499941.0,1951630385.0,"Elevance Health, Inc., Q2 2025 Earnings Call, Jul 17, 2025",2025-07-17,483,6,0.0124223602484472,2024–2025 AI Adoption Period
ELV,"Elevance Health, Inc.",3616317.0,1962447283.0,"Elevance Health, Inc., Q3 2025 Earnings Call, Oct 21, 2025",2025-10-21,525,8,0.0152380952380952,2024–2025 AI Adoption Period
EME,"EMCOR Group, Inc.",2477209.0,703311139.0,"EMCOR Group, Inc., Q4 2020 Earnings Call, Feb 25, 2021",2021-02-25,592,0,0.0,2021–2022 Pre-ChatGPT Transition
EME,"EMCOR Group, Inc.",2263752.0,711422135.0,"EMCOR Group, Inc., Q1 2021 Earnings Call, Apr 29, 2021",2021-04-29,706,0,0.0,2021–2022 Pre-ChatGPT Transition
EME,"EMCOR Group, Inc.",2355956.0,1674095610.0,"EMCOR Group, Inc., Q2 2021 Earnings Call, Jul 29, 2021",2021-07-29,587,0,0.0,2021–2022 Pre-ChatGPT Transition
EME,"EMCOR Group, Inc.",2416353.0,1685132753.0,"EMCOR Group, Inc., Q3 2021 Earnings Call, Oct 28, 2021",2021-10-28,479,0,0.0,2021–2022 Pre-ChatGPT Transition
EME,"EMCOR Group, Inc.",2506326.0,1769780799.0,"EMCOR Group, Inc., Q4 2021 Earnings Call, Feb 24, 2022",2022-02-24,624,1,0.0016025641025641,2021–2022 Pre-ChatGPT Transition
EME,"EMCOR Group, Inc.",2549911.0,1778306179.0,"EMCOR Group, Inc., Q1 2022 Earnings Call, Apr 28, 2022",2022-04-28,488,0,0.0,2021–2022 Pre-ChatGPT Transition
EME,"EMCOR Group, Inc.",2607624.0,1791203053.0,"EMCOR Group, Inc., Q2 2022 Earnings Call, Jul 28, 2022",2022-07-28,529,0,0.0,2021–2022 Pre-ChatGPT Transition
EME,"EMCOR Group, Inc.",2673493.0,1804592319.0,"EMCOR Group, Inc., Q3 2022 Earnings Call, Oct 27, 2022",2022-10-27,601,0,0.0,2021–2022 Pre-ChatGPT Transition
EME,"EMCOR Group, Inc.",2749848.0,1824102268.0,"EMCOR Group, Inc., Q4 2022 Earnings Call, Feb 23, 2023",2023-02-23,577,0,0.0,2023 Initial GenAI Surge
EME,"EMCOR Group, Inc.",2789365.0,1833456443.0,"EMCOR Group, Inc., Q1 2023 Earnings Call, Apr 27, 2023",2023-04-27,442,0,0.0,2023 Initial GenAI Surge
EME,"EMCOR Group, Inc.",2860963.0,1847836864.0,"EMCOR Group, Inc., Q2 2023 Earnings Call, Jul 27, 2023",2023-07-27,474,2,0.0042194092827004,2023 Initial GenAI Surge
EME,"EMCOR Group, Inc.",2927674.0,1858856062.0,"EMCOR Group, Inc., Q3 2023 Earnings Call, Oct 26, 2023",2023-10-26,542,2,0.003690036900369,2023 Initial GenAI Surge
EME,"EMCOR Group, Inc.",3042873.0,1871109234.0,"EMCOR Group, Inc., Q4 2023 Earnings Call, Feb 28, 2024",2024-02-28,527,2,0.0037950664136622,2024–2025 AI Adoption Period
EME,"EMCOR Group, Inc.",3097646.0,1877831681.0,"EMCOR Group, Inc., Q1 2024 Earnings Call, Apr 25, 2024",2024-04-25,672,3,0.0044642857142857,2024–2025 AI Adoption Period
EME,"EMCOR Group, Inc.",3196360.0,1887689094.0,"EMCOR Group, Inc., Q2 2024 Earnings Call, Jul 25, 2024",2024-07-25,438,2,0.0045662100456621,2024–2025 AI Adoption Period
EME,"EMCOR Group, Inc.",3295335.0,1900995938.0,"EMCOR Group, Inc., Q3 2024 Earnings Call, Oct 31, 2024",2024-10-31,439,5,0.0113895216400911,2024–2025 AI Adoption Period
EME,"EMCOR Group, Inc.",3385220.0,1916607447.0,"EMCOR Group, Inc., Q4 2024 Earnings Call, Feb 26, 2025",2025-02-26,671,5,0.007451564828614,2024–2025 AI Adoption Period
EME,"EMCOR Group, Inc.",3430903.0,1939862792.0,"EMCOR Group, Inc., Q1 2025 Earnings Call, Apr 30, 2025",2025-04-30,509,3,0.005893909626719,2024–2025 AI Adoption Period
EME,"EMCOR Group, Inc.",3556758.0,1953661570.0,"EMCOR Group, Inc., Q2 2025 Earnings Call, Jul 31, 2025",2025-07-31,500,0,0.0,2024–2025 AI Adoption Period
EME,"EMCOR Group, Inc.",3583564.0,1966318419.0,"EMCOR Group, Inc., Q3 2025 Earnings Call, Oct 30, 2025",2025-10-30,523,4,0.0076481835564053,2024–2025 AI Adoption Period
EMR,Emerson Electric Co.,2189084.0,698607479.0,"Emerson Electric Co., Q1 2021 Earnings Call, Feb 02, 2021",2021-02-02,986,0,0.0,2021–2022 Pre-ChatGPT Transition
EMR,Emerson Electric Co.,2270654.0,711315635.0,"Emerson Electric Co., Q2 2021 Earnings Call, May 05, 2021",2021-05-05,561,0,0.0,2021–2022 Pre-ChatGPT Transition
EMR,Emerson Electric Co.,2362541.0,1674095772.0,"Emerson Electric Co., Q3 2021 Earnings Call, Aug 04, 2021",2021-08-04,624,1,0.0016025641025641,2021–2022 Pre-ChatGPT Transition
EMR,Emerson Electric Co.,2423138.0,1685041266.0,"Emerson Electric Co., Q4 2021 Earnings Call, Nov 03, 2021",2021-11-03,481,0,0.0,2021–2022 Pre-ChatGPT Transition
EMR,Emerson Electric Co.,2488190.0,1764061317.0,"Emerson Electric Co., Q1 2022 Earnings Call, Feb 02, 2022",2022-02-02,502,0,0.0,2021–2022 Pre-ChatGPT Transition
EMR,Emerson Electric Co.,2552669.0,1778181494.0,"Emerson Electric Co., Q2 2022 Earnings Call, May 04, 2022",2022-05-04,521,0,0.0,2021–2022 Pre-ChatGPT Transition
EMR,Emerson Electric Co.,2643150.0,1790835893.0,"Emerson Electric Co., Q3 2022 Earnings Call, Aug 09, 2022",2022-08-09,505,0,0.0,2021–2022 Pre-ChatGPT Transition
EMR,Emerson Electric Co.,2669371.0,1804388528.0,"Emerson Electric Co., Q4 2022 Earnings Call, Oct 31, 2022",2022-10-31,431,0,0.0,2021–2022 Pre-ChatGPT Transition
EMR,Emerson Electric Co.,2731581.0,1822209091.0,"Emerson Electric Co., Q1 2023 Earnings Call, Feb 08, 2023",2023-02-08,520,0,0.0,2023 Initial GenAI Surge
EMR,Emerson Electric Co.,2792876.0,1833028271.0,"Emerson Electric Co., Q2 2023 Earnings Call, May 03, 2023",2023-05-03,541,0,0.0,2023 Initial GenAI Surge
EMR,Emerson Electric Co.,2866194.0,1847726326.0,"Emerson Electric Co., Q3 2023 Earnings Call, Aug 02, 2023",2023-08-02,478,1,0.002092050209205,2023 Initial GenAI Surge
EMR,Emerson Electric Co.,2939468.0,1859267369.0,"Emerson Electric Co., Q4 2023 Earnings Call, Nov 07, 2023",2023-11-07,473,1,0.0021141649048625,2023 Initial GenAI Surge
EMR,Emerson Electric Co.,3014996.0,1868664836.0,"Emerson Electric Co., Q1 2024 Earnings Call, Feb 07, 2024",2024-02-07,499,0,0.0,2024–2025 AI Adoption Period
EMR,Emerson Electric Co.,3114194.0,1878358406.0,"Emerson Electric Co., Q2 2024 Earnings Call, May 08, 2024",2024-05-08,462,3,0.0064935064935064,2024–2025 AI Adoption Period
EMR,Emerson Electric Co.,3216589.0,1888220817.0,"Emerson Electric Co., Q3 2024 Earnings Call, Aug 07, 2024",2024-08-07,463,4,0.0086393088552915,2024–2025 AI Adoption Period
EMR,Emerson Electric Co.,3298824.0,1900716427.0,"Emerson Electric Co., Q4 2024 Earnings Call, Nov 05, 2024",2024-11-05,454,2,0.0044052863436123,2024–2025 AI Adoption Period
EMR,Emerson Electric Co.,3366213.0,1916832275.0,"Emerson Electric Co., Q1 2025 Earnings Call, Feb 05, 2025",2025-02-05,431,2,0.0046403712296983,2024–2025 AI Adoption Period
EMR,Emerson Electric Co.,3489146.0,1939870261.0,"Emerson Electric Co., Q2 2025 Earnings Call, May 07, 2025",2025-05-07,393,0,0.0,2024–2025 AI Adoption Period
EMR,Emerson Electric Co.,3516340.0,1953534795.0,"Emerson Electric Co., Q3 2025 Earnings Call, Aug 06, 2025",2025-08-06,420,8,0.019047619047619,2024–2025 AI Adoption Period
EMR,Emerson Electric Co.,3629763.0,1966171094.0,"Emerson Electric Co., Q4 2025 Earnings Call, Nov 05, 2025",2025-11-05,417,4,0.0095923261390887,2024–2025 AI Adoption Period
EFX,Enerflex Ltd.,2224705.0,702373617.0,"Enerflex Ltd., Q4 2020 Earnings Call, Feb 25, 2021",2021-02-25,230,0,0.0,2021–2022 Pre-ChatGPT Transition
EFX,Enerflex Ltd.,2304760.0,710594988.0,"Enerflex Ltd., Q1 2021 Earnings Call, May 06, 2021",2021-05-06,234,0,0.0,2021–2022 Pre-ChatGPT Transition
EFX,Enerflex Ltd.,2399564.0,1673095039.0,"Enerflex Ltd., Q2 2021 Earnings Call, Aug 05, 2021",2021-08-05,267,0,0.0,2021–2022 Pre-ChatGPT Transition
EFX,Enerflex Ltd.,2429019.0,1684386581.0,"Enerflex Ltd., Q3 2021 Earnings Call, Nov 05, 2021",2021-11-05,197,0,0.0,2021–2022 Pre-ChatGPT Transition
EFX,Enerflex Ltd.,2505689.0,1764956722.0,"Enerflex Ltd., Q4 2021 Earnings Call, Feb 24, 2022",2022-02-24,276,0,0.0,2021–2022 Pre-ChatGPT Transition
EFX,Enerflex Ltd.,2556208.0,1777139401.0,"Enerflex Ltd., Q1 2022 Earnings Call, May 05, 2022",2022-05-05,225,0,0.0,2021–2022 Pre-ChatGPT Transition
EFX,Enerflex Ltd.,2637298.0,1789894767.0,"Enerflex Ltd., Q2 2022 Earnings Call, Aug 11, 2022",2022-08-11,326,0,0.0,2021–2022 Pre-ChatGPT Transition
EFX,Enerflex Ltd.,2683712.0,1804596875.0,"Enerflex Ltd., Q3 2022 Earnings Call, Nov 10, 2022",2022-11-10,178,0,0.0,2021–2022 Pre-ChatGPT Transition
EFX,Enerflex Ltd.,2759086.0,1821601631.0,"Enerflex Ltd., Q4 2022 Earnings Call, Mar 02, 2023",2023-03-02,472,0,0.0,2023 Initial GenAI Surge
EFX,Enerflex Ltd.,2801994.0,1836840412.0,"Enerflex Ltd., Q1 2023 Earnings Call, May 04, 2023",2023-05-04,319,0,0.0,2023 Initial GenAI Surge
EFX,Enerflex Ltd.,3499563.0,1839024887.0,"Enerflex Ltd., Q2 2023 Earnings Call, Aug 10, 2023",2023-08-10,279,0,0.0,2023 Initial GenAI Surge
EFX,Enerflex Ltd.,2946672.0,1861483285.0,"Enerflex Ltd., Q3 2023 Earnings Call, Nov 09, 2023",2023-11-09,281,0,0.0,2023 Initial GenAI Surge
EFX,Enerflex Ltd.,3044865.0,1868542297.0,"Enerflex Ltd., Q4 2023 Earnings Call, Feb 29, 2024",2024-02-29,293,0,0.0,2024–2025 AI Adoption Period
EFX,Enerflex Ltd.,3114273.0,1879412234.0,"Enerflex Ltd., Q1 2024 Earnings Call, May 08, 2024",2024-05-08,300,0,0.0,2024–2025 AI Adoption Period
EFX,Enerflex Ltd.,3225503.0,1885649787.0,"Enerflex Ltd., H1 2024 Earnings Call, Aug 08, 2024",2024-08-08,207,0,0.0,2024–2025 AI Adoption Period
EFX,Enerflex Ltd.,3310926.0,1890736657.0,"Enerflex Ltd., Q3 2024 Earnings Call, Nov 14, 2024",2024-11-14,177,0,0.0,2024–2025 AI Adoption Period
EFX,Enerflex Ltd.,3386914.0,1916472152.0,"Enerflex Ltd., Q4 2024 Earnings Call, Feb 27, 2025",2025-02-27,253,0,0.0,2024–2025 AI Adoption Period
EFX,Enerflex Ltd.,3446240.0,1940483103.0,"Enerflex Ltd., Q1 2025 Earnings Call, May 08, 2025",2025-05-08,232,0,0.0,2024–2025 AI Adoption Period
EFX,Enerflex Ltd.,3519507.0,1953286429.0,"Enerflex Ltd., Q2 2025 Earnings Call, Aug 07, 2025",2025-08-07,199,0,0.0,2024–2025 AI Adoption Period
EFX,Enerflex Ltd.,3581853.0,1963555595.0,"Enerflex Ltd., Q3 2025 Earnings Call, Nov 06, 2025",2025-11-06,248,0,0.0,2024–2025 AI Adoption Period
ETR,Entergy Corporation,2222143.0,702417248.0,"Entergy Corporation, Q4 2020 Earnings Call, Feb 24, 2021",2021-02-24,518,0,0.0,2021–2022 Pre-ChatGPT Transition
ETR,Entergy Corporation,2261131.0,711392536.0,"Entergy Corporation, Q1 2021 Earnings Call, Apr 28, 2021",2021-04-28,484,0,0.0,2021–2022 Pre-ChatGPT Transition
ETR,Entergy Corporation,2477802.0,1673232568.0,"Entergy Corporation, Q2 2021 Earnings Call, Aug 04, 2021",2021-08-04,427,0,0.0,2021–2022 Pre-ChatGPT Transition
ETR,Entergy Corporation,2423553.0,1684318472.0,"Entergy Corporation, Q3 2021 Earnings Call, Nov 03, 2021",2021-11-03,349,0,0.0,2021–2022 Pre-ChatGPT Transition
ETR,Entergy Corporation,2511915.0,1763675109.0,"Entergy Corporation, Q4 2021 Earnings Call, Feb 23, 2022",2022-02-23,470,0,0.0,2021–2022 Pre-ChatGPT Transition
ETR,Entergy Corporation,2551401.0,1776667974.0,"Entergy Corporation, Q1 2022 Earnings Call, Apr 27, 2022",2022-04-27,535,0,0.0,2021–2022 Pre-ChatGPT Transition
ETR,Entergy Corporation,2614087.0,1790068296.0,"Entergy Corporation, Q2 2022 Earnings Call, Aug 03, 2022",2022-08-03,473,0,0.0,2021–2022 Pre-ChatGPT Transition
ETR,Entergy Corporation,2672221.0,1803021903.0,"Entergy Corporation, Q3 2022 Earnings Call, Nov 02, 2022",2022-11-02,470,0,0.0,2021–2022 Pre-ChatGPT Transition
ETR,Entergy Corporation,2740534.0,1820687133.0,"Entergy Corporation, Q4 2022 Earnings Call, Feb 16, 2023",2023-02-16,472,0,0.0,2023 Initial GenAI Surge
ETR,Entergy Corporation,2786493.0,1832002132.0,"Entergy Corporation, Q1 2023 Earnings Call, Apr 26, 2023",2023-04-26,367,1,0.0027247956403269,2023 Initial GenAI Surge
ETR,Entergy Corporation,3127480.0,1848866205.0,"Entergy Corporation, Q2 2023 Earnings Call, Aug 02, 2023",2023-08-02,327,0,0.0,2023 Initial GenAI Surge
ETR,Entergy Corporation,2932372.0,1859971442.0,"Entergy Corporation, Q3 2023 Earnings Call, Nov 01, 2023",2023-11-01,392,1,0.0025510204081632,2023 Initial GenAI Surge
ETR,Entergy Corporation,3034184.0,1868629574.0,"Entergy Corporation, Q4 2023 Earnings Call, Feb 22, 2024",2024-02-22,306,0,0.0,2024–2025 AI Adoption Period
ETR,Entergy Corporation,3095158.0,1877339344.0,"Entergy Corporation, Q1 2024 Earnings Call, Apr 24, 2024",2024-04-24,396,8,0.0202020202020202,2024–2025 AI Adoption Period
ETR,Entergy Corporation,3208921.0,1886231346.0,"Entergy Corporation, Q2 2024 Earnings Call, Aug 01, 2024",2024-08-01,379,0,0.0,2024–2025 AI Adoption Period
ETR,Entergy Corporation,3295618.0,1899071767.0,"Entergy Corporation, Q3 2024 Earnings Call, Oct 31, 2024",2024-10-31,517,0,0.0,2024–2025 AI Adoption Period
ETR,Entergy Corporation,3376699.0,1917222525.0,"Entergy Corporation, Q4 2024 Earnings Call, Feb 18, 2025",2025-02-18,417,1,0.0023980815347721,2024–2025 AI Adoption Period
ETR,Entergy Corporation,3497021.0,1938612493.0,"Entergy Corporation, Q1 2025 Earnings Call, Apr 29, 2025",2025-04-29,477,0,0.0,2024–2025 AI Adoption Period
ETR,Entergy Corporation,3556625.0,1952913456.0,"Entergy Corporation, Q2 2025 Earnings Call, Jul 30, 2025",2025-07-30,474,2,0.0042194092827004,2024–2025 AI Adoption Period
ETR,Entergy Corporation,3575661.0,1963104243.0,"Entergy Corporation, Q3 2025 Earnings Call, Oct 29, 2025",2025-10-29,471,4,0.0084925690021231,2024–2025 AI Adoption Period
EOG,"EOG Resources, Inc.",2292961.0,700976946.0,"EOG Resources, Inc., Q4 2020 Earnings Call, Feb 26, 2021",2021-02-26,528,0,0.0,2021–2022 Pre-ChatGPT Transition
EOG,"EOG Resources, Inc.",2299750.0,708884606.0,"EOG Resources, Inc., Q1 2021 Earnings Call, May 07, 2021",2021-05-07,532,0,0.0,2021–2022 Pre-ChatGPT Transition
EOG,"EOG Resources, Inc.",2365048.0,1671602550.0,"EOG Resources, Inc., Q2 2021 Earnings Call, Aug 05, 2021",2021-08-05,487,0,0.0,2021–2022 Pre-ChatGPT Transition
EOG,"EOG Resources, Inc.",2457748.0,1682438223.0,"EOG Resources, Inc., Q3 2021 Earnings Call, Nov 05, 2021",2021-11-05,538,0,0.0,2021–2022 Pre-ChatGPT Transition
EOG,"EOG Resources, Inc.",2508604.0,1764116221.0,"EOG Resources, Inc., Q4 2021 Earnings Call, Feb 25, 2022",2022-02-25,488,0,0.0,2021–2022 Pre-ChatGPT Transition
EOG,"EOG Resources, Inc.",2557620.0,1775311653.0,"EOG Resources, Inc., Q1 2022 Earnings Call, May 06, 2022",2022-05-06,475,0,0.0,2021–2022 Pre-ChatGPT Transition
EOG,"EOG Resources, Inc.",2621205.0,1787602400.0,"EOG Resources, Inc., Q2 2022 Earnings Call, Aug 05, 2022",2022-08-05,470,0,0.0,2021–2022 Pre-ChatGPT Transition
EOG,"EOG Resources, Inc.",2676455.0,1801194887.0,"EOG Resources, Inc., Q3 2022 Earnings Call, Nov 04, 2022",2022-11-04,504,0,0.0,2021–2022 Pre-ChatGPT Transition
EOG,"EOG Resources, Inc.",2751279.0,1821478998.0,"EOG Resources, Inc., Q4 2022 Earnings Call, Feb 24, 2023",2023-02-24,484,0,0.0,2023 Initial GenAI Surge
EOG,"EOG Resources, Inc.",2800258.0,1830348260.0,"EOG Resources, Inc., Q1 2023 Earnings Call, May 05, 2023",2023-05-05,496,0,0.0,2023 Initial GenAI Surge
EOG,"EOG Resources, Inc.",2870949.0,1844514430.0,"EOG Resources, Inc., Q2 2023 Earnings Call, Aug 04, 2023",2023-08-04,415,0,0.0,2023 Initial GenAI Surge
EOG,"EOG Resources, Inc.",2935884.0,1856325513.0,"EOG Resources, Inc., Q3 2023 Earnings Call, Nov 03, 2023",2023-11-03,511,0,0.0,2023 Initial GenAI Surge
EOG,"EOG Resources, Inc.",3069361.0,1867884261.0,"EOG Resources, Inc., Q4 2023 Earnings Call, Feb 23, 2024",2024-02-23,518,0,0.0,2024–2025 AI Adoption Period
EOG,"EOG Resources, Inc.",3109370.0,1875246255.0,"EOG Resources, Inc., Q1 2024 Earnings Call, May 03, 2024",2024-05-03,552,2,0.0036231884057971,2024–2025 AI Adoption Period
EOG,"EOG Resources, Inc.",3210930.0,1885079172.0,"EOG Resources, Inc., Q2 2024 Earnings Call, Aug 02, 2024",2024-08-02,535,0,0.0,2024–2025 AI Adoption Period
EOG,"EOG Resources, Inc.",3304814.0,1898425332.0,"EOG Resources, Inc., Q3 2024 Earnings Call, Nov 08, 2024",2024-11-08,493,1,0.0020283975659229,2024–2025 AI Adoption Period
EOG,"EOG Resources, Inc.",3388724.0,1917053821.0,"EOG Resources, Inc., Q4 2024 Earnings Call, Feb 28, 2025",2025-02-28,520,0,0.0,2024–2025 AI Adoption Period
EOG,"EOG Resources, Inc.",3437603.0,1935397382.0,"EOG Resources, Inc., Q1 2025 Earnings Call, May 02, 2025",2025-05-02,464,0,0.0,2024–2025 AI Adoption Period
EOG,"EOG Resources, Inc.",3559953.0,1949849026.0,"EOG Resources, Inc., Q2 2025 Earnings Call, Aug 08, 2025",2025-08-08,531,8,0.0150659133709981,2024–2025 AI Adoption Period
EOG,"EOG Resources, Inc.",3594392.0,1961841298.0,"EOG Resources, Inc., Q3 2025 Earnings Call, Nov 07, 2025",2025-11-07,492,9,0.0182926829268292,2024–2025 AI Adoption Period
EPAM,"EPAM Systems, Inc.",2215382.0,701217828.0,"EPAM Systems, Inc., Q4 2020 Earnings Call, Feb 18, 2021",2021-02-18,469,1,0.0021321961620469,2021–2022 Pre-ChatGPT Transition
EPAM,"EPAM Systems, Inc.",2324653.0,710055220.0,"EPAM Systems, Inc., Q1 2021 Earnings Call, May 06, 2021",2021-05-06,460,5,0.0108695652173913,2021–2022 Pre-ChatGPT Transition
EPAM,"EPAM Systems, Inc.",3448697.0,1673522584.0,"EPAM Systems, Inc., Q2 2021 Earnings Call, Aug 05, 2021",2021-08-05,428,2,0.0046728971962616,2021–2022 Pre-ChatGPT Transition
EPAM,"EPAM Systems, Inc.",2425461.0,1684382748.0,"EPAM Systems, Inc., Q3 2021 Earnings Call, Nov 04, 2021",2021-11-04,419,1,0.0023866348448687,2021–2022 Pre-ChatGPT Transition
EPAM,"EPAM Systems, Inc.",2497750.0,1764653342.0,"EPAM Systems, Inc., Q4 2021 Earnings Call, Feb 17, 2022",2022-02-17,501,0,0.0,2021–2022 Pre-ChatGPT Transition
EPAM,"EPAM Systems, Inc.",2554526.0,1777272960.0,"EPAM Systems, Inc., Q1 2022 Earnings Call, May 05, 2022",2022-05-05,417,0,0.0,2021–2022 Pre-ChatGPT Transition
EPAM,"EPAM Systems, Inc.",2615822.0,1790257167.0,"EPAM Systems, Inc., Q2 2022 Earnings Call, Aug 04, 2022",2022-08-04,473,0,0.0,2021–2022 Pre-ChatGPT Transition
EPAM,"EPAM Systems, Inc.",2673506.0,1803763394.0,"EPAM Systems, Inc., Q3 2022 Earnings Call, Nov 03, 2022",2022-11-03,441,0,0.0,2021–2022 Pre-ChatGPT Transition
EPAM,"EPAM Systems, Inc.",3241956.0,1822127036.0,"EPAM Systems, Inc., Q4 2022 Earnings Call, Feb 16, 2023",2023-02-16,463,0,0.0,2023 Initial GenAI Surge
EPAM,"EPAM Systems, Inc.",2796252.0,1832391786.0,"EPAM Systems, Inc., Q1 2023 Earnings Call, May 05, 2023",2023-05-05,419,5,0.0119331742243436,2023 Initial GenAI Surge
EPAM,"EPAM Systems, Inc.",2869177.0,1847192403.0,"EPAM Systems, Inc., Q2 2023 Earnings Call, Aug 03, 2023",2023-08-03,472,11,0.0233050847457627,2023 Initial GenAI Surge
EPAM,"EPAM Systems, Inc.",2933854.0,1858531090.0,"EPAM Systems, Inc., Q3 2023 Earnings Call, Nov 02, 2023",2023-11-02,467,17,0.0364025695931477,2023 Initial GenAI Surge
EPAM,"EPAM Systems, Inc.",3025239.0,1868180603.0,"EPAM Systems, Inc., Q4 2023 Earnings Call, Feb 15, 2024",2024-02-15,436,24,0.055045871559633,2024–2025 AI Adoption Period
EPAM,"EPAM Systems, Inc.",3116314.0,1877759691.0,"EPAM Systems, Inc., Q1 2024 Earnings Call, May 09, 2024",2024-05-09,473,17,0.0359408033826638,2024–2025 AI Adoption Period
EPAM,"EPAM Systems, Inc.",3219326.0,1887475368.0,"EPAM Systems, Inc., Q2 2024 Earnings Call, Aug 08, 2024",2024-08-08,469,44,0.0938166311300639,2024–2025 AI Adoption Period
EPAM,"EPAM Systems, Inc.",3302278.0,1900179186.0,"EPAM Systems, Inc., Q3 2024 Earnings Call, Nov 07, 2024",2024-11-07,412,20,0.0485436893203883,2024–2025 AI Adoption Period
EPAM,"EPAM Systems, Inc.",3379282.0,1917591577.0,"EPAM Systems, Inc., Q4 2024 Earnings Call, Feb 20, 2025",2025-02-20,449,39,0.086859688195991,2024–2025 AI Adoption Period
EPAM,"EPAM Systems, Inc.",3537047.0,1938332282.0,"EPAM Systems, Inc., Q1 2025 Earnings Call, May 08, 2025",2025-05-08,463,39,0.0842332613390928,2024–2025 AI Adoption Period
EPAM,"EPAM Systems, Inc.",3519750.0,1952389007.0,"EPAM Systems, Inc., Q2 2025 Earnings Call, Aug 07, 2025",2025-08-07,485,58,0.1195876288659793,2024–2025 AI Adoption Period
EPAM,"EPAM Systems, Inc.",3605847.0,1963782642.0,"EPAM Systems, Inc., Q3 2025 Earnings Call, Nov 06, 2025",2025-11-06,425,68,0.16,2024–2025 AI Adoption Period
EQT,EQT AB (publ),2250825.0,701270698.0,"EQT AB (publ), 2020 Earnings Call, Jan 26, 2021",2021-01-26,741,1,0.0013495276653171,2021–2022 Pre-ChatGPT Transition
EQT,EQT AB (publ),2255063.0,711065490.0,"EQT AB (publ), Q1 2021 Earnings Call, Apr 22, 2021",2021-04-22,469,0,0.0,2021–2022 Pre-ChatGPT Transition
EQT,EQT AB (publ),2349067.0,1673459299.0,"EQT AB (publ), H1 2021 Earnings Call, Jul 22, 2021",2021-07-22,555,2,0.0036036036036036,2021–2022 Pre-ChatGPT Transition
EQT,EQT AB (publ),2473476.0,1684580806.0,"EQT AB (publ), Q3 2021 Earnings Call, Oct 20, 2021",2021-10-20,426,0,0.0,2021–2022 Pre-ChatGPT Transition
EQT,EQT AB (publ),2474360.0,1763305476.0,"EQT AB (publ), 2021 Earnings Call, Jan 19, 2022",2022-01-19,624,4,0.0064102564102564,2021–2022 Pre-ChatGPT Transition
EQT,EQT AB (publ),2543008.0,1777994194.0,"EQT AB (publ), Q1 2022 Earnings Call, Apr 26, 2022",2022-04-26,446,2,0.0044843049327354,2021–2022 Pre-ChatGPT Transition
EQT,EQT AB (publ),2599393.0,1788878934.0,"EQT AB (publ), H1 2022 Earnings Call, Jul 14, 2022",2022-07-14,735,1,0.001360544217687,2021–2022 Pre-ChatGPT Transition
EQT,EQT AB (publ),2658363.0,1802931133.0,"EQT AB (publ), Q3 2022 Earnings Call, Oct 18, 2022",2022-10-18,577,2,0.0034662045060658,2021–2022 Pre-ChatGPT Transition
EQT,EQT AB (publ),2719229.0,1820648534.0,"EQT AB (publ), 2022 Earnings Call, Jan 18, 2023",2023-01-18,596,1,0.0016778523489932,2023 Initial GenAI Surge
EQT,EQT AB (publ),2783262.0,1832440729.0,"EQT AB (publ), Q1 2023 Earnings Call, Apr 20, 2023",2023-04-20,443,1,0.0022573363431151,2023 Initial GenAI Surge
EQT,EQT AB (publ),2855360.0,1846290418.0,"EQT AB (publ), H1 2023 Earnings Call, Jul 14, 2023",2023-07-14,563,11,0.019538188277087,2023 Initial GenAI Surge
EQT,EQT AB (publ),2987476.0,1857727364.0,"EQT AB (publ), Q3 2023 Earnings Call, Oct 17, 2023",2023-10-17,618,7,0.0113268608414239,2023 Initial GenAI Surge
EQT,EQT AB (publ),3001659.0,1867387474.0,"EQT AB (publ), 2023 Earnings Call, Jan 18, 2024",2024-01-18,476,3,0.0063025210084033,2024–2025 AI Adoption Period
EQT,EQT AB (publ),3101662.0,1877285377.0,"EQT AB (publ), Q1 2024 Earnings Call, Apr 18, 2024",2024-04-18,495,2,0.004040404040404,2024–2025 AI Adoption Period
EQT,EQT AB (publ),3188987.0,1886734106.0,"EQT AB (publ), H1 2024 Earnings Call, Jul 18, 2024",2024-07-18,591,8,0.0135363790186125,2024–2025 AI Adoption Period
EQT,EQT AB (publ),3284434.0,1899386604.0,"EQT AB (publ), Q3 2024 Earnings Call, Oct 17, 2024",2024-10-17,533,4,0.0075046904315197,2024–2025 AI Adoption Period
EQT,EQT AB (publ),3358840.0,1916015277.0,"EQT AB (publ), 2024 Earnings Call, Jan 23, 2025",2025-01-23,614,2,0.003257328990228,2024–2025 AI Adoption Period
EQT,EQT AB (publ),3418881.0,1937239522.0,"EQT AB (publ), Q1 2025 Earnings Call, Apr 16, 2025",2025-04-16,591,0,0.0,2024–2025 AI Adoption Period
EQT,EQT AB (publ),3498398.0,1951698035.0,"EQT AB (publ), H1 2025 Earnings Call, Jul 17, 2025",2025-07-17,569,4,0.0070298769771528,2024–2025 AI Adoption Period
EQT,EQT AB (publ),3561045.0,1962879765.0,"EQT AB (publ), Q3 2025 Earnings Call, Oct 16, 2025",2025-10-16,557,8,0.0143626570915619,2024–2025 AI Adoption Period
EQT,EQT Corporation,2258192.0,702438851.0,"EQT Corporation, Q4 2020 Earnings Call, Feb 17, 2021",2021-02-17,449,0,0.0,2021–2022 Pre-ChatGPT Transition
EQT,EQT Corporation,2273179.0,712038261.0,"EQT Corporation, Q1 2021 Earnings Call, May 06, 2021",2021-05-06,462,0,0.0,2021–2022 Pre-ChatGPT Transition
EQT,EQT Corporation,2354781.0,1673717142.0,"EQT Corporation, Q2 2021 Earnings Call, Jul 29, 2021",2021-07-29,438,0,0.0,2021–2022 Pre-ChatGPT Transition
EQT,EQT Corporation,2415990.0,1684979367.0,"EQT Corporation, Q3 2021 Earnings Call, Oct 28, 2021",2021-10-28,462,0,0.0,2021–2022 Pre-ChatGPT Transition
EQT,EQT Corporation,2490647.0,1765625766.0,"EQT Corporation, Q4 2021 Earnings Call, Feb 10, 2022",2022-02-10,579,0,0.0,2021–2022 Pre-ChatGPT Transition
EQT,EQT Corporation,2547129.0,1778331830.0,"EQT Corporation, Q1 2022 Earnings Call, Apr 28, 2022",2022-04-28,453,0,0.0,2021–2022 Pre-ChatGPT Transition
EQT,EQT Corporation,2607377.0,1791421411.0,"EQT Corporation, Q2 2022 Earnings Call, Jul 28, 2022",2022-07-28,397,0,0.0,2021–2022 Pre-ChatGPT Transition
EQT,EQT Corporation,2665901.0,1804618200.0,"EQT Corporation, Q3 2022 Earnings Call, Oct 27, 2022",2022-10-27,417,0,0.0,2021–2022 Pre-ChatGPT Transition
EQT,EQT Corporation,2740484.0,1822127071.0,"EQT Corporation, Q4 2022 Earnings Call, Feb 16, 2023",2023-02-16,402,0,0.0,2023 Initial GenAI Surge
EQT,EQT Corporation,2788727.0,1832830884.0,"EQT Corporation, Q1 2023 Earnings Call, Apr 27, 2023",2023-04-27,496,0,0.0,2023 Initial GenAI Surge
EQT,EQT Corporation,3088731.0,1846945437.0,"EQT Corporation, Q2 2023 Earnings Call, Jul 26, 2023",2023-07-26,497,0,0.0,2023 Initial GenAI Surge
EQT,EQT Corporation,2927727.0,1857973780.0,"EQT Corporation, Q3 2023 Earnings Call, Oct 26, 2023",2023-10-26,465,0,0.0,2023 Initial GenAI Surge
EQT,EQT Corporation,3023542.0,1868575452.0,"EQT Corporation, Q4 2023 Earnings Call, Feb 14, 2024",2024-02-14,515,1,0.0019417475728155,2024–2025 AI Adoption Period
EQT,EQT Corporation,3095093.0,1877533429.0,"EQT Corporation, Q1 2024 Earnings Call, Apr 24, 2024",2024-04-24,459,3,0.0065359477124183,2024–2025 AI Adoption Period
EQT,EQT Corporation,3194827.0,1886225146.0,"EQT Corporation, Q2 2024 Earnings Call, Jul 24, 2024",2024-07-24,498,1,0.002008032128514,2024–2025 AI Adoption Period
EQT,EQT Corporation,3293748.0,1899558302.0,"EQT Corporation, Q3 2024 Earnings Call, Oct 30, 2024",2024-10-30,438,5,0.0114155251141552,2024–2025 AI Adoption Period
EQT,EQT Corporation,3378016.0,1916503158.0,"EQT Corporation, Q4 2024 Earnings Call, Feb 19, 2025",2025-02-19,528,1,0.0018939393939393,2024–2025 AI Adoption Period
EQT,EQT Corporation,3423119.0,1937518782.0,"EQT Corporation, Q1 2025 Earnings Call, Apr 23, 2025",2025-04-23,520,2,0.0038461538461538,2024–2025 AI Adoption Period
EQT,EQT Corporation,3501921.0,1951630222.0,"EQT Corporation, Q2 2025 Earnings Call, Jul 23, 2025",2025-07-23,539,4,0.0074211502782931,2024–2025 AI Adoption Period
EQT,EQT Corporation,3619330.0,1962925063.0,"EQT Corporation, Q3 2025 Earnings Call, Oct 22, 2025",2025-10-22,593,0,0.0,2024–2025 AI Adoption Period
EFX,Equifax Inc.,2246169.0,703141485.0,"Equifax Inc., Q4 2020 Earnings Call, Feb 11, 2021",2021-02-11,1057,5,0.0047303689687795,2021–2022 Pre-ChatGPT Transition
EFX,Equifax Inc.,2255864.0,711223082.0,"Equifax Inc., Q1 2021 Earnings Call, Apr 22, 2021",2021-04-22,1108,1,0.0009025270758122,2021–2022 Pre-ChatGPT Transition
EFX,Equifax Inc.,2349757.0,1673419425.0,"Equifax Inc., Q2 2021 Earnings Call, Jul 22, 2021",2021-07-22,904,1,0.0011061946902654,2021–2022 Pre-ChatGPT Transition
EFX,Equifax Inc.,2409129.0,1684669930.0,"Equifax Inc., Q3 2021 Earnings Call, Oct 21, 2021",2021-10-21,907,0,0.0,2021–2022 Pre-ChatGPT Transition
EFX,Equifax Inc.,2519969.0,1765626571.0,"Equifax Inc., Q4 2021 Earnings Call, Feb 10, 2022",2022-02-10,1065,0,0.0,2021–2022 Pre-ChatGPT Transition
EFX,Equifax Inc.,2541384.0,1777450403.0,"Equifax Inc., Q1 2022 Earnings Call, Apr 21, 2022",2022-04-21,1060,0,0.0,2021–2022 Pre-ChatGPT Transition
EFX,Equifax Inc.,3493773.0,1790175954.0,"Equifax Inc., Q2 2022 Earnings Call, Jul 21, 2022",2022-07-21,1007,1,0.0009930486593843,2021–2022 Pre-ChatGPT Transition
EFX,Equifax Inc.,2659988.0,1803762204.0,"Equifax Inc., Q3 2022 Earnings Call, Oct 20, 2022",2022-10-20,1069,0,0.0,2021–2022 Pre-ChatGPT Transition
EFX,Equifax Inc.,2733804.0,1823444686.0,"Equifax Inc., Q4 2022 Earnings Call, Feb 09, 2023",2023-02-09,963,0,0.0,2023 Initial GenAI Surge
EFX,Equifax Inc.,2782712.0,1832386769.0,"Equifax Inc., Q1 2023 Earnings Call, Apr 20, 2023",2023-04-20,870,7,0.0080459770114942,2023 Initial GenAI Surge
EFX,Equifax Inc.,3021171.0,1847193039.0,"Equifax Inc., Q2 2023 Earnings Call, Jul 20, 2023",2023-07-20,906,14,0.0154525386313465,2023 Initial GenAI Surge
EFX,Equifax Inc.,2922370.0,1858215598.0,"Equifax Inc., Q3 2023 Earnings Call, Oct 19, 2023",2023-10-19,872,3,0.003440366972477,2023 Initial GenAI Surge
EFX,Equifax Inc.,3016496.0,1869474274.0,"Equifax Inc., Q4 2023 Earnings Call, Feb 08, 2024",2024-02-08,650,14,0.0215384615384615,2024–2025 AI Adoption Period
EFX,Equifax Inc.,3088477.0,1877229559.0,"Equifax Inc., Q1 2024 Earnings Call, Apr 18, 2024",2024-04-18,935,20,0.0213903743315508,2024–2025 AI Adoption Period
EFX,Equifax Inc.,3189571.0,1886657395.0,"Equifax Inc., Q2 2024 Earnings Call, Jul 18, 2024",2024-07-18,915,24,0.0262295081967213,2024–2025 AI Adoption Period
EFX,Equifax Inc.,3284771.0,1899339480.0,"Equifax Inc., Q3 2024 Earnings Call, Oct 17, 2024",2024-10-17,900,12,0.0133333333333333,2024–2025 AI Adoption Period
EFX,Equifax Inc.,3415313.0,1917806567.0,"Equifax Inc., Q4 2024 Earnings Call, Feb 06, 2025",2025-02-06,845,10,0.0118343195266272,2024–2025 AI Adoption Period
EFX,Equifax Inc.,3421886.0,1937817905.0,"Equifax Inc., Q1 2025 Earnings Call, Apr 22, 2025",2025-04-22,809,6,0.007416563658838,2024–2025 AI Adoption Period
EFX,Equifax Inc.,3500701.0,1952724240.0,"Equifax Inc., Q2 2025 Earnings Call, Jul 22, 2025",2025-07-22,762,9,0.0118110236220472,2024–2025 AI Adoption Period
EFX,Equifax Inc.,3618132.0,1963904291.0,"Equifax Inc., Q3 2025 Earnings Call, Oct 21, 2025",2025-10-21,808,39,0.0482673267326732,2024–2025 AI Adoption Period
EQIX,"Equinix, Inc.",2203897.0,700826507.0,"Equinix, Inc. (REIT), Q4 2020 Earnings Call, Feb 10, 2021",2021-02-10,500,1,0.002,2021–2022 Pre-ChatGPT Transition
EQIX,"Equinix, Inc.",2261658.0,710358824.0,"Equinix, Inc. (REIT), Q1 2021 Earnings Call, Apr 28, 2021",2021-04-28,499,0,0.0,2021–2022 Pre-ChatGPT Transition
EQIX,"Equinix, Inc.",2353515.0,1672788793.0,"Equinix, Inc. (REIT), Q2 2021 Earnings Call, Jul 28, 2021",2021-07-28,491,0,0.0,2021–2022 Pre-ChatGPT Transition
EQIX,"Equinix, Inc.",2424056.0,1684263873.0,"Equinix, Inc. (REIT), Q3 2021 Earnings Call, Nov 03, 2021",2021-11-03,483,2,0.0041407867494824,2021–2022 Pre-ChatGPT Transition
EQIX,"Equinix, Inc.",2502348.0,1763810504.0,"Equinix, Inc., Q4 2021 Earnings Call, Feb 16, 2022",2022-02-16,487,0,0.0,2021–2022 Pre-ChatGPT Transition
EQIX,"Equinix, Inc.",2545860.0,1776955312.0,"Equinix, Inc., Q1 2022 Earnings Call, Apr 27, 2022",2022-04-27,532,0,0.0,2021–2022 Pre-ChatGPT Transition
EQIX,"Equinix, Inc.",2606158.0,1789090738.0,"Equinix, Inc., Q2 2022 Earnings Call, Jul 27, 2022",2022-07-27,469,0,0.0,2021–2022 Pre-ChatGPT Transition
EQIX,"Equinix, Inc.",2672787.0,1802944859.0,"Equinix, Inc., Q3 2022 Earnings Call, Nov 02, 2022",2022-11-02,559,0,0.0,2021–2022 Pre-ChatGPT Transition
EQIX,"Equinix, Inc.",2739438.0,1821461329.0,"Equinix, Inc., Q4 2022 Earnings Call, Feb 15, 2023",2023-02-15,462,0,0.0,2023 Initial GenAI Surge
EQIX,"Equinix, Inc.",2793393.0,1831652664.0,"Equinix, Inc., Q1 2023 Earnings Call, May 03, 2023",2023-05-03,520,12,0.023076923076923,2023 Initial GenAI Surge
EQIX,"Equinix, Inc.",2867154.0,1847526211.0,"Equinix, Inc., Q2 2023 Earnings Call, Aug 02, 2023",2023-08-02,465,11,0.0236559139784946,2023 Initial GenAI Surge
EQIX,"Equinix, Inc.",2926216.0,1857660067.0,"Equinix, Inc., Q3 2023 Earnings Call, Oct 25, 2023",2023-10-25,464,30,0.0646551724137931,2023 Initial GenAI Surge
EQIX,"Equinix, Inc.",3024132.0,1868288336.0,"Equinix, Inc., Q4 2023 Earnings Call, Feb 14, 2024",2024-02-14,487,34,0.0698151950718685,2024–2025 AI Adoption Period
EQIX,"Equinix, Inc.",3179323.0,1880490435.0,"Equinix, Inc., Q1 2024 Earnings Call, May 09, 2024",2024-05-09,453,15,0.0331125827814569,2024–2025 AI Adoption Period
EQIX,"Equinix, Inc.",3217865.0,1886197784.0,"Equinix, Inc., Q2 2024 Earnings Call, Aug 07, 2024",2024-08-07,472,27,0.0572033898305084,2024–2025 AI Adoption Period
EQIX,"Equinix, Inc.",3294552.0,1899640266.0,"Equinix, Inc., Q3 2024 Earnings Call, Oct 30, 2024",2024-10-30,491,25,0.0509164969450101,2024–2025 AI Adoption Period
EQIX,"Equinix, Inc.",3372494.0,1915119215.0,"Equinix, Inc., Q4 2024 Earnings Call, Feb 12, 2025",2025-02-12,473,15,0.0317124735729386,2024–2025 AI Adoption Period
EQIX,"Equinix, Inc.",3489836.0,1937120115.0,"Equinix, Inc., Q1 2025 Earnings Call, Apr 30, 2025",2025-04-30,404,17,0.042079207920792,2024–2025 AI Adoption Period
EQIX,"Equinix, Inc.",3509208.0,1951458364.0,"Equinix, Inc., Q2 2025 Earnings Call, Jul 30, 2025",2025-07-30,453,17,0.0375275938189845,2024–2025 AI Adoption Period
EQIX,"Equinix, Inc.",3578181.0,1962745304.0,"Equinix, Inc., Q3 2025 Earnings Call, Oct 29, 2025",2025-10-29,438,14,0.0319634703196347,2024–2025 AI Adoption Period
EQR,Equity Residential,2257906.0,693219789.0,"Equity Residential, Q4 2020 Earnings Call, Feb 11, 2021",2021-02-11,680,0,0.0,2021–2022 Pre-ChatGPT Transition
EQR,Equity Residential,2261257.0,710507088.0,"Equity Residential, Q1 2021 Earnings Call, Apr 28, 2021",2021-04-28,751,0,0.0,2021–2022 Pre-ChatGPT Transition
EQR,Equity Residential,2353180.0,1672705410.0,"Equity Residential, Q2 2021 Earnings Call, Jul 28, 2021",2021-07-28,635,1,0.0015748031496062,2021–2022 Pre-ChatGPT Transition
EQR,Equity Residential,2414552.0,1684382892.0,"Equity Residential, Q3 2021 Earnings Call, Oct 27, 2021",2021-10-27,620,0,0.0,2021–2022 Pre-ChatGPT Transition
EQR,Equity Residential,2492457.0,1763504842.0,"Equity Residential, Q4 2021 Earnings Call, Feb 02, 2022",2022-02-02,786,5,0.0063613231552162,2021–2022 Pre-ChatGPT Transition
EQR,Equity Residential,2545055.0,1777930989.0,"Equity Residential, Q1 2022 Earnings Call, Apr 27, 2022",2022-04-27,662,0,0.0,2021–2022 Pre-ChatGPT Transition
EQR,Equity Residential,2605689.0,1789735465.0,"Equity Residential, Q2 2022 Earnings Call, Jul 27, 2022",2022-07-27,742,1,0.0013477088948787,2021–2022 Pre-ChatGPT Transition
EQR,Equity Residential,2663846.0,1803347031.0,"Equity Residential, Q3 2022 Earnings Call, Oct 26, 2022",2022-10-26,586,0,0.0,2021–2022 Pre-ChatGPT Transition
EQR,Equity Residential,2735180.0,1821248749.0,"Equity Residential, Q4 2022 Earnings Call, Feb 10, 2023",2023-02-10,615,1,0.0016260162601626,2023 Initial GenAI Surge
EQR,Equity Residential,2786608.0,1832251248.0,"Equity Residential, Q1 2023 Earnings Call, Apr 26, 2023",2023-04-26,708,0,0.0,2023 Initial GenAI Surge
EQR,Equity Residential,2862285.0,1846256225.0,"Equity Residential, Q2 2023 Earnings Call, Jul 28, 2023",2023-07-28,553,1,0.0018083182640144,2023 Initial GenAI Surge
EQR,Equity Residential,2932401.0,1857974442.0,"Equity Residential, Q3 2023 Earnings Call, Nov 01, 2023",2023-11-01,594,3,0.005050505050505,2023 Initial GenAI Surge
EQR,Equity Residential,3008497.0,1867884728.0,"Equity Residential, Q4 2023 Earnings Call, Jan 31, 2024",2024-01-31,832,0,0.0,2024–2025 AI Adoption Period
EQR,Equity Residential,3095060.0,1876856139.0,"Equity Residential, Q1 2024 Earnings Call, Apr 24, 2024",2024-04-24,556,7,0.0125899280575539,2024–2025 AI Adoption Period
EQR,Equity Residential,3204198.0,1886541695.0,"Equity Residential, Q2 2024 Earnings Call, Jul 30, 2024",2024-07-30,571,1,0.0017513134851138,2024–2025 AI Adoption Period
EQR,Equity Residential,3295608.0,1900652300.0,"Equity Residential, Q3 2024 Earnings Call, Oct 31, 2024",2024-10-31,658,7,0.0106382978723404,2024–2025 AI Adoption Period
EQR,Equity Residential,3365445.0,1916627202.0,"Equity Residential, Q4 2024 Earnings Call, Feb 04, 2025",2025-02-04,887,0,0.0,2024–2025 AI Adoption Period
EQR,Equity Residential,3497790.0,1938333259.0,"Equity Residential, Q1 2025 Earnings Call, Apr 30, 2025",2025-04-30,565,1,0.0017699115044247,2024–2025 AI Adoption Period
EQR,Equity Residential,3515205.0,1953131009.0,"Equity Residential, Q2 2025 Earnings Call, Aug 05, 2025",2025-08-05,603,16,0.0265339966832504,2024–2025 AI Adoption Period
EQR,Equity Residential,3611052.0,1964261419.0,"Equity Residential, Q3 2025 Earnings Call, Oct 29, 2025",2025-10-29,723,18,0.0248962655601659,2024–2025 AI Adoption Period
ESS,"Essex Property Trust, Inc.",2195220.0,701108155.0,"Essex Property Trust, Inc., Q4 2020 Earnings Call, Feb 05, 2021",2021-02-05,847,0,0.0,2021–2022 Pre-ChatGPT Transition
ESS,"Essex Property Trust, Inc.",2261478.0,710500245.0,"Essex Property Trust, Inc., Q1 2021 Earnings Call, Apr 28, 2021",2021-04-28,599,0,0.0,2021–2022 Pre-ChatGPT Transition
ESS,"Essex Property Trust, Inc.",2358119.0,1673196971.0,"Essex Property Trust, Inc., Q2 2021 Earnings Call, Jul 30, 2021",2021-07-30,617,0,0.0,2021–2022 Pre-ChatGPT Transition
ESS,"Essex Property Trust, Inc.",2414693.0,1684280464.0,"Essex Property Trust, Inc., Q3 2021 Earnings Call, Oct 27, 2021",2021-10-27,637,0,0.0,2021–2022 Pre-ChatGPT Transition
ESS,"Essex Property Trust, Inc.",2489588.0,1763644468.0,"Essex Property Trust, Inc., Q4 2021 Earnings Call, Feb 03, 2022",2022-02-03,572,0,0.0,2021–2022 Pre-ChatGPT Transition
ESS,"Essex Property Trust, Inc.",2545494.0,1777134954.0,"Essex Property Trust, Inc., Q1 2022 Earnings Call, Apr 27, 2022",2022-04-27,646,0,0.0,2021–2022 Pre-ChatGPT Transition
ESS,"Essex Property Trust, Inc.",2605966.0,1789735373.0,"Essex Property Trust, Inc., Q2 2022 Earnings Call, Jul 27, 2022",2022-07-27,476,0,0.0,2021–2022 Pre-ChatGPT Transition
ESS,"Essex Property Trust, Inc.",2666601.0,1803763395.0,"Essex Property Trust, Inc., Q3 2022 Earnings Call, Oct 27, 2022",2022-10-27,661,0,0.0,2021–2022 Pre-ChatGPT Transition
ESS,"Essex Property Trust, Inc.",2732039.0,1821012698.0,"Essex Property Trust, Inc., Q4 2022 Earnings Call, Feb 08, 2023",2023-02-08,667,6,0.0089955022488755,2023 Initial GenAI Surge
ESS,"Essex Property Trust, Inc.",2790068.0,1832251446.0,"Essex Property Trust, Inc., Q1 2023 Earnings Call, Apr 28, 2023",2023-04-28,577,0,0.0,2023 Initial GenAI Surge
ESS,"Essex Property Trust, Inc.",2887913.0,1846947862.0,"Essex Property Trust, Inc., Q2 2023 Earnings Call, Jul 28, 2023",2023-07-28,489,1,0.0020449897750511,2023 Initial GenAI Surge
ESS,"Essex Property Trust, Inc.",2929182.0,1857973861.0,"Essex Property Trust, Inc., Q3 2023 Earnings Call, Oct 27, 2023",2023-10-27,452,1,0.0022123893805309,2023 Initial GenAI Surge
ESS,"Essex Property Trust, Inc.",3015070.0,1867613315.0,"Essex Property Trust, Inc., Q4 2023 Earnings Call, Feb 07, 2024",2024-02-07,533,1,0.0018761726078799,2024–2025 AI Adoption Period
ESS,"Essex Property Trust, Inc.",3105173.0,1877343159.0,"Essex Property Trust, Inc., Q1 2024 Earnings Call, May 01, 2024",2024-05-01,437,2,0.0045766590389016,2024–2025 AI Adoption Period
ESS,"Essex Property Trust, Inc.",3206374.0,1886657461.0,"Essex Property Trust, Inc., Q2 2024 Earnings Call, Jul 31, 2024",2024-07-31,435,1,0.0022988505747126,2024–2025 AI Adoption Period
ESS,"Essex Property Trust, Inc.",3294119.0,1899559032.0,"Essex Property Trust, Inc., Q3 2024 Earnings Call, Oct 30, 2024",2024-10-30,486,0,0.0,2024–2025 AI Adoption Period
ESS,"Essex Property Trust, Inc.",3366486.0,1916296183.0,"Essex Property Trust, Inc., Q4 2024 Earnings Call, Feb 05, 2025",2025-02-05,618,4,0.0064724919093851,2024–2025 AI Adoption Period
ESS,"Essex Property Trust, Inc.",3493063.0,1938131570.0,"Essex Property Trust, Inc., Q1 2025 Earnings Call, Apr 30, 2025",2025-04-30,586,0,0.0,2024–2025 AI Adoption Period
ESS,"Essex Property Trust, Inc.",3508754.0,1952389919.0,"Essex Property Trust, Inc., Q2 2025 Earnings Call, Jul 30, 2025",2025-07-30,523,2,0.0038240917782026,2024–2025 AI Adoption Period
ESS,"Essex Property Trust, Inc.",3579981.0,1964400419.0,"Essex Property Trust, Inc., Q3 2025 Earnings Call, Oct 30, 2025",2025-10-30,453,18,0.0397350993377483,2024–2025 AI Adoption Period
EVRG,"Evergy, Inc.",2225888.0,704680228.0,"Evergy, Inc., Q4 2020 Earnings Call, Feb 26, 2021",2021-02-26,430,0,0.0,2021–2022 Pre-ChatGPT Transition
EVRG,"Evergy, Inc.",2272831.0,712027731.0,"Evergy, Inc., Q1 2021 Earnings Call, May 06, 2021",2021-05-06,357,0,0.0,2021–2022 Pre-ChatGPT Transition
EVRG,"Evergy, Inc.",2364312.0,1674154217.0,"Evergy, Inc., Q2 2021 Earnings Call, Aug 05, 2021",2021-08-05,191,0,0.0,2021–2022 Pre-ChatGPT Transition
EVRG,"Evergy, Inc.",2423222.0,1685065001.0,"Evergy, Inc., Q3 2021 Earnings Call, Nov 03, 2021",2021-11-03,329,0,0.0,2021–2022 Pre-ChatGPT Transition
EVRG,"Evergy, Inc.",2508198.0,1770134364.0,"Evergy, Inc., Q4 2021 Earnings Call, Feb 25, 2022",2022-02-25,542,0,0.0,2021–2022 Pre-ChatGPT Transition
EVRG,"Evergy, Inc.",2573621.0,1778670295.0,"Evergy, Inc., Q1 2022 Earnings Call, May 05, 2022",2022-05-05,226,0,0.0,2021–2022 Pre-ChatGPT Transition
EVRG,"Evergy, Inc.",2615577.0,1791431017.0,"Evergy, Inc., Q2 2022 Earnings Call, Aug 04, 2022",2022-08-04,292,0,0.0,2021–2022 Pre-ChatGPT Transition
EVRG,"Evergy, Inc.",2677725.0,1805415546.0,"Evergy, Inc., Q3 2022 Earnings Call, Nov 04, 2022",2022-11-04,168,0,0.0,2021–2022 Pre-ChatGPT Transition
EVRG,"Evergy, Inc.",2751311.0,1824558452.0,"Evergy, Inc., Q4 2022 Earnings Call, Feb 24, 2023",2023-02-24,438,0,0.0,2023 Initial GenAI Surge
EVRG,"Evergy, Inc.",2800689.0,1833225670.0,"Evergy, Inc., Q1 2023 Earnings Call, May 05, 2023",2023-05-05,330,0,0.0,2023 Initial GenAI Surge
EVRG,"Evergy, Inc.",3132234.0,1847940381.0,"Evergy, Inc., Q2 2023 Earnings Call, Aug 04, 2023",2023-08-04,314,1,0.0031847133757961,2023 Initial GenAI Surge
EVRG,"Evergy, Inc.",2939846.0,1859287571.0,"Evergy, Inc., Q3 2023 Earnings Call, Nov 07, 2023",2023-11-07,399,0,0.0,2023 Initial GenAI Surge
EVRG,"Evergy, Inc.",3044743.0,1871231563.0,"Evergy, Inc., Q4 2023 Earnings Call, Feb 29, 2024",2024-02-29,342,0,0.0,2024–2025 AI Adoption Period
EVRG,"Evergy, Inc.",3154204.0,1878623931.0,"Evergy, Inc., Q1 2024 Earnings Call, May 09, 2024",2024-05-09,444,2,0.0045045045045045,2024–2025 AI Adoption Period
EVRG,"Evergy, Inc.",3222100.0,1888418607.0,"Evergy, Inc., Q2 2024 Earnings Call, Aug 09, 2024",2024-08-09,402,0,0.0,2024–2025 AI Adoption Period
EVRG,"Evergy, Inc.",3302669.0,1900998924.0,"Evergy, Inc., Q3 2024 Earnings Call, Nov 07, 2024",2024-11-07,483,0,0.0,2024–2025 AI Adoption Period
EVRG,"Evergy, Inc.",3386472.0,1930289449.0,"Evergy, Inc., Q4 2024 Earnings Call, Feb 27, 2025",2025-02-27,437,0,0.0,2024–2025 AI Adoption Period
EVRG,"Evergy, Inc.",3446424.0,1940035547.0,"Evergy, Inc., Q1 2025 Earnings Call, May 08, 2025",2025-05-08,348,0,0.0,2024–2025 AI Adoption Period
EVRG,"Evergy, Inc.",3520242.0,1953665415.0,"Evergy, Inc., Q2 2025 Earnings Call, Aug 07, 2025",2025-08-07,392,0,0.0,2024–2025 AI Adoption Period
EVRG,"Evergy, Inc.",3605740.0,1966325261.0,"Evergy, Inc., Q3 2025 Earnings Call, Nov 06, 2025",2025-11-06,437,2,0.0045766590389016,2024–2025 AI Adoption Period
ES,Eversource Energy,2213930.0,703910899.0,"Eversource Energy, 2020 Earnings Call, Feb 17, 2021",2021-02-17,564,0,0.0,2021–2022 Pre-ChatGPT Transition
ES,Eversource Energy,2278364.0,713132886.0,"Eversource Energy, Q1 2021 Earnings Call, May 10, 2021",2021-05-10,479,0,0.0,2021–2022 Pre-ChatGPT Transition
ES,Eversource Energy,2379881.0,1674474171.0,"Eversource Energy, Q2 2021 Earnings Call, Jul 30, 2021",2021-07-30,409,0,0.0,2021–2022 Pre-ChatGPT Transition
ES,Eversource Energy,2423215.0,1686325819.0,"Eversource Energy, Q3 2021 Earnings Call, Nov 03, 2021",2021-11-03,455,1,0.0021978021978021,2021–2022 Pre-ChatGPT Transition
ES,Eversource Energy,2513671.0,1770116080.0,"Eversource Energy, 2021 Earnings Call, Feb 17, 2022",2022-02-17,585,0,0.0,2021–2022 Pre-ChatGPT Transition
ES,Eversource Energy,2555096.0,1779787447.0,"Eversource Energy, Q1 2022 Earnings Call, May 05, 2022",2022-05-05,675,0,0.0,2021–2022 Pre-ChatGPT Transition
ES,Eversource Energy,3369954.0,1792209602.0,"Eversource Energy, Q2 2022 Earnings Call, Jul 29, 2022",2022-07-29,550,0,0.0,2021–2022 Pre-ChatGPT Transition
ES,Eversource Energy,2674047.0,1805085448.0,"Eversource Energy, Q3 2022 Earnings Call, Nov 03, 2022",2022-11-03,442,0,0.0,2021–2022 Pre-ChatGPT Transition
ES,Eversource Energy,2737533.0,1823986195.0,"Eversource Energy, Q4 2022 Earnings Call, Feb 14, 2023",2023-02-14,518,0,0.0,2023 Initial GenAI Surge
ES,Eversource Energy,2794742.0,1833468679.0,"Eversource Energy, Q1 2023 Earnings Call, May 04, 2023",2023-05-04,378,0,0.0,2023 Initial GenAI Surge
ES,Eversource Energy,2864293.0,1847845545.0,"Eversource Energy, Q2 2023 Earnings Call, Aug 01, 2023",2023-08-01,446,0,0.0,2023 Initial GenAI Surge
ES,Eversource Energy,2966925.0,1859174045.0,"Eversource Energy, Q3 2023 Earnings Call, Nov 06, 2023",2023-11-06,458,0,0.0,2023 Initial GenAI Surge
ES,Eversource Energy,3023656.0,1870208542.0,"Eversource Energy, Q4 2023 Earnings Call, Feb 14, 2024",2024-02-14,587,0,0.0,2024–2025 AI Adoption Period
ES,Eversource Energy,3107341.0,1878269603.0,"Eversource Energy, Q1 2024 Earnings Call, May 02, 2024",2024-05-02,418,0,0.0,2024–2025 AI Adoption Period
ES,Eversource Energy,3208385.0,1888232096.0,"Eversource Energy, Q2 2024 Earnings Call, Aug 01, 2024",2024-08-01,443,0,0.0,2024–2025 AI Adoption Period
ES,Eversource Energy,3298936.0,1900737014.0,"Eversource Energy, Q3 2024 Earnings Call, Nov 05, 2024",2024-11-05,537,0,0.0,2024–2025 AI Adoption Period
ES,Eversource Energy,3371972.0,1917809599.0,"Eversource Energy, Q4 2024 Earnings Call, Feb 12, 2025",2025-02-12,428,1,0.0023364485981308,2024–2025 AI Adoption Period
ES,Eversource Energy,3496167.0,1939125798.0,"Eversource Energy, Q1 2025 Earnings Call, May 02, 2025",2025-05-02,432,0,0.0,2024–2025 AI Adoption Period
ES,Eversource Energy,3561507.0,1952865429.0,"Eversource Energy, Q2 2025 Earnings Call, Aug 01, 2025",2025-08-01,423,0,0.0,2024–2025 AI Adoption Period
ES,Eversource Energy,3596923.0,1966194439.0,"Eversource Energy, Q3 2025 Earnings Call, Nov 05, 2025",2025-11-05,397,0,0.0,2024–2025 AI Adoption Period
EXPE,"Expedia Group, Inc.",2207285.0,702751024.0,"Expedia Group, Inc., Q4 2020 Earnings Call, Feb 11, 2021",2021-02-11,535,0,0.0,2021–2022 Pre-ChatGPT Transition
EXPE,"Expedia Group, Inc.",2274524.0,712024475.0,"Expedia Group, Inc., Q1 2021 Earnings Call, May 06, 2021",2021-05-06,583,3,0.0051457975986277,2021–2022 Pre-ChatGPT Transition
EXPE,"Expedia Group, Inc.",2365855.0,1674961200.0,"Expedia Group, Inc., Q2 2021 Earnings Call, Aug 05, 2021",2021-08-05,479,0,0.0,2021–2022 Pre-ChatGPT Transition
EXPE,"Expedia Group, Inc.",2426434.0,1685811434.0,"Expedia Group, Inc., Q3 2021 Earnings Call, Nov 04, 2021",2021-11-04,480,2,0.0041666666666666,2021–2022 Pre-ChatGPT Transition
EXPE,"Expedia Group, Inc.",2491300.0,1765630372.0,"Expedia Group, Inc., Q4 2021 Earnings Call, Feb 10, 2022",2022-02-10,565,0,0.0,2021–2022 Pre-ChatGPT Transition
EXPE,"Expedia Group, Inc.",2550509.0,1776489595.0,"Expedia Group, Inc., Q1 2022 Earnings Call, May 02, 2022",2022-05-02,559,3,0.0053667262969588,2021–2022 Pre-ChatGPT Transition
EXPE,"Expedia Group, Inc.",2619525.0,1792763024.0,"Expedia Group, Inc., Q2 2022 Earnings Call, Aug 04, 2022",2022-08-04,558,1,0.0017921146953405,2021–2022 Pre-ChatGPT Transition
EXPE,"Expedia Group, Inc.",2674899.0,1805595401.0,"Expedia Group, Inc., Q3 2022 Earnings Call, Nov 03, 2022",2022-11-03,541,2,0.0036968576709796,2021–2022 Pre-ChatGPT Transition
EXPE,"Expedia Group, Inc.",2734116.0,1823444518.0,"Expedia Group, Inc., Q4 2022 Earnings Call, Feb 09, 2023",2023-02-09,491,7,0.0142566191446028,2023 Initial GenAI Surge
EXPE,"Expedia Group, Inc.",2800291.0,1834574902.0,"Expedia Group, Inc., Q1 2023 Earnings Call, May 04, 2023",2023-05-04,432,16,0.037037037037037,2023 Initial GenAI Surge
EXPE,"Expedia Group, Inc.",2868878.0,1848510726.0,"Expedia Group, Inc., Q2 2023 Earnings Call, Aug 03, 2023",2023-08-03,433,8,0.0184757505773672,2023 Initial GenAI Surge
EXPE,"Expedia Group, Inc.",2935005.0,1858867363.0,"Expedia Group, Inc., Q3 2023 Earnings Call, Nov 02, 2023",2023-11-02,437,12,0.0274599542334096,2023 Initial GenAI Surge
EXPE,"Expedia Group, Inc.",3017262.0,1868800166.0,"Expedia Group, Inc., Q4 2023 Earnings Call, Feb 08, 2024",2024-02-08,510,11,0.0215686274509803,2024–2025 AI Adoption Period
EXPE,"Expedia Group, Inc.",3108096.0,1878510320.0,"Expedia Group, Inc., Q1 2024 Earnings Call, May 02, 2024",2024-05-02,476,14,0.0294117647058823,2024–2025 AI Adoption Period
EXPE,"Expedia Group, Inc.",3220423.0,1887312431.0,"Expedia Group, Inc., Q2 2024 Earnings Call, Aug 08, 2024",2024-08-08,449,3,0.0066815144766146,2024–2025 AI Adoption Period
EXPE,"Expedia Group, Inc.",3351850.0,1898631926.0,"Expedia Group, Inc., Q3 2024 Earnings Call, Nov 07, 2024",2024-11-07,366,4,0.0109289617486338,2024–2025 AI Adoption Period
EXPE,"Expedia Group, Inc.",3377985.0,1916503159.0,"Expedia Group, Inc., Q4 2024 Earnings Call, Feb 06, 2025",2025-02-06,389,16,0.0411311053984575,2024–2025 AI Adoption Period
EXPE,"Expedia Group, Inc.",3446858.0,1937517918.0,"Expedia Group, Inc., Q1 2025 Earnings Call, May 08, 2025",2025-05-08,449,22,0.0489977728285077,2024–2025 AI Adoption Period
EXPE,"Expedia Group, Inc.",3550580.0,1952389293.0,"Expedia Group, Inc., Q2 2025 Earnings Call, Aug 07, 2025",2025-08-07,433,23,0.0531177829099307,2024–2025 AI Adoption Period
EXPE,"Expedia Group, Inc.",3605467.0,1962923782.0,"Expedia Group, Inc., Q3 2025 Earnings Call, Nov 06, 2025",2025-11-06,395,20,0.050632911392405,2024–2025 AI Adoption Period
EXE,Extendicare Inc.,2271548.0,702199405.0,"Extendicare Inc., Q4 2020 Earnings Call, Feb 26, 2021",2021-02-26,410,0,0.0,2021–2022 Pre-ChatGPT Transition
EXE,Extendicare Inc.,2284954.0,711189886.0,"Extendicare Inc., Q1 2021 Earnings Call, May 13, 2021",2021-05-13,326,0,0.0,2021–2022 Pre-ChatGPT Transition
EXE,Extendicare Inc.,2369632.0,1673161724.0,"Extendicare Inc., Q2 2021 Earnings Call, Aug 06, 2021",2021-08-06,390,0,0.0,2021–2022 Pre-ChatGPT Transition
EXE,Extendicare Inc.,2429380.0,1684344327.0,"Extendicare Inc., Q3 2021 Earnings Call, Nov 05, 2021",2021-11-05,374,0,0.0,2021–2022 Pre-ChatGPT Transition
EXE,Extendicare Inc.,2511274.0,1764956422.0,"Extendicare Inc., Q4 2021 Earnings Call, Feb 25, 2022",2022-02-25,366,0,0.0,2021–2022 Pre-ChatGPT Transition
EXE,Extendicare Inc.,2570188.0,1778220313.0,"Extendicare Inc., Q1 2022 Earnings Call, May 13, 2022",2022-05-13,327,0,0.0,2021–2022 Pre-ChatGPT Transition
EXE,Extendicare Inc.,2628144.0,1789857381.0,"Extendicare Inc., Q2 2022 Earnings Call, Aug 10, 2022",2022-08-10,407,0,0.0,2021–2022 Pre-ChatGPT Transition
EXE,Extendicare Inc.,2692031.0,1803660281.0,"Extendicare Inc., Q3 2022 Earnings Call, Nov 11, 2022",2022-11-11,256,0,0.0,2021–2022 Pre-ChatGPT Transition
EXE,Extendicare Inc.,2757294.0,1822437027.0,"Extendicare Inc., Q4 2022 Earnings Call, Mar 03, 2023",2023-03-03,229,0,0.0,2023 Initial GenAI Surge
EXE,Extendicare Inc.,2831159.0,1832340188.0,"Extendicare Inc., Q1 2023 Earnings Call, May 05, 2023",2023-05-05,240,0,0.0,2023 Initial GenAI Surge
EXE,Extendicare Inc.,2881830.0,1847078847.0,"Extendicare Inc., Q2 2023 Earnings Call, Aug 11, 2023",2023-08-11,252,0,0.0,2023 Initial GenAI Surge
EXE,Extendicare Inc.,3002607.0,1858301577.0,"Extendicare Inc., Q3 2023 Earnings Call, Nov 10, 2023",2023-11-10,184,0,0.0,2023 Initial GenAI Surge
EXE,Extendicare Inc.,3069232.0,1868920996.0,"Extendicare Inc., Q4 2023 Earnings Call, Mar 08, 2024",2024-03-08,256,0,0.0,2024–2025 AI Adoption Period
EXE,Extendicare Inc.,3183668.0,1877206259.0,"Extendicare Inc., Q1 2024 Earnings Call, May 16, 2024",2024-05-16,223,0,0.0,2024–2025 AI Adoption Period
EXE,Extendicare Inc.,3227398.0,1886976574.0,"Extendicare Inc., Q2 2024 Earnings Call, Aug 13, 2024",2024-08-13,227,0,0.0,2024–2025 AI Adoption Period
EXE,Extendicare Inc.,3309356.0,1899640438.0,"Extendicare Inc., Q3 2024 Earnings Call, Nov 13, 2024",2024-11-13,154,0,0.0,2024–2025 AI Adoption Period
EXE,Extendicare Inc.,3388681.0,1916481087.0,"Extendicare Inc., Q4 2024 Earnings Call, Feb 28, 2025",2025-02-28,305,0,0.0,2024–2025 AI Adoption Period
EXE,Extendicare Inc.,3488408.0,1937713399.0,"Extendicare Inc., Q1 2025 Earnings Call, May 07, 2025",2025-05-07,270,0,0.0,2024–2025 AI Adoption Period
EXE,Extendicare Inc.,3519336.0,1952311384.0,"Extendicare Inc., Q2 2025 Earnings Call, Aug 07, 2025",2025-08-07,240,0,0.0,2024–2025 AI Adoption Period
EXE,Extendicare Inc.,3609537.0,1963906538.0,"Extendicare Inc., Q3 2025 Earnings Call, Nov 12, 2025",2025-11-12,329,0,0.0,2024–2025 AI Adoption Period
EXR,Extra Space Storage Inc.,2219712.0,702492059.0,"Extra Space Storage Inc., Q4 2020 Earnings Call, Feb 23, 2021",2021-02-23,408,0,0.0,2021–2022 Pre-ChatGPT Transition
EXR,Extra Space Storage Inc.,2263147.0,710500022.0,"Extra Space Storage Inc., Q1 2021 Earnings Call, Apr 29, 2021",2021-04-29,266,0,0.0,2021–2022 Pre-ChatGPT Transition
EXR,Extra Space Storage Inc.,2353127.0,1672499709.0,"Extra Space Storage Inc., Q2 2021 Earnings Call, Jul 28, 2021",2021-07-28,415,0,0.0,2021–2022 Pre-ChatGPT Transition
EXR,Extra Space Storage Inc.,2416265.0,1684285498.0,"Extra Space Storage Inc., Q3 2021 Earnings Call, Oct 28, 2021",2021-10-28,466,0,0.0,2021–2022 Pre-ChatGPT Transition
EXR,Extra Space Storage Inc.,2513768.0,1765285837.0,"Extra Space Storage Inc., Q4 2021 Earnings Call, Feb 24, 2022",2022-02-24,426,0,0.0,2021–2022 Pre-ChatGPT Transition
EXR,Extra Space Storage Inc.,2553043.0,1776494653.0,"Extra Space Storage Inc., Q1 2022 Earnings Call, May 04, 2022",2022-05-04,376,0,0.0,2021–2022 Pre-ChatGPT Transition
EXR,Extra Space Storage Inc.,2614193.0,1790281682.0,"Extra Space Storage Inc., H1 2022 Earnings Call, Aug 03, 2022",2022-08-03,584,0,0.0,2021–2022 Pre-ChatGPT Transition
EXR,Extra Space Storage Inc.,2672382.0,1803775376.0,"Extra Space Storage Inc., Q3 2022 Earnings Call, Nov 02, 2022",2022-11-02,308,0,0.0,2021–2022 Pre-ChatGPT Transition
EXR,Extra Space Storage Inc.,2749874.0,1823191506.0,"Extra Space Storage Inc., Q4 2022 Earnings Call, Feb 23, 2023",2023-02-23,405,0,0.0,2023 Initial GenAI Surge
EXR,Extra Space Storage Inc.,2796799.0,1832705181.0,"Extra Space Storage Inc., Q1 2023 Earnings Call, May 03, 2023",2023-05-03,302,0,0.0,2023 Initial GenAI Surge
EXR,Extra Space Storage Inc.,3115676.0,1847199577.0,"Extra Space Storage Inc., Q2 2023 Earnings Call, Aug 04, 2023",2023-08-04,479,0,0.0,2023 Initial GenAI Surge
EXR,Extra Space Storage Inc.,2943265.0,1858654627.0,"Extra Space Storage Inc., Q3 2023 Earnings Call, Nov 08, 2023",2023-11-08,401,0,0.0,2023 Initial GenAI Surge
EXR,Extra Space Storage Inc.,3043098.0,1869579663.0,"Extra Space Storage Inc., Q4 2023 Earnings Call, Feb 28, 2024",2024-02-28,452,0,0.0,2024–2025 AI Adoption Period
EXR,Extra Space Storage Inc.,3105123.0,1876034744.0,"Extra Space Storage Inc., Q1 2024 Earnings Call, May 01, 2024",2024-05-01,450,3,0.0066666666666666,2024–2025 AI Adoption Period
EXR,Extra Space Storage Inc.,3206331.0,1885582561.0,"Extra Space Storage Inc., Q2 2024 Earnings Call, Jul 31, 2024",2024-07-31,418,0,0.0,2024–2025 AI Adoption Period
EXR,Extra Space Storage Inc.,3293857.0,1898497711.0,"Extra Space Storage Inc., Q3 2024 Earnings Call, Oct 30, 2024",2024-10-30,453,0,0.0,2024–2025 AI Adoption Period
EXR,Extra Space Storage Inc.,3385246.0,1918151525.0,"Extra Space Storage Inc., Q4 2024 Earnings Call, Feb 26, 2025",2025-02-26,486,2,0.0041152263374485,2024–2025 AI Adoption Period
EXR,Extra Space Storage Inc.,3431199.0,1937014583.0,"Extra Space Storage Inc., Q1 2025 Earnings Call, Apr 30, 2025",2025-04-30,504,0,0.0,2024–2025 AI Adoption Period
EXR,Extra Space Storage Inc.,3557478.0,1949849140.0,"Extra Space Storage Inc., Q2 2025 Earnings Call, Jul 31, 2025",2025-07-31,453,10,0.0220750551876379,2024–2025 AI Adoption Period
EXR,Extra Space Storage Inc.,3580374.0,1961864289.0,"Extra Space Storage Inc., Q3 2025 Earnings Call, Oct 30, 2025",2025-10-30,432,0,0.0,2024–2025 AI Adoption Period
FFIV,"F5, Inc.",2181784.0,700927106.0,"F5 Networks, Inc., Q1 2021 Earnings Call, Jan 26, 2021",2021-01-26,485,2,0.0041237113402061,2021–2022 Pre-ChatGPT Transition
FFIV,"F5, Inc.",2259966.0,710563095.0,"F5 Networks, Inc., Q2 2021 Earnings Call, Apr 27, 2021",2021-04-27,476,0,0.0,2021–2022 Pre-ChatGPT Transition
FFIV,"F5, Inc.",2351074.0,1673268303.0,"F5 Networks, Inc., Q3 2021 Earnings Call, Jul 26, 2021",2021-07-26,496,1,0.002016129032258,2021–2022 Pre-ChatGPT Transition
FFIV,"F5, Inc.",2413372.0,1684607451.0,"F5 Networks, Inc., Q4 2021 Earnings Call, Oct 26, 2021",2021-10-26,521,0,0.0,2021–2022 Pre-ChatGPT Transition
FFIV,"F5, Inc.",2477159.0,1763385031.0,"F5, Inc., Q1 2022 Earnings Call, Jan 25, 2022",2022-01-25,493,0,0.0,2021–2022 Pre-ChatGPT Transition
FFIV,"F5, Inc.",2591304.0,1777449369.0,"F5, Inc., Q2 2022 Earnings Call, Apr 26, 2022",2022-04-26,471,0,0.0,2021–2022 Pre-ChatGPT Transition
FFIV,"F5, Inc.",2604201.0,1790178568.0,"F5, Inc., Q3 2022 Earnings Call, Jul 25, 2022",2022-07-25,427,0,0.0,2021–2022 Pre-ChatGPT Transition
FFIV,"F5, Inc.",2662820.0,1803668126.0,"F5, Inc., Q4 2022 Earnings Call, Oct 25, 2022",2022-10-25,468,0,0.0,2021–2022 Pre-ChatGPT Transition
FFIV,"F5, Inc.",2720926.0,1821234103.0,"F5, Inc., Q1 2023 Earnings Call, Jan 24, 2023",2023-01-24,487,0,0.0,2023 Initial GenAI Surge
FFIV,"F5, Inc.",2790815.0,1832227353.0,"F5, Inc., Q2 2023 Earnings Call, Apr 19, 2023",2023-04-19,385,0,0.0,2023 Initial GenAI Surge
FFIV,"F5, Inc.",2856746.0,1847491352.0,"F5, Inc., Q3 2023 Earnings Call, Jul 24, 2023",2023-07-24,444,10,0.0225225225225225,2023 Initial GenAI Surge
FFIV,"F5, Inc.",3010960.0,1858162393.0,"F5, Inc., Q4 2023 Earnings Call, Oct 24, 2023",2023-10-24,528,15,0.0284090909090909,2023 Initial GenAI Surge
FFIV,"F5, Inc.",3006203.0,1867585895.0,"F5, Inc., Q1 2024 Earnings Call, Jan 29, 2024",2024-01-29,469,27,0.0575692963752665,2024–2025 AI Adoption Period
FFIV,"F5, Inc.",3101283.0,1877625537.0,"F5, Inc., Q2 2024 Earnings Call, Apr 29, 2024",2024-04-29,455,42,0.0923076923076923,2024–2025 AI Adoption Period
FFIV,"F5, Inc.",3202745.0,1887320069.0,"F5, Inc., Q3 2024 Earnings Call, Jul 29, 2024",2024-07-29,472,33,0.0699152542372881,2024–2025 AI Adoption Period
FFIV,"F5, Inc.",3291537.0,1899846518.0,"F5, Inc., Q4 2024 Earnings Call, Oct 28, 2024",2024-10-28,549,44,0.0801457194899817,2024–2025 AI Adoption Period
FFIV,"F5, Inc.",3415786.0,1915301072.0,"F5, Inc., Q1 2025 Earnings Call, Jan 28, 2025",2025-01-28,574,67,0.1167247386759581,2024–2025 AI Adoption Period
FFIV,"F5, Inc.",3427188.0,1938314834.0,"F5, Inc., Q2 2025 Earnings Call, Apr 28, 2025",2025-04-28,519,63,0.1213872832369942,2024–2025 AI Adoption Period
FFIV,"F5, Inc.",3560847.0,1952314434.0,"F5, Inc., Q3 2025 Earnings Call, Jul 30, 2025",2025-07-30,491,79,0.1608961303462321,2024–2025 AI Adoption Period
FFIV,"F5, Inc.",3568278.0,1964370334.0,"F5, Inc., Q4 2025 Earnings Call, Oct 27, 2025",2025-10-27,509,37,0.0726915520628683,2024–2025 AI Adoption Period
FDS,FactSet Research Systems Inc.,2244832.0,706450813.0,"FactSet Research Systems Inc., Q2 2021 Earnings Call, Mar 30, 2021",2021-03-30,530,0,0.0,2021–2022 Pre-ChatGPT Transition
FDS,FactSet Research Systems Inc.,2330225.0,716995818.0,"FactSet Research Systems Inc., Q3 2021 Earnings Call, Jun 29, 2021",2021-06-29,495,0,0.0,2021–2022 Pre-ChatGPT Transition
FDS,FactSet Research Systems Inc.,2402287.0,1679772347.0,"FactSet Research Systems Inc., Q4 2021 Earnings Call, Sep 28, 2021",2021-09-28,500,0,0.0,2021–2022 Pre-ChatGPT Transition
FDS,FactSet Research Systems Inc.,2463559.0,1759380393.0,"FactSet Research Systems Inc., Q1 2022 Earnings Call, Dec 21, 2021",2021-12-21,592,0,0.0,2021–2022 Pre-ChatGPT Transition
FDS,FactSet Research Systems Inc.,2531195.0,1772786709.0,"FactSet Research Systems Inc., Q2 2022 Earnings Call, Mar 24, 2022",2022-03-24,585,0,0.0,2021–2022 Pre-ChatGPT Transition
FDS,FactSet Research Systems Inc.,2593559.0,1784727322.0,"FactSet Research Systems Inc., Q3 2022 Earnings Call, Jun 23, 2022",2022-06-23,562,0,0.0,2021–2022 Pre-ChatGPT Transition
FDS,FactSet Research Systems Inc.,2651377.0,1798065723.0,"FactSet Research Systems Inc., Q4 2022 Earnings Call, Sep 22, 2022",2022-09-22,715,0,0.0,2021–2022 Pre-ChatGPT Transition
FDS,FactSet Research Systems Inc.,2711960.0,1815807625.0,"FactSet Research Systems Inc., Q1 2023 Earnings Call, Dec 20, 2022",2022-12-20,666,0,0.0,2023 Initial GenAI Surge
FDS,FactSet Research Systems Inc.,2777184.0,1827037128.0,"FactSet Research Systems Inc., Q2 2023 Earnings Call, Mar 23, 2023",2023-03-23,697,0,0.0,2023 Initial GenAI Surge
FDS,FactSet Research Systems Inc.,2842069.0,1838627339.0,"FactSet Research Systems Inc., Q3 2023 Earnings Call, Jun 22, 2023",2023-06-22,892,25,0.0280269058295964,2023 Initial GenAI Surge
FDS,FactSet Research Systems Inc.,2910105.0,1853596388.0,"FactSet Research Systems Inc., Q4 2023 Earnings Call, Sep 21, 2023",2023-09-21,541,25,0.0462107208872458,2023 Initial GenAI Surge
FDS,FactSet Research Systems Inc.,2983715.0,1862045974.0,"FactSet Research Systems Inc., Q1 2024 Earnings Call, Dec 19, 2023",2023-12-19,613,34,0.0554649265905383,2023 Initial GenAI Surge
FDS,FactSet Research Systems Inc.,3066889.0,1871807401.0,"FactSet Research Systems Inc., Q2 2024 Earnings Call, Mar 21, 2024",2024-03-21,485,18,0.0371134020618556,2024–2025 AI Adoption Period
FDS,FactSet Research Systems Inc.,3221660.0,1882149165.0,"FactSet Research Systems Inc., Q3 2024 Earnings Call, Jun 21, 2024",2024-06-21,531,16,0.0301318267419962,2024–2025 AI Adoption Period
FDS,FactSet Research Systems Inc.,3347616.0,1892659137.0,"FactSet Research Systems Inc., Q4 2024 Earnings Call, Sep 19, 2024",2024-09-19,508,26,0.0511811023622047,2024–2025 AI Adoption Period
FDS,FactSet Research Systems Inc.,3350361.0,1904562306.0,"FactSet Research Systems Inc., Q1 2025 Earnings Call, Dec 19, 2024",2024-12-19,525,21,0.04,2024–2025 AI Adoption Period
FDS,FactSet Research Systems Inc.,3405605.0,1931921519.0,"FactSet Research Systems Inc., Q2 2025 Earnings Call, Mar 20, 2025",2025-03-20,505,16,0.0316831683168316,2024–2025 AI Adoption Period
FDS,FactSet Research Systems Inc.,3490172.0,1945466089.0,"FactSet Research Systems Inc., Q3 2025 Earnings Call, Jun 23, 2025",2025-06-23,490,15,0.0306122448979591,2024–2025 AI Adoption Period
FDS,FactSet Research Systems Inc.,3550990.0,1958502923.0,"FactSet Research Systems Inc., Q4 2025 Earnings Call, Sep 18, 2025",2025-09-18,571,68,0.1190893169877408,2024–2025 AI Adoption Period
FDS,FactSet Research Systems Inc.,3622839.0,1971141734.0,"FactSet Research Systems Inc., Q1 2026 Earnings Call, Dec 18, 2025",2025-12-18,482,34,0.0705394190871369,2024–2025 AI Adoption Period
FICO,Fair Isaac Corporation,2184754.0,701650854.0,"Fair Isaac Corporation, Q1 2021 Earnings Call, Jan 28, 2021",2021-01-28,414,0,0.0,2021–2022 Pre-ChatGPT Transition
FICO,Fair Isaac Corporation,2296666.0,712972491.0,"Fair Isaac Corporation, Q2 2021 Earnings Call, May 05, 2021",2021-05-05,325,0,0.0,2021–2022 Pre-ChatGPT Transition
FICO,Fair Isaac Corporation,2361586.0,1674961587.0,"Fair Isaac Corporation, Q3 2021 Earnings Call, Aug 03, 2021",2021-08-03,324,0,0.0,2021–2022 Pre-ChatGPT Transition
FICO,Fair Isaac Corporation,2434892.0,1686276979.0,"Fair Isaac Corporation, Q4 2021 Earnings Call, Nov 10, 2021",2021-11-10,320,0,0.0,2021–2022 Pre-ChatGPT Transition
FICO,Fair Isaac Corporation,2481118.0,1764798636.0,"Fair Isaac Corporation, Q1 2022 Earnings Call, Jan 27, 2022",2022-01-27,323,1,0.0030959752321981,2021–2022 Pre-ChatGPT Transition
FICO,Fair Isaac Corporation,2545426.0,1779905796.0,"Fair Isaac Corporation, Q2 2022 Earnings Call, Apr 27, 2022",2022-04-27,262,0,0.0,2021–2022 Pre-ChatGPT Transition
FICO,Fair Isaac Corporation,2614559.0,1792904962.0,"Fair Isaac Corporation, Q3 2022 Earnings Call, Aug 03, 2022",2022-08-03,258,0,0.0,2021–2022 Pre-ChatGPT Transition
FICO,Fair Isaac Corporation,2682244.0,1813087678.0,"Fair Isaac Corporation, Q4 2022 Earnings Call, Nov 09, 2022",2022-11-09,352,0,0.0,2021–2022 Pre-ChatGPT Transition
FICO,Fair Isaac Corporation,2723329.0,1822595264.0,"Fair Isaac Corporation, Q1 2023 Earnings Call, Jan 26, 2023",2023-01-26,364,0,0.0,2023 Initial GenAI Surge
FICO,Fair Isaac Corporation,2789087.0,1833077312.0,"Fair Isaac Corporation, Q2 2023 Earnings Call, Apr 27, 2023",2023-04-27,348,3,0.0086206896551724,2023 Initial GenAI Surge
FICO,Fair Isaac Corporation,3125536.0,1849101453.0,"Fair Isaac Corporation, Q3 2023 Earnings Call, Aug 02, 2023",2023-08-02,367,4,0.0108991825613079,2023 Initial GenAI Surge
FICO,Fair Isaac Corporation,3066274.0,1860182000.0,"Fair Isaac Corporation, Q4 2023 Earnings Call, Nov 08, 2023",2023-11-08,303,1,0.0033003300330033,2023 Initial GenAI Surge
FICO,Fair Isaac Corporation,3107152.0,1868575443.0,"Fair Isaac Corporation, Q1 2024 Earnings Call, Jan 25, 2024",2024-01-25,384,1,0.0026041666666666,2024–2025 AI Adoption Period
FICO,Fair Isaac Corporation,3098192.0,1878387294.0,"Fair Isaac Corporation, Q2 2024 Earnings Call, Apr 25, 2024",2024-04-25,333,0,0.0,2024–2025 AI Adoption Period
FICO,Fair Isaac Corporation,3206902.0,1888520177.0,"Fair Isaac Corporation, Q3 2024 Earnings Call, Jul 31, 2024",2024-07-31,321,0,0.0,2024–2025 AI Adoption Period
FICO,Fair Isaac Corporation,3351495.0,1901715039.0,"Fair Isaac Corporation, Q4 2024 Earnings Call, Nov 06, 2024",2024-11-06,449,1,0.0022271714922048,2024–2025 AI Adoption Period
FICO,Fair Isaac Corporation,3415201.0,1917592441.0,"Fair Isaac Corporation, Q1 2025 Earnings Call, Feb 04, 2025",2025-02-04,499,2,0.0040080160320641,2024–2025 AI Adoption Period
FICO,Fair Isaac Corporation,3428800.0,1939894827.0,"Fair Isaac Corporation, Q2 2025 Earnings Call, Apr 29, 2025",2025-04-29,436,2,0.0045871559633027,2024–2025 AI Adoption Period
FICO,Fair Isaac Corporation,3509145.0,1953562485.0,"Fair Isaac Corporation, Q3 2025 Earnings Call, Jul 30, 2025",2025-07-30,578,6,0.0103806228373702,2024–2025 AI Adoption Period
FICO,Fair Isaac Corporation,3600326.0,1967130544.0,"Fair Isaac Corporation, Q4 2025 Earnings Call, Nov 05, 2025",2025-11-05,413,5,0.0121065375302663,2024–2025 AI Adoption Period
FAST,Fastenal Company,2232127.0,700258034.0,"Fastenal Company, Q4 2020 Earnings Call, Jan 20, 2021",2021-01-20,526,0,0.0,2021–2022 Pre-ChatGPT Transition
FAST,Fastenal Company,2250365.0,709600835.0,"Fastenal Company, Q1 2021 Earnings Call, Apr 13, 2021",2021-04-13,510,0,0.0,2021–2022 Pre-ChatGPT Transition
FAST,Fastenal Company,2344118.0,1672300572.0,"Fastenal Company, Q2 2021 Earnings Call, Jul 13, 2021",2021-07-13,577,0,0.0,2021–2022 Pre-ChatGPT Transition
FAST,Fastenal Company,2405589.0,1683289757.0,"Fastenal Company, Q3 2021 Earnings Call, Oct 12, 2021",2021-10-12,421,0,0.0,2021–2022 Pre-ChatGPT Transition
FAST,Fastenal Company,2474742.0,1763387759.0,"Fastenal Company, Q4 2021 Earnings Call, Jan 19, 2022",2022-01-19,504,0,0.0,2021–2022 Pre-ChatGPT Transition
FAST,Fastenal Company,2873680.0,1776149853.0,"Fastenal Company, Q1 2022 Earnings Call, Apr 13, 2022",2022-04-13,476,0,0.0,2021–2022 Pre-ChatGPT Transition
FAST,Fastenal Company,2597944.0,1788652121.0,"Fastenal Company, Q2 2022 Earnings Call, Jul 13, 2022",2022-07-13,527,0,0.0,2021–2022 Pre-ChatGPT Transition
FAST,Fastenal Company,2873071.0,1802499770.0,"Fastenal Company, Q3 2022 Earnings Call, Oct 13, 2022",2022-10-13,494,0,0.0,2021–2022 Pre-ChatGPT Transition
FAST,Fastenal Company,2719628.0,1820857390.0,"Fastenal Company, Q4 2022 Earnings Call, Jan 19, 2023",2023-01-19,520,0,0.0,2023 Initial GenAI Surge
FAST,Fastenal Company,2872974.0,1831136047.0,"Fastenal Company, Q1 2023 Earnings Call, Apr 13, 2023",2023-04-13,570,0,0.0,2023 Initial GenAI Surge
FAST,Fastenal Company,2850633.0,1846125248.0,"Fastenal Company, Q2 2023 Earnings Call, Jul 13, 2023",2023-07-13,547,0,0.0,2023 Initial GenAI Surge
FAST,Fastenal Company,2916745.0,1857053514.0,"Fastenal Company, Q3 2023 Earnings Call, Oct 12, 2023",2023-10-12,524,0,0.0,2023 Initial GenAI Surge
FAST,Fastenal Company,2997787.0,1867439778.0,"Fastenal Company, Q4 2023 Earnings Call, Jan 18, 2024",2024-01-18,624,0,0.0,2024–2025 AI Adoption Period
FAST,Fastenal Company,3083615.0,1875871496.0,"Fastenal Company, Q1 2024 Earnings Call, Apr 11, 2024",2024-04-11,512,0,0.0,2024–2025 AI Adoption Period
FAST,Fastenal Company,3185475.0,1885666241.0,"Fastenal Company, Q2 2024 Earnings Call, Jul 12, 2024",2024-07-12,535,5,0.0093457943925233,2024–2025 AI Adoption Period
FAST,Fastenal Company,3281190.0,1898706576.0,"Fastenal Company, Q3 2024 Earnings Call, Oct 11, 2024",2024-10-11,573,0,0.0,2024–2025 AI Adoption Period
FAST,Fastenal Company,3356920.0,1914932831.0,"Fastenal Company, Q4 2024 Earnings Call, Jan 17, 2025",2025-01-17,535,1,0.0018691588785046,2024–2025 AI Adoption Period
FAST,Fastenal Company,3416484.0,1936609270.0,"Fastenal Company, Q1 2025 Earnings Call, Apr 11, 2025",2025-04-11,523,0,0.0,2024–2025 AI Adoption Period
FAST,Fastenal Company,3496962.0,1950769585.0,"Fastenal Company, Q2 2025 Earnings Call, Jul 14, 2025",2025-07-14,495,1,0.002020202020202,2024–2025 AI Adoption Period
FAST,Fastenal Company,3620236.0,1962115561.0,"Fastenal Company, Q3 2025 Earnings Call, Oct 13, 2025",2025-10-13,491,0,0.0,2024–2025 AI Adoption Period
FRT,Federal Realty Investment Trust,2207860.0,701217814.0,"Federal Realty Investment Trust, Q4 2020 Earnings Call, Feb 11, 2021",2021-02-11,548,0,0.0,2021–2022 Pre-ChatGPT Transition
FRT,Federal Realty Investment Trust,2291318.0,709906352.0,"Federal Realty Investment Trust, Q1 2021 Earnings Call, May 05, 2021",2021-05-05,752,0,0.0,2021–2022 Pre-ChatGPT Transition
FRT,Federal Realty Investment Trust,2363766.0,1673721097.0,"Federal Realty Investment Trust, Q2 2021 Earnings Call, Aug 04, 2021",2021-08-04,711,0,0.0,2021–2022 Pre-ChatGPT Transition
FRT,Federal Realty Investment Trust,2426658.0,1681654717.0,"Federal Realty Investment Trust, Q3 2021 Earnings Call, Nov 04, 2021",2021-11-04,673,0,0.0,2021–2022 Pre-ChatGPT Transition
FRT,Federal Realty Investment Trust,2491509.0,1764928540.0,"Federal Realty Investment Trust, Q4 2021 Earnings Call, Feb 10, 2022",2022-02-10,460,0,0.0,2021–2022 Pre-ChatGPT Transition
FRT,Federal Realty Investment Trust,2554877.0,1779787226.0,"Federal Realty Investment Trust, Q1 2022 Earnings Call, May 05, 2022",2022-05-05,472,0,0.0,2021–2022 Pre-ChatGPT Transition
FRT,Federal Realty Investment Trust,2616531.0,1789900574.0,"Federal Realty Investment Trust, Q2 2022 Earnings Call, Aug 04, 2022",2022-08-04,547,0,0.0,2021–2022 Pre-ChatGPT Transition
FRT,Federal Realty Investment Trust,2676195.0,1801279286.0,"Federal Realty Investment Trust, Q3 2022 Earnings Call, Nov 03, 2022",2022-11-03,525,0,0.0,2021–2022 Pre-ChatGPT Transition
FRT,Federal Realty Investment Trust,2732443.0,1818383156.0,"Federal Realty Investment Trust, Q4 2022 Earnings Call, Feb 08, 2023",2023-02-08,412,0,0.0,2023 Initial GenAI Surge
FRT,Federal Realty Investment Trust,2795185.0,1832830983.0,"Federal Realty Investment Trust, Q1 2023 Earnings Call, May 04, 2023",2023-05-04,388,1,0.0025773195876288,2023 Initial GenAI Surge
FRT,Federal Realty Investment Trust,2867242.0,1847753984.0,"Federal Realty Investment Trust, Q2 2023 Earnings Call, Aug 02, 2023",2023-08-02,346,2,0.0057803468208092,2023 Initial GenAI Surge
FRT,Federal Realty Investment Trust,2934853.0,1857659650.0,"Federal Realty Investment Trust, Q3 2023 Earnings Call, Nov 02, 2023",2023-11-02,348,0,0.0,2023 Initial GenAI Surge
FRT,Federal Realty Investment Trust,3069035.0,1867441056.0,"Federal Realty Investment Trust, Q4 2023 Earnings Call, Feb 12, 2024",2024-02-12,409,0,0.0,2024–2025 AI Adoption Period
FRT,Federal Realty Investment Trust,3108114.0,1877652720.0,"Federal Realty Investment Trust, Q1 2024 Earnings Call, May 02, 2024",2024-05-02,339,0,0.0,2024–2025 AI Adoption Period
FRT,Federal Realty Investment Trust,3211414.0,1881731882.0,"Federal Realty Investment Trust, Q2 2024 Earnings Call, Aug 01, 2024",2024-08-01,429,3,0.0069930069930069,2024–2025 AI Adoption Period
FRT,Federal Realty Investment Trust,3295626.0,1893613997.0,"Federal Realty Investment Trust, Q3 2024 Earnings Call, Oct 30, 2024",2024-10-30,340,0,0.0,2024–2025 AI Adoption Period
FRT,Federal Realty Investment Trust,3374088.0,1916503776.0,"Federal Realty Investment Trust, Q4 2024 Earnings Call, Feb 13, 2025",2025-02-13,444,0,0.0,2024–2025 AI Adoption Period
FRT,Federal Realty Investment Trust,3448545.0,1937012375.0,"Federal Realty Investment Trust, Q1 2025 Earnings Call, May 08, 2025",2025-05-08,410,0,0.0,2024–2025 AI Adoption Period
FRT,Federal Realty Investment Trust,3517911.0,1950166808.0,"Federal Realty Investment Trust, Q2 2025 Earnings Call, Aug 06, 2025",2025-08-06,392,1,0.0025510204081632,2024–2025 AI Adoption Period
FRT,Federal Realty Investment Trust,3598470.0,1961984776.0,"Federal Realty Investment Trust, Q3 2025 Earnings Call, Oct 31, 2025",2025-10-31,422,0,0.0,2024–2025 AI Adoption Period
FDX,FedEx Corporation,2239891.0,688620421.0,"FedEx Corporation, Q3 2021 Earnings Call, Mar 18, 2021",2021-03-18,509,2,0.0039292730844793,2021–2022 Pre-ChatGPT Transition
FDX,FedEx Corporation,2327392.0,688620452.0,"FedEx Corporation, Q4 2021 Earnings Call, Jun 24, 2021",2021-06-24,557,0,0.0,2021–2022 Pre-ChatGPT Transition
FDX,FedEx Corporation,2399877.0,1671945881.0,"FedEx Corporation, Q1 2022 Earnings Call, Sep 21, 2021",2021-09-21,526,0,0.0,2021–2022 Pre-ChatGPT Transition
FDX,FedEx Corporation,2462650.0,1671945731.0,"FedEx Corporation, Q2 2022 Earnings Call, Dec 16, 2021",2021-12-16,469,1,0.0021321961620469,2021–2022 Pre-ChatGPT Transition
FDX,FedEx Corporation,2533087.0,1682530679.0,"FedEx Corporation, Q3 2022 Earnings Call, Mar 17, 2022",2022-03-17,496,2,0.0040322580645161,2021–2022 Pre-ChatGPT Transition
FDX,FedEx Corporation,2592557.0,1682531249.0,"FedEx Corporation, Q4 2022 Earnings Call, Jun 23, 2022",2022-06-23,573,0,0.0,2021–2022 Pre-ChatGPT Transition
FDX,FedEx Corporation,2650767.0,1788630842.0,"FedEx Corporation, Q1 2023 Earnings Call, Sep 22, 2022",2022-09-22,503,0,0.0,2021–2022 Pre-ChatGPT Transition
FDX,FedEx Corporation,2712054.0,1788630944.0,"FedEx Corporation, Q2 2023 Earnings Call, Dec 20, 2022",2022-12-20,506,0,0.0,2023 Initial GenAI Surge
FDX,FedEx Corporation,2767229.0,1801427463.0,"FedEx Corporation, Q3 2023 Earnings Call, Mar 16, 2023",2023-03-16,496,0,0.0,2023 Initial GenAI Surge
FDX,FedEx Corporation,2841062.0,1823466435.0,"FedEx Corporation, Q4 2023 Earnings Call, Jun 20, 2023",2023-06-20,526,2,0.0038022813688212,2023 Initial GenAI Surge
FDX,FedEx Corporation,2909856.0,1840254762.0,"FedEx Corporation, Q1 2024 Earnings Call, Sep 20, 2023",2023-09-20,559,0,0.0,2023 Initial GenAI Surge
FDX,FedEx Corporation,2983801.0,1840970968.0,"FedEx Corporation, Q2 2024 Earnings Call, Dec 19, 2023",2023-12-19,514,0,0.0,2023 Initial GenAI Surge
FDX,FedEx Corporation,3067258.0,1856327961.0,"FedEx Corporation, Q3 2024 Earnings Call, Mar 21, 2024",2024-03-21,516,0,0.0,2024–2025 AI Adoption Period
FDX,FedEx Corporation,3169626.0,1856327956.0,"FedEx Corporation, Q4 2024 Earnings Call, Jun 25, 2024",2024-06-25,509,0,0.0,2024–2025 AI Adoption Period
FDX,FedEx Corporation,3269718.0,1875426963.0,"FedEx Corporation, Q1 2025 Earnings Call, Sep 19, 2024",2024-09-19,534,2,0.0037453183520599,2024–2025 AI Adoption Period
FDX,FedEx Corporation,3349429.0,1875426941.0,"FedEx Corporation, Q2 2025 Earnings Call, Dec 19, 2024",2024-12-19,601,6,0.0099833610648918,2024–2025 AI Adoption Period
FDX,FedEx Corporation,3405535.0,1898418240.0,"FedEx Corporation, Q3 2025 Earnings Call, Mar 20, 2025",2025-03-20,593,1,0.0016863406408094,2024–2025 AI Adoption Period
FDX,FedEx Corporation,3491084.0,1913504898.0,"FedEx Corporation, Q4 2025 Earnings Call, Jun 24, 2025",2025-06-24,541,0,0.0,2024–2025 AI Adoption Period
FDX,FedEx Corporation,3551328.0,1935891651.0,"FedEx Corporation, Q1 2026 Earnings Call, Sep 18, 2025",2025-09-18,534,7,0.0131086142322097,2024–2025 AI Adoption Period
FDX,FedEx Corporation,3622999.0,1950987218.0,"FedEx Corporation, Q2 2026 Earnings Call, Dec 18, 2025",2025-12-18,549,6,0.0109289617486338,2024–2025 AI Adoption Period
FIS,"Fidelity National Information Services, Inc.",2200719.0,701289277.0,"Fidelity National Information Services, Inc., Q4 2020 Earnings Call, Feb 09, 2021",2021-02-09,515,2,0.003883495145631,2021–2022 Pre-ChatGPT Transition
FIS,"Fidelity National Information Services, Inc.",2272715.0,710695658.0,"Fidelity National Information Services, Inc., Q1 2021 Earnings Call, May 06, 2021",2021-05-06,570,1,0.0017543859649122,2021–2022 Pre-ChatGPT Transition
FIS,"Fidelity National Information Services, Inc.",2360644.0,1673360280.0,"Fidelity National Information Services, Inc., Q2 2021 Earnings Call, Aug 03, 2021",2021-08-03,465,0,0.0,2021–2022 Pre-ChatGPT Transition
FIS,"Fidelity National Information Services, Inc.",2425005.0,1684497289.0,"Fidelity National Information Services, Inc., Q3 2021 Earnings Call, Nov 04, 2021",2021-11-04,566,0,0.0,2021–2022 Pre-ChatGPT Transition
FIS,"Fidelity National Information Services, Inc.",2508442.0,1763949718.0,"Fidelity National Information Services, Inc., Q4 2021 Earnings Call, Feb 15, 2022",2022-02-15,594,0,0.0,2021–2022 Pre-ChatGPT Transition
FIS,"Fidelity National Information Services, Inc.",2550941.0,1777135379.0,"Fidelity National Information Services, Inc., Q1 2022 Earnings Call, May 03, 2022",2022-05-03,651,0,0.0,2021–2022 Pre-ChatGPT Transition
FIS,"Fidelity National Information Services, Inc.",2615531.0,1789900580.0,"Fidelity National Information Services, Inc., Q2 2022 Earnings Call, Aug 04, 2022",2022-08-04,594,2,0.0033670033670033,2021–2022 Pre-ChatGPT Transition
FIS,"Fidelity National Information Services, Inc.",2673526.0,1804388506.0,"Fidelity National Information Services, Inc., Q3 2022 Earnings Call, Nov 03, 2022",2022-11-03,549,0,0.0,2021–2022 Pre-ChatGPT Transition
FIS,"Fidelity National Information Services, Inc.",2736066.0,1824553422.0,"Fidelity National Information Services, Inc., Q4 2022 Earnings Call, Feb 13, 2023",2023-02-13,526,0,0.0,2023 Initial GenAI Surge
FIS,"Fidelity National Information Services, Inc.",2787767.0,1832687902.0,"Fidelity National Information Services, Inc., Q1 2023 Earnings Call, Apr 27, 2023",2023-04-27,544,1,0.0018382352941176,2023 Initial GenAI Surge
FIS,"Fidelity National Information Services, Inc.",2865647.0,1848249052.0,"Fidelity National Information Services, Inc., Q2 2023 Earnings Call, Aug 02, 2023",2023-08-02,559,4,0.0071556350626118,2023 Initial GenAI Surge
FIS,"Fidelity National Information Services, Inc.",2939727.0,1859386243.0,"Fidelity National Information Services, Inc., Q3 2023 Earnings Call, Nov 07, 2023",2023-11-07,499,0,0.0,2023 Initial GenAI Surge
FIS,"Fidelity National Information Services, Inc.",3351678.0,1870353452.0,"Fidelity National Information Services, Inc., Q4 2023 Earnings Call, Feb 26, 2024",2024-02-26,502,0,0.0,2024–2025 AI Adoption Period
FIS,"Fidelity National Information Services, Inc.",3110708.0,1878514068.0,"Fidelity National Information Services, Inc., Q1 2024 Earnings Call, May 06, 2024",2024-05-06,112,0,0.0,2024–2025 AI Adoption Period
FIS,"Fidelity National Information Services, Inc.",3214193.0,1888329714.0,"Fidelity National Information Services, Inc., Q2 2024 Earnings Call, Aug 06, 2024",2024-08-06,481,1,0.002079002079002,2024–2025 AI Adoption Period
FIS,"Fidelity National Information Services, Inc.",3297750.0,1901170242.0,"Fidelity National Information Services, Inc., Q3 2024 Earnings Call, Nov 04, 2024",2024-11-04,518,2,0.0038610038610038,2024–2025 AI Adoption Period
FIS,"Fidelity National Information Services, Inc.",3370710.0,1917806222.0,"Fidelity National Information Services, Inc., Q4 2024 Earnings Call, Feb 11, 2025",2025-02-11,554,1,0.0018050541516245,2024–2025 AI Adoption Period
FIS,"Fidelity National Information Services, Inc.",3441116.0,1940392173.0,"Fidelity National Information Services, Inc., Q1 2025 Earnings Call, May 06, 2025",2025-05-06,437,0,0.0,2024–2025 AI Adoption Period
FIS,"Fidelity National Information Services, Inc.",3534216.0,1953562266.0,"Fidelity National Information Services, Inc., Q2 2025 Earnings Call, Aug 05, 2025",2025-08-05,443,6,0.0135440180586907,2024–2025 AI Adoption Period
FIS,"Fidelity National Information Services, Inc.",3592882.0,1967086365.0,"Fidelity National Information Services, Inc., Q3 2025 Earnings Call, Nov 05, 2025",2025-11-05,496,24,0.0483870967741935,2024–2025 AI Adoption Period
FITB,Fifth Third Bancorp,2250560.0,693599364.0,"Fifth Third Bancorp, Q4 2020 Earnings Call, Jan 21, 2021",2021-01-21,560,0,0.0,2021–2022 Pre-ChatGPT Transition
FITB,Fifth Third Bancorp,2253826.0,693599375.0,"Fifth Third Bancorp, Q1 2021 Earnings Call, Apr 20, 2021",2021-04-20,446,0,0.0,2021–2022 Pre-ChatGPT Transition
FITB,Fifth Third Bancorp,2349644.0,693599381.0,"Fifth Third Bancorp, Q2 2021 Earnings Call, Jul 22, 2021",2021-07-22,574,0,0.0,2021–2022 Pre-ChatGPT Transition
FITB,Fifth Third Bancorp,2472926.0,693596929.0,"Fifth Third Bancorp, Q3 2021 Earnings Call, Oct 19, 2021",2021-10-19,453,2,0.0044150110375275,2021–2022 Pre-ChatGPT Transition
FITB,Fifth Third Bancorp,2475197.0,717845405.0,"Fifth Third Bancorp, Q4 2021 Earnings Call, Jan 20, 2022",2022-01-20,534,0,0.0,2021–2022 Pre-ChatGPT Transition
FITB,Fifth Third Bancorp,2539878.0,717845692.0,"Fifth Third Bancorp, Q1 2022 Earnings Call, Apr 19, 2022",2022-04-19,670,0,0.0,2021–2022 Pre-ChatGPT Transition
FITB,Fifth Third Bancorp,2602358.0,717845706.0,"Fifth Third Bancorp, Q2 2022 Earnings Call, Jul 21, 2022",2022-07-21,469,0,0.0,2021–2022 Pre-ChatGPT Transition
FITB,Fifth Third Bancorp,2659943.0,717845408.0,"Fifth Third Bancorp, Q3 2022 Earnings Call, Oct 20, 2022",2022-10-20,560,0,0.0,2021–2022 Pre-ChatGPT Transition
FITB,Fifth Third Bancorp,2721452.0,1793690028.0,"Fifth Third Bancorp, Q4 2022 Earnings Call, Jan 19, 2023",2023-01-19,459,0,0.0,2023 Initial GenAI Surge
FITB,Fifth Third Bancorp,2782560.0,1793690015.0,"Fifth Third Bancorp, Q1 2023 Earnings Call, Apr 20, 2023",2023-04-20,479,0,0.0,2023 Initial GenAI Surge
FITB,Fifth Third Bancorp,2854825.0,1793690032.0,"Fifth Third Bancorp, Q2 2023 Earnings Call, Jul 20, 2023",2023-07-20,433,0,0.0,2023 Initial GenAI Surge
FITB,Fifth Third Bancorp,2922349.0,1793690046.0,"Fifth Third Bancorp, Q3 2023 Earnings Call, Oct 19, 2023",2023-10-19,511,1,0.0019569471624266,2023 Initial GenAI Surge
FITB,Fifth Third Bancorp,3045785.0,1847641917.0,"Fifth Third Bancorp, Q4 2023 Earnings Call, Jan 19, 2024",2024-01-19,431,0,0.0,2024–2025 AI Adoption Period
FITB,Fifth Third Bancorp,3109477.0,1847641954.0,"Fifth Third Bancorp, Q1 2024 Earnings Call, Apr 19, 2024",2024-04-19,512,1,0.001953125,2024–2025 AI Adoption Period
FITB,Fifth Third Bancorp,3190422.0,1847642187.0,"Fifth Third Bancorp, Q2 2024 Earnings Call, Jul 19, 2024",2024-07-19,483,1,0.0020703933747412,2024–2025 AI Adoption Period
FITB,Fifth Third Bancorp,3285231.0,1847642689.0,"Fifth Third Bancorp, Q3 2024 Earnings Call, Oct 18, 2024",2024-10-18,481,0,0.0,2024–2025 AI Adoption Period
FITB,Fifth Third Bancorp,3357839.0,1847642741.0,"Fifth Third Bancorp, Q4 2024 Earnings Call, Jan 21, 2025",2025-01-21,516,0,0.0,2024–2025 AI Adoption Period
FITB,Fifth Third Bancorp,3419933.0,1847642784.0,"Fifth Third Bancorp, Q1 2025 Earnings Call, Apr 17, 2025",2025-04-17,507,2,0.0039447731755424,2024–2025 AI Adoption Period
FITB,Fifth Third Bancorp,3513657.0,1847642841.0,"Fifth Third Bancorp, Q2 2025 Earnings Call, Jul 17, 2025",2025-07-17,478,1,0.002092050209205,2024–2025 AI Adoption Period
FITB,Fifth Third Bancorp,3563096.0,1847642856.0,"Fifth Third Bancorp, Q3 2025 Earnings Call, Oct 17, 2025",2025-10-17,609,2,0.0032840722495894,2024–2025 AI Adoption Period
FE,FirstEnergy Corp.,2215561.0,704050765.0,"FirstEnergy Corp., Q4 2020 Earnings Call, Feb 18, 2021",2021-02-18,527,0,0.0,2021–2022 Pre-ChatGPT Transition
FE,FirstEnergy Corp.,2256477.0,711432588.0,"FirstEnergy Corp., Q1 2021 Earnings Call, Apr 23, 2021",2021-04-23,447,0,0.0,2021–2022 Pre-ChatGPT Transition
FE,FirstEnergy Corp.,2350513.0,1674258737.0,"FirstEnergy Corp., Q2 2021 Earnings Call, Jul 23, 2021",2021-07-23,442,0,0.0,2021–2022 Pre-ChatGPT Transition
FE,FirstEnergy Corp.,2444569.0,1685772799.0,"FirstEnergy Corp., Q3 2021 Earnings Call, Oct 29, 2021",2021-10-29,411,0,0.0,2021–2022 Pre-ChatGPT Transition
FE,FirstEnergy Corp.,2491939.0,1769785843.0,"FirstEnergy Corp., Q4 2021 Earnings Call, Feb 11, 2022",2022-02-11,265,0,0.0,2021–2022 Pre-ChatGPT Transition
FE,FirstEnergy Corp.,2542023.0,1778316179.0,"FirstEnergy Corp., Q1 2022 Earnings Call, Apr 22, 2022",2022-04-22,397,0,0.0,2021–2022 Pre-ChatGPT Transition
FE,FirstEnergy Corp.,2605708.0,1790771677.0,"FirstEnergy Corp., Q2 2022 Earnings Call, Jul 27, 2022",2022-07-27,430,2,0.0046511627906976,2021–2022 Pre-ChatGPT Transition
FE,FirstEnergy Corp.,2663805.0,1804612854.0,"FirstEnergy Corp., Q3 2022 Earnings Call, Oct 26, 2022",2022-10-26,409,0,0.0,2021–2022 Pre-ChatGPT Transition
FE,FirstEnergy Corp.,2737354.0,1821465301.0,"FirstEnergy Corp., Q4 2022 Earnings Call, Feb 14, 2023",2023-02-14,346,0,0.0,2023 Initial GenAI Surge
FE,FirstEnergy Corp.,2789787.0,1832359749.0,"FirstEnergy Corp., Q1 2023 Earnings Call, Apr 28, 2023",2023-04-28,393,0,0.0,2023 Initial GenAI Surge
FE,FirstEnergy Corp.,2866093.0,1846928837.0,"FirstEnergy Corp., Q2 2023 Earnings Call, Aug 02, 2023",2023-08-02,438,0,0.0,2023 Initial GenAI Surge
FE,FirstEnergy Corp.,2928840.0,1857957000.0,"FirstEnergy Corp., Q3 2023 Earnings Call, Oct 27, 2023",2023-10-27,420,0,0.0,2023 Initial GenAI Surge
FE,FirstEnergy Corp.,3069242.0,1867884786.0,"FirstEnergy Corp., Q4 2023 Earnings Call, Feb 09, 2024",2024-02-09,513,0,0.0,2024–2025 AI Adoption Period
FE,FirstEnergy Corp.,3283268.0,1877120718.0,"FirstEnergy Corp., Q1 2024 Earnings Call, Apr 26, 2024",2024-04-26,434,0,0.0,2024–2025 AI Adoption Period
FE,FirstEnergy Corp.,3206468.0,1886215710.0,"FirstEnergy Corp., Q2 2024 Earnings Call, Jul 31, 2024",2024-07-31,511,0,0.0,2024–2025 AI Adoption Period
FE,FirstEnergy Corp.,3293583.0,1899984020.0,"FirstEnergy Corp., Q3 2024 Earnings Call, Oct 30, 2024",2024-10-30,518,1,0.0019305019305019,2024–2025 AI Adoption Period
FE,FirstEnergy Corp.,3500860.0,1930873950.0,"FirstEnergy Corp., Q4 2024 Earnings Call, Feb 27, 2025",2025-02-27,430,0,0.0,2024–2025 AI Adoption Period
FE,FirstEnergy Corp.,3424760.0,1937321538.0,"FirstEnergy Corp., Q1 2025 Earnings Call, Apr 24, 2025",2025-04-24,411,3,0.0072992700729927,2024–2025 AI Adoption Period
FE,FirstEnergy Corp.,3555835.0,1951594598.0,"FirstEnergy Corp., Q2 2025 Earnings Call, Jul 31, 2025",2025-07-31,359,1,0.0027855153203342,2024–2025 AI Adoption Period
FE,FirstEnergy Corp.,3619270.0,1962445395.0,"FirstEnergy Corp., Q3 2025 Earnings Call, Oct 23, 2025",2025-10-23,365,0,0.0,2024–2025 AI Adoption Period
FSLR,"First Solar, Inc.",2288468.0,704040850.0,"First Solar, Inc., Q4 2020 Earnings Call, Feb 25, 2021",2021-02-25,525,0,0.0,2021–2022 Pre-ChatGPT Transition
FSLR,"First Solar, Inc.",2264130.0,711422479.0,"First Solar, Inc., Q1 2021 Earnings Call, Apr 29, 2021",2021-04-29,438,0,0.0,2021–2022 Pre-ChatGPT Transition
FSLR,"First Solar, Inc.",2355971.0,1674095876.0,"First Solar, Inc., Q2 2021 Earnings Call, Jul 29, 2021",2021-07-29,442,0,0.0,2021–2022 Pre-ChatGPT Transition
FSLR,"First Solar, Inc.",2426438.0,1685773405.0,"First Solar, Inc., Q3 2021 Earnings Call, Nov 04, 2021",2021-11-04,463,0,0.0,2021–2022 Pre-ChatGPT Transition
FSLR,"First Solar, Inc.",2513589.0,1771542670.0,"First Solar, Inc., Q4 2021 Earnings Call, Mar 01, 2022",2022-03-01,544,0,0.0,2021–2022 Pre-ChatGPT Transition
FSLR,"First Solar, Inc.",2547576.0,1778313791.0,"First Solar, Inc., Q1 2022 Earnings Call, Apr 28, 2022",2022-04-28,473,0,0.0,2021–2022 Pre-ChatGPT Transition
FSLR,"First Solar, Inc.",2608404.0,1791453209.0,"First Solar, Inc., Q2 2022 Earnings Call, Jul 28, 2022",2022-07-28,435,0,0.0,2021–2022 Pre-ChatGPT Transition
FSLR,"First Solar, Inc.",2666730.0,1804596834.0,"First Solar, Inc., Q3 2022 Earnings Call, Oct 27, 2022",2022-10-27,444,0,0.0,2021–2022 Pre-ChatGPT Transition
FSLR,"First Solar, Inc.",2753784.0,1825757497.0,"First Solar, Inc., Q4 2022 Earnings Call, Feb 28, 2023",2023-02-28,438,0,0.0,2023 Initial GenAI Surge
FSLR,"First Solar, Inc.",2790385.0,1832689169.0,"First Solar, Inc., Q1 2023 Earnings Call, Apr 27, 2023",2023-04-27,417,0,0.0,2023 Initial GenAI Surge
FSLR,"First Solar, Inc.",2861241.0,1847829815.0,"First Solar, Inc., Q2 2023 Earnings Call, Jul 27, 2023",2023-07-27,433,1,0.0023094688221709,2023 Initial GenAI Surge
FSLR,"First Solar, Inc.",2936326.0,1859265515.0,"First Solar, Inc., Q3 2023 Earnings Call, Oct 31, 2023",2023-10-31,422,0,0.0,2023 Initial GenAI Surge
FSLR,"First Solar, Inc.",3048983.0,1869826368.0,"First Solar, Inc., Q4 2023 Earnings Call, Feb 27, 2024",2024-02-27,394,0,0.0,2024–2025 AI Adoption Period
FSLR,"First Solar, Inc.",3105921.0,1877234857.0,"First Solar, Inc., Q1 2024 Earnings Call, May 01, 2024",2024-05-01,464,3,0.0064655172413793,2024–2025 AI Adoption Period
FSLR,"First Solar, Inc.",3204707.0,1886541953.0,"First Solar, Inc., Q2 2024 Earnings Call, Jul 30, 2024",2024-07-30,400,1,0.0025,2024–2025 AI Adoption Period
FSLR,"First Solar, Inc.",3292685.0,1899115371.0,"First Solar, Inc., Q3 2024 Earnings Call, Oct 29, 2024",2024-10-29,441,0,0.0,2024–2025 AI Adoption Period
FSLR,"First Solar, Inc.",3384184.0,1928839228.0,"First Solar, Inc., Q4 2024 Earnings Call, Feb 25, 2025",2025-02-25,500,2,0.004,2024–2025 AI Adoption Period
FSLR,"First Solar, Inc.",3428887.0,1937106833.0,"First Solar, Inc., Q1 2025 Earnings Call, Apr 29, 2025",2025-04-29,550,2,0.0036363636363636,2024–2025 AI Adoption Period
FSLR,"First Solar, Inc.",3511185.0,1953400162.0,"First Solar, Inc., Q2 2025 Earnings Call, Jul 31, 2025",2025-07-31,440,2,0.0045454545454545,2024–2025 AI Adoption Period
FSLR,"First Solar, Inc.",3582807.0,1964531950.0,"First Solar, Inc., Q3 2025 Earnings Call, Oct 30, 2025",2025-10-30,468,1,0.0021367521367521,2024–2025 AI Adoption Period
FISV,"Fiserv, Inc.",2201192.0,701917266.0,"Fiserv, Inc., Q4 2020 Earnings Call, Feb 09, 2021",2021-02-09,402,0,0.0,2021–2022 Pre-ChatGPT Transition
FISV,"Fiserv, Inc.",2259886.0,710591097.0,"Fiserv, Inc., Q1 2021 Earnings Call, Apr 27, 2021",2021-04-27,458,0,0.0,2021–2022 Pre-ChatGPT Transition
FISV,"Fiserv, Inc.",2351728.0,1673360184.0,"Fiserv, Inc., Q2 2021 Earnings Call, Jul 27, 2021",2021-07-27,434,2,0.0046082949308755,2021–2022 Pre-ChatGPT Transition
FISV,"Fiserv, Inc.",2414121.0,1685138679.0,"Fiserv, Inc., Q3 2021 Earnings Call, Oct 27, 2021",2021-10-27,458,1,0.0021834061135371,2021–2022 Pre-ChatGPT Transition
FISV,"Fiserv, Inc.",2487552.0,1763503221.0,"Fiserv, Inc., Q4 2021 Earnings Call, Feb 08, 2022",2022-02-08,383,0,0.0,2021–2022 Pre-ChatGPT Transition
FISV,"Fiserv, Inc.",2544784.0,1778014446.0,"Fiserv, Inc., Q1 2022 Earnings Call, Apr 27, 2022",2022-04-27,438,1,0.002283105022831,2021–2022 Pre-ChatGPT Transition
FISV,"Fiserv, Inc.",2604277.0,1790549482.0,"Fiserv, Inc., Q2 2022 Earnings Call, Jul 26, 2022",2022-07-26,483,0,0.0,2021–2022 Pre-ChatGPT Transition
FISV,"Fiserv, Inc.",2665311.0,1803039625.0,"Fiserv, Inc., Q3 2022 Earnings Call, Oct 27, 2022",2022-10-27,485,1,0.002061855670103,2021–2022 Pre-ChatGPT Transition
FISV,"Fiserv, Inc.",2730709.0,1822342369.0,"Fiserv, Inc., Q4 2022 Earnings Call, Feb 07, 2023",2023-02-07,410,1,0.0024390243902439,2023 Initial GenAI Surge
FISV,"Fiserv, Inc.",2785187.0,1832789636.0,"Fiserv, Inc., Q1 2023 Earnings Call, Apr 25, 2023",2023-04-25,422,2,0.0047393364928909,2023 Initial GenAI Surge
FISV,"Fiserv, Inc.",2858932.0,1847946938.0,"Fiserv, Inc., Q2 2023 Earnings Call, Jul 26, 2023",2023-07-26,468,0,0.0,2023 Initial GenAI Surge
FISV,"Fiserv, Inc.",2924877.0,1858769487.0,"Fiserv, Inc., Q3 2023 Earnings Call, Oct 24, 2023",2023-10-24,427,0,0.0,2023 Initial GenAI Surge
FISV,"Fiserv, Inc.",3013152.0,1869078522.0,"Fiserv, Inc., Q4 2023 Earnings Call, Feb 06, 2024",2024-02-06,469,8,0.0170575692963752,2024–2025 AI Adoption Period
FISV,"Fiserv, Inc.",3093398.0,1877646966.0,"Fiserv, Inc., Q1 2024 Earnings Call, Apr 23, 2024",2024-04-23,419,1,0.0023866348448687,2024–2025 AI Adoption Period
FISV,"Fiserv, Inc.",3194316.0,1887301047.0,"Fiserv, Inc., Q2 2024 Earnings Call, Jul 24, 2024",2024-07-24,420,2,0.0047619047619047,2024–2025 AI Adoption Period
FISV,"Fiserv, Inc.",3286092.0,1899964282.0,"Fiserv, Inc., Q3 2024 Earnings Call, Oct 22, 2024",2024-10-22,413,3,0.0072639225181598,2024–2025 AI Adoption Period
FISV,"Fiserv, Inc.",3366190.0,1917028624.0,"Fiserv, Inc., Q4 2024 Earnings Call, Feb 05, 2025",2025-02-05,490,1,0.0020408163265306,2024–2025 AI Adoption Period
FISV,"Fiserv, Inc.",3424321.0,1939097020.0,"Fiserv, Inc., Q1 2025 Earnings Call, Apr 24, 2025",2025-04-24,467,3,0.006423982869379,2024–2025 AI Adoption Period
FISV,"Fiserv, Inc.",3501729.0,1953292509.0,"Fiserv, Inc., Q2 2025 Earnings Call, Jul 23, 2025",2025-07-23,468,2,0.0042735042735042,2024–2025 AI Adoption Period
FISV,"Fiserv, Inc.",3572485.0,1964393802.0,"Fiserv, Inc., Q3 2025 Earnings Call, Oct 29, 2025",2025-10-29,459,9,0.0196078431372549,2024–2025 AI Adoption Period
F,Ford Motor Company,2193424.0,700658281.0,"Ford Motor Company, Ford Motor Credit Company LLC, Q4 2020 Earnings Call, Feb 04, 2021",2021-02-04,527,5,0.0094876660341555,2021–2022 Pre-ChatGPT Transition
F,Ford Motor Company,2262025.0,710742824.0,"Ford Motor Company, Ford Motor Credit Company LLC, Q1 2021 Earnings Call, Apr 28, 2021",2021-04-28,507,1,0.0019723865877712,2021–2022 Pre-ChatGPT Transition
F,Ford Motor Company,2353429.0,1673206408.0,"Ford Motor Company, Ford Motor Credit Company LLC, Q2 2021 Earnings Call, Jul 28, 2021",2021-07-28,557,1,0.0017953321364452,2021–2022 Pre-ChatGPT Transition
F,Ford Motor Company,2414923.0,1682804941.0,"Ford Motor Company, Ford Motor Credit Company LLC, Q3 2021 Earnings Call, Oct 27, 2021",2021-10-27,584,3,0.0051369863013698,2021–2022 Pre-ChatGPT Transition
F,Ford Motor Company,2488151.0,1764637839.0,"Ford Motor Company, Ford Motor Credit Company LLC, Q4 2021 Earnings Call, Feb 03, 2022",2022-02-03,474,0,0.0,2021–2022 Pre-ChatGPT Transition
F,Ford Motor Company,2487851.0,1765605838.0,"Ford Motor Company, Q4 2021 Earnings Call, Feb 08, 2022",2022-02-08,444,0,0.0,2021–2022 Pre-ChatGPT Transition
F,Ford Motor Company,2545484.0,1779463075.0,"Ford Motor Company, Q1 2022 Earnings Call, Apr 27, 2022",2022-04-27,609,1,0.0016420361247947,2021–2022 Pre-ChatGPT Transition
F,Ford Motor Company,2606169.0,1784038362.0,"Ford Motor Company, Q2 2022 Earnings Call, Jul 27, 2022",2022-07-27,578,0,0.0,2021–2022 Pre-ChatGPT Transition
F,Ford Motor Company,2664494.0,1804053223.0,"Ford Motor Company, Q3 2022 Earnings Call, Oct 26, 2022",2022-10-26,483,2,0.0041407867494824,2021–2022 Pre-ChatGPT Transition
F,Ford Motor Company,2728310.0,1820641015.0,"Ford Motor Company, Ford Motor Credit Company LLC, Q4 2022 Earnings Call, Feb 02, 2023",2023-02-02,550,0,0.0,2023 Initial GenAI Surge
F,Ford Motor Company,2792008.0,1833228328.0,"Ford Motor Company, Ford Motor Credit Company LLC, Q1 2023 Earnings Call, May 02, 2023",2023-05-02,503,1,0.0019880715705765,2023 Initial GenAI Surge
F,Ford Motor Company,2861253.0,1848161062.0,"Ford Motor Company, Ford Motor Credit Company LLC, Q2 2023 Earnings Call, Jul 27, 2023",2023-07-27,437,0,0.0,2023 Initial GenAI Surge
F,Ford Motor Company,2982067.0,1860024520.0,"Ford Motor Company, Q3 2023 Earnings Call, Oct 26, 2023",2023-10-26,466,1,0.0021459227467811,2023 Initial GenAI Surge
F,Ford Motor Company,3013886.0,1869474957.0,"Ford Motor Company, Q4 2023 Earnings Call, Feb 06, 2024",2024-02-06,647,0,0.0,2024–2025 AI Adoption Period
F,Ford Motor Company,3095664.0,1878142516.0,"Ford Motor Company, Ford Motor Credit Company LLC, Q1 2024 Earnings Call, Apr 24, 2024",2024-04-24,580,0,0.0,2024–2025 AI Adoption Period
F,Ford Motor Company,3195221.0,1887476020.0,"Ford Motor Company, Ford Motor Credit Company LLC, Q2 2024 Earnings Call, Jul 24, 2024",2024-07-24,555,1,0.0018018018018018,2024–2025 AI Adoption Period
F,Ford Motor Company,3291533.0,1900727051.0,"Ford Motor Company, Q3 2024 Earnings Call, Oct 28, 2024",2024-10-28,542,0,0.0,2024–2025 AI Adoption Period
F,Ford Motor Company,3366768.0,1917783861.0,"Ford Motor Company, Ford Motor Credit Company LLC, Q4 2024 Earnings Call, Feb 05, 2025",2025-02-05,503,4,0.0079522862823061,2024–2025 AI Adoption Period
F,Ford Motor Company,3439217.0,1938089969.0,"Ford Motor Company, Ford Motor Credit Company LLC, Q1 2025 Earnings Call, May 05, 2025",2025-05-05,550,5,0.009090909090909,2024–2025 AI Adoption Period
F,Ford Motor Company,3534047.0,1950998464.0,"Ford Motor Company, Ford Motor Credit Company LLC, Q2 2025 Earnings Call, Jul 30, 2025",2025-07-30,537,1,0.0018621973929236,2024–2025 AI Adoption Period
F,Ford Motor Company,3620153.0,1963091193.0,"Ford Motor Company, Ford Motor Credit Company LLC, Q3 2025 Earnings Call, Oct 23, 2025",2025-10-23,507,2,0.0039447731755424,2024–2025 AI Adoption Period
FTNT,"Fortinet, Inc.",2192846.0,700103587.0,"Fortinet, Inc., Q4 2020 Earnings Call, Feb 04, 2021",2021-02-04,519,0,0.0,2021–2022 Pre-ChatGPT Transition
FTNT,"Fortinet, Inc.",2263824.0,710165484.0,"Fortinet, Inc., Q1 2021 Earnings Call, Apr 29, 2021",2021-04-29,510,0,0.0,2021–2022 Pre-ChatGPT Transition
FTNT,"Fortinet, Inc.",2355806.0,1672792739.0,"Fortinet, Inc., Q2 2021 Earnings Call, Jul 29, 2021",2021-07-29,473,1,0.0021141649048625,2021–2022 Pre-ChatGPT Transition
FTNT,"Fortinet, Inc.",2426534.0,1684267415.0,"Fortinet, Inc., Q3 2021 Earnings Call, Nov 04, 2021",2021-11-04,425,0,0.0,2021–2022 Pre-ChatGPT Transition
FTNT,"Fortinet, Inc.",2492465.0,1763155933.0,"Fortinet, Inc., Q4 2021 Earnings Call, Feb 03, 2022",2022-02-03,482,0,0.0,2021–2022 Pre-ChatGPT Transition
FTNT,"Fortinet, Inc.",2553816.0,1776987955.0,"Fortinet, Inc., Q1 2022 Earnings Call, May 04, 2022",2022-05-04,436,0,0.0,2021–2022 Pre-ChatGPT Transition
FTNT,"Fortinet, Inc.",2614628.0,1789593466.0,"Fortinet, Inc., Q2 2022 Earnings Call, Aug 03, 2022",2022-08-03,487,0,0.0,2021–2022 Pre-ChatGPT Transition
FTNT,"Fortinet, Inc.",2672674.0,1802947174.0,"Fortinet, Inc., Q3 2022 Earnings Call, Nov 02, 2022",2022-11-02,510,0,0.0,2021–2022 Pre-ChatGPT Transition
FTNT,"Fortinet, Inc.",2731037.0,1820588990.0,"Fortinet, Inc., Q4 2022 Earnings Call, Feb 07, 2023",2023-02-07,533,0,0.0,2023 Initial GenAI Surge
FTNT,"Fortinet, Inc.",2795328.0,1831655686.0,"Fortinet, Inc., Q1 2023 Earnings Call, May 04, 2023",2023-05-04,499,0,0.0,2023 Initial GenAI Surge
FTNT,"Fortinet, Inc.",2870130.0,1846779726.0,"Fortinet, Inc., Q2 2023 Earnings Call, Aug 03, 2023",2023-08-03,474,15,0.0316455696202531,2023 Initial GenAI Surge
FTNT,"Fortinet, Inc.",2934978.0,1857473967.0,"Fortinet, Inc., Q3 2023 Earnings Call, Nov 02, 2023",2023-11-02,455,8,0.0175824175824175,2023 Initial GenAI Surge
FTNT,"Fortinet, Inc.",3014042.0,1866624024.0,"Fortinet, Inc., Q4 2023 Earnings Call, Feb 06, 2024",2024-02-06,506,10,0.0197628458498023,2024–2025 AI Adoption Period
FTNT,"Fortinet, Inc.",3108093.0,1876681614.0,"Fortinet, Inc., Q1 2024 Earnings Call, May 02, 2024",2024-05-02,502,9,0.0179282868525896,2024–2025 AI Adoption Period
FTNT,"Fortinet, Inc.",3215054.0,1886481806.0,"Fortinet, Inc., Q2 2024 Earnings Call, Aug 06, 2024",2024-08-06,468,6,0.0128205128205128,2024–2025 AI Adoption Period
FTNT,"Fortinet, Inc.",3303700.0,1899327733.0,"Fortinet, Inc., Q3 2024 Earnings Call, Nov 07, 2024",2024-11-07,495,2,0.004040404040404,2024–2025 AI Adoption Period
FTNT,"Fortinet, Inc.",3368262.0,1914753960.0,"Fortinet, Inc., Q4 2024 Earnings Call, Feb 06, 2025",2025-02-06,434,12,0.0276497695852534,2024–2025 AI Adoption Period
FTNT,"Fortinet, Inc.",3444075.0,1937296323.0,"Fortinet, Inc., Q1 2025 Earnings Call, May 07, 2025",2025-05-07,506,7,0.0138339920948616,2024–2025 AI Adoption Period
FTNT,"Fortinet, Inc.",3517923.0,1951585814.0,"Fortinet, Inc., Q2 2025 Earnings Call, Aug 06, 2025",2025-08-06,448,14,0.03125,2024–2025 AI Adoption Period
FTNT,"Fortinet, Inc.",3599035.0,1962909884.0,"Fortinet, Inc., Q3 2025 Earnings Call, Nov 05, 2025",2025-11-05,467,25,0.0535331905781584,2024–2025 AI Adoption Period
FTV,Fortive Corporation,2193260.0,701330531.0,"Fortive Corporation, Q4 2020 Earnings Call, Feb 04, 2021",2021-02-04,577,3,0.0051993067590987,2021–2022 Pre-ChatGPT Transition
FTV,Fortive Corporation,2264445.0,710056660.0,"Fortive Corporation, Q1 2021 Earnings Call, Apr 29, 2021",2021-04-29,622,5,0.0080385852090032,2021–2022 Pre-ChatGPT Transition
FTV,Fortive Corporation,2356303.0,1673416343.0,"Fortive Corporation, Q2 2021 Earnings Call, Jul 29, 2021",2021-07-29,567,2,0.0035273368606701,2021–2022 Pre-ChatGPT Transition
FTV,Fortive Corporation,2417148.0,1684666196.0,"Fortive Corporation, Q3 2021 Earnings Call, Oct 28, 2021",2021-10-28,579,1,0.001727115716753,2021–2022 Pre-ChatGPT Transition
FTV,Fortive Corporation,2484359.0,1763642476.0,"Fortive Corporation, Q4 2021 Earnings Call, Feb 03, 2022",2022-02-03,551,0,0.0,2021–2022 Pre-ChatGPT Transition
FTV,Fortive Corporation,2547286.0,1777551903.0,"Fortive Corporation, Q1 2022 Earnings Call, Apr 28, 2022",2022-04-28,534,0,0.0,2021–2022 Pre-ChatGPT Transition
FTV,Fortive Corporation,2607588.0,1790549767.0,"Fortive Corporation, Q2 2022 Earnings Call, Jul 28, 2022",2022-07-28,557,1,0.0017953321364452,2021–2022 Pre-ChatGPT Transition
FTV,Fortive Corporation,2663843.0,1802655904.0,"Fortive Corporation, Q3 2022 Earnings Call, Oct 26, 2022",2022-10-26,556,0,0.0,2021–2022 Pre-ChatGPT Transition
FTV,Fortive Corporation,2726749.0,1820855482.0,"Fortive Corporation, Q4 2022 Earnings Call, Feb 01, 2023",2023-02-01,549,0,0.0,2023 Initial GenAI Surge
FTV,Fortive Corporation,2786720.0,1831129514.0,"Fortive Corporation, Q1 2023 Earnings Call, Apr 26, 2023",2023-04-26,535,0,0.0,2023 Initial GenAI Surge
FTV,Fortive Corporation,2859634.0,1846251986.0,"Fortive Corporation, Q2 2023 Earnings Call, Jul 26, 2023",2023-07-26,601,12,0.0199667221297836,2023 Initial GenAI Surge
FTV,Fortive Corporation,2926080.0,1857282483.0,"Fortive Corporation, Q3 2023 Earnings Call, Oct 25, 2023",2023-10-25,653,6,0.009188361408882,2023 Initial GenAI Surge
FTV,Fortive Corporation,3008437.0,1865698488.0,"Fortive Corporation, Q4 2023 Earnings Call, Jan 31, 2024",2024-01-31,597,4,0.0067001675041876,2024–2025 AI Adoption Period
FTV,Fortive Corporation,3095321.0,1876023570.0,"Fortive Corporation, Q1 2024 Earnings Call, Apr 24, 2024",2024-04-24,561,10,0.017825311942959,2024–2025 AI Adoption Period
FTV,Fortive Corporation,3194689.0,1886641744.0,"Fortive Corporation, Q2 2024 Earnings Call, Jul 24, 2024",2024-07-24,514,8,0.0155642023346303,2024–2025 AI Adoption Period
FTV,Fortive Corporation,3294041.0,1899339104.0,"Fortive Corporation, Q3 2024 Earnings Call, Oct 30, 2024",2024-10-30,619,4,0.0064620355411954,2024–2025 AI Adoption Period
FTV,Fortive Corporation,3369031.0,1913890753.0,"Fortive Corporation, Q4 2024 Earnings Call, Feb 07, 2025",2025-02-07,635,3,0.0047244094488188,2024–2025 AI Adoption Period
FTV,Fortive Corporation,3433166.0,1937797667.0,"Fortive Corporation, Q1 2025 Earnings Call, May 01, 2025",2025-05-01,630,1,0.0015873015873015,2024–2025 AI Adoption Period
FTV,Fortive Corporation,3534202.0,1951630406.0,"Fortive Corporation, Q2 2025 Earnings Call, Jul 30, 2025",2025-07-30,484,4,0.0082644628099173,2024–2025 AI Adoption Period
FTV,Fortive Corporation,3586603.0,1962740143.0,"Fortive Corporation, Q3 2025 Earnings Call, Oct 29, 2025",2025-10-29,508,6,0.0118110236220472,2024–2025 AI Adoption Period
FOXA,Fox Corporation,2200683.0,700964707.0,"Fox Corporation, Q2 2021 Earnings Call, Feb 09, 2021",2021-02-09,346,0,0.0,2021–2022 Pre-ChatGPT Transition
FOXA,Fox Corporation,2271375.0,712117189.0,"Fox Corporation, Q3 2021 Earnings Call, May 05, 2021",2021-05-05,330,0,0.0,2021–2022 Pre-ChatGPT Transition
FOXA,Fox Corporation,2363463.0,1674743108.0,"Fox Corporation, Q4 2021 Earnings Call, Aug 04, 2021",2021-08-04,345,1,0.0028985507246376,2021–2022 Pre-ChatGPT Transition
FOXA,Fox Corporation,2424043.0,1685689148.0,"Fox Corporation, Q1 2022 Earnings Call, Nov 03, 2021",2021-11-03,316,0,0.0,2021–2022 Pre-ChatGPT Transition
FOXA,Fox Corporation,2488800.0,1765473377.0,"Fox Corporation, Q2 2022 Earnings Call, Feb 09, 2022",2022-02-09,257,0,0.0,2021–2022 Pre-ChatGPT Transition
FOXA,Fox Corporation,2560383.0,1780649646.0,"Fox Corporation, Q3 2022 Earnings Call, May 10, 2022",2022-05-10,245,0,0.0,2021–2022 Pre-ChatGPT Transition
FOXA,Fox Corporation,2656069.0,1793398046.0,"Fox Corporation, Q4 2022 Earnings Call, Aug 10, 2022",2022-08-10,270,0,0.0,2021–2022 Pre-ChatGPT Transition
FOXA,Fox Corporation,2670198.0,1805282446.0,"Fox Corporation, Q1 2023 Earnings Call, Nov 01, 2022",2022-11-01,251,0,0.0,2021–2022 Pre-ChatGPT Transition
FOXA,Fox Corporation,2731567.0,1823303852.0,"Fox Corporation, Q2 2023 Earnings Call, Feb 08, 2023",2023-02-08,302,0,0.0,2023 Initial GenAI Surge
FOXA,Fox Corporation,2802167.0,1834940748.0,"Fox Corporation, Q3 2023 Earnings Call, May 09, 2023",2023-05-09,259,0,0.0,2023 Initial GenAI Surge
FOXA,Fox Corporation,3084340.0,1848975113.0,"Fox Corporation, Q4 2023 Earnings Call, Aug 08, 2023",2023-08-08,291,0,0.0,2023 Initial GenAI Surge
FOXA,Fox Corporation,2933790.0,1858859784.0,"Fox Corporation, Q1 2024 Earnings Call, Nov 02, 2023",2023-11-02,275,1,0.0036363636363636,2023 Initial GenAI Surge
FOXA,Fox Corporation,3088803.0,1869357168.0,"Fox Corporation, Q2 2024 Earnings Call, Feb 07, 2024",2024-02-07,251,0,0.0,2024–2025 AI Adoption Period
FOXA,Fox Corporation,3114074.0,1877837668.0,"Fox Corporation, Q3 2024 Earnings Call, May 08, 2024",2024-05-08,261,0,0.0,2024–2025 AI Adoption Period
FOXA,Fox Corporation,3214039.0,1888989659.0,"Fox Corporation, Q4 2024 Earnings Call, Aug 06, 2024",2024-08-06,244,0,0.0,2024–2025 AI Adoption Period
FOXA,Fox Corporation,3297717.0,1901321283.0,"Fox Corporation, Q1 2025 Earnings Call, Nov 04, 2024",2024-11-04,277,0,0.0,2024–2025 AI Adoption Period
FOXA,Fox Corporation,3365235.0,1917041536.0,"Fox Corporation, Q2 2025 Earnings Call, Feb 04, 2025",2025-02-04,273,0,0.0,2024–2025 AI Adoption Period
FOXA,Fox Corporation,3450193.0,1940376717.0,"Fox Corporation, Q3 2025 Earnings Call, May 12, 2025",2025-05-12,295,0,0.0,2024–2025 AI Adoption Period
FOXA,Fox Corporation,3514677.0,1953679948.0,"Fox Corporation, Q4 2025 Earnings Call, Aug 05, 2025",2025-08-05,322,0,0.0,2024–2025 AI Adoption Period
FOXA,Fox Corporation,3575875.0,1965891820.0,"Fox Corporation, Q1 2026 Earnings Call, Oct 30, 2025",2025-10-30,258,1,0.003875968992248,2024–2025 AI Adoption Period
BEN,"Franklin Resources, Inc.",2188402.0,701650954.0,"Franklin Resources, Inc., Q1 2021 Earnings Call, Feb 02, 2021",2021-02-02,537,1,0.0018621973929236,2021–2022 Pre-ChatGPT Transition
BEN,"Franklin Resources, Inc.",2268570.0,712045117.0,"Franklin Resources, Inc., Q2 2021 Earnings Call, May 04, 2021",2021-05-04,310,0,0.0,2021–2022 Pre-ChatGPT Transition
BEN,"Franklin Resources, Inc.",2360946.0,1673566751.0,"Franklin Templeton Investment Funds - Franklin U.S. Opportunities Fund, Q3 2021 Earnings Call, Aug 03, 2021",2021-08-03,438,0,0.0,2021–2022 Pre-ChatGPT Transition
BEN,"Franklin Resources, Inc.",2420487.0,1686095116.0,"Franklin Resources, Inc., Q4 2021 Earnings Call, Nov 01, 2021",2021-11-01,476,0,0.0,2021–2022 Pre-ChatGPT Transition
BEN,"Franklin Resources, Inc.",2481827.0,1764667449.0,"Franklin Resources, Inc., Q1 2022 Earnings Call, Feb 01, 2022",2022-02-01,475,0,0.0,2021–2022 Pre-ChatGPT Transition
BEN,"Franklin Resources, Inc.",2551207.0,1778334454.0,"Franklin Resources, Inc., Q2 2022 Earnings Call, May 03, 2022",2022-05-03,449,0,0.0,2021–2022 Pre-ChatGPT Transition
BEN,"Franklin Resources, Inc.",2608119.0,1789750324.0,"Franklin Resources, Inc., Q3 2022 Earnings Call, Jul 28, 2022",2022-07-28,401,0,0.0,2021–2022 Pre-ChatGPT Transition
BEN,"Franklin Resources, Inc.",2670881.0,1804618623.0,"Franklin Resources, Inc., Q4 2022 Earnings Call, Nov 01, 2022",2022-11-01,439,0,0.0,2021–2022 Pre-ChatGPT Transition
BEN,"Franklin Resources, Inc.",2726116.0,1821250557.0,"Franklin Resources, Inc., Q1 2023 Earnings Call, Jan 30, 2023",2023-01-30,485,0,0.0,2023 Initial GenAI Surge
BEN,"Franklin Resources, Inc.",2790860.0,1832927296.0,"Franklin Resources, Inc., Q2 2023 Earnings Call, May 01, 2023",2023-05-01,466,0,0.0,2023 Initial GenAI Surge
BEN,"Franklin Resources, Inc.",2888203.0,1847193881.0,"Franklin Resources, Inc., Q3 2023 Earnings Call, Jul 28, 2023",2023-07-28,429,7,0.0163170163170163,2023 Initial GenAI Surge
BEN,"Franklin Resources, Inc.",2931092.0,1858087188.0,"Franklin Resources, Inc., Q4 2023 Earnings Call, Oct 31, 2023",2023-10-31,541,0,0.0,2023 Initial GenAI Surge
BEN,"Franklin Resources, Inc.",3006049.0,1867614763.0,"Franklin Resources, Inc., Q1 2024 Earnings Call, Jan 29, 2024",2024-01-29,444,1,0.0022522522522522,2024–2025 AI Adoption Period
BEN,"Franklin Resources, Inc.",3100859.0,1876025079.0,"Franklin Resources, Inc., Q2 2024 Earnings Call, Apr 29, 2024",2024-04-29,456,5,0.0109649122807017,2024–2025 AI Adoption Period
BEN,"Franklin Resources, Inc.",3198167.0,1887601357.0,"Franklin Resources, Inc., Q3 2024 Earnings Call, Jul 26, 2024",2024-07-26,441,5,0.0113378684807256,2024–2025 AI Adoption Period
BEN,"Franklin Resources, Inc.",3297851.0,1899871845.0,"Franklin Resources, Inc., Q4 2024 Earnings Call, Nov 04, 2024",2024-11-04,454,6,0.013215859030837,2024–2025 AI Adoption Period
BEN,"Franklin Resources, Inc.",3363879.0,1915667290.0,"Franklin Resources, Inc., Q1 2025 Earnings Call, Jan 31, 2025",2025-01-31,464,2,0.0043103448275862,2024–2025 AI Adoption Period
BEN,"Franklin Resources, Inc.",3437622.0,1938133094.0,"Franklin Resources, Inc., Q2 2025 Earnings Call, May 02, 2025",2025-05-02,516,1,0.001937984496124,2024–2025 AI Adoption Period
BEN,"Franklin Resources, Inc.",3512216.0,1951777070.0,"Franklin Resources, Inc., Q3 2025 Earnings Call, Aug 01, 2025",2025-08-01,500,1,0.002,2024–2025 AI Adoption Period
BEN,"Franklin Resources, Inc.",3594168.0,1962948808.0,"Franklin Resources, Inc., Q4 2025 Earnings Call, Nov 07, 2025",2025-11-07,446,15,0.0336322869955156,2024–2025 AI Adoption Period
GD,General Dynamics Corporation,2182297.0,700964469.0,"General Dynamics Corporation, Q4 2020 Earnings Call, Jan 27, 2021",2021-01-27,495,1,0.002020202020202,2021–2022 Pre-ChatGPT Transition
GD,General Dynamics Corporation,2260921.0,710892437.0,"General Dynamics Corporation, Q1 2021 Earnings Call, Apr 28, 2021",2021-04-28,393,0,0.0,2021–2022 Pre-ChatGPT Transition
GD,General Dynamics Corporation,2352808.0,1673529896.0,"General Dynamics Corporation, Q2 2021 Earnings Call, Jul 28, 2021",2021-07-28,404,0,0.0,2021–2022 Pre-ChatGPT Transition
GD,General Dynamics Corporation,2414242.0,1684511021.0,"General Dynamics Corporation, Q3 2021 Earnings Call, Oct 27, 2021",2021-10-27,394,0,0.0,2021–2022 Pre-ChatGPT Transition
GD,General Dynamics Corporation,2483791.0,1763830328.0,"General Dynamics Corporation, Q4 2021 Earnings Call, Jan 26, 2022",2022-01-26,494,0,0.0,2021–2022 Pre-ChatGPT Transition
GD,General Dynamics Corporation,2544759.0,1777565615.0,"General Dynamics Corporation, Q1 2022 Earnings Call, Apr 27, 2022",2022-04-27,459,0,0.0,2021–2022 Pre-ChatGPT Transition
GD,General Dynamics Corporation,2605419.0,1790264111.0,"General Dynamics Corporation, Q2 2022 Earnings Call, Jul 27, 2022",2022-07-27,501,0,0.0,2021–2022 Pre-ChatGPT Transition
GD,General Dynamics Corporation,2664018.0,1803884425.0,"General Dynamics Corporation, Q3 2022 Earnings Call, Oct 26, 2022",2022-10-26,476,0,0.0,2021–2022 Pre-ChatGPT Transition
GD,General Dynamics Corporation,2721434.0,1820970707.0,"General Dynamics Corporation, Q4 2022 Earnings Call, Jan 25, 2023",2023-01-25,447,0,0.0,2023 Initial GenAI Surge
GD,General Dynamics Corporation,2786417.0,1832244938.0,"General Dynamics Corporation, Q1 2023 Earnings Call, Apr 26, 2023",2023-04-26,395,0,0.0,2023 Initial GenAI Surge
GD,General Dynamics Corporation,2887701.0,1846940001.0,"General Dynamics Corporation, Q2 2023 Earnings Call, Jul 26, 2023",2023-07-26,441,1,0.0022675736961451,2023 Initial GenAI Surge
GD,General Dynamics Corporation,2925681.0,1858206896.0,"General Dynamics Corporation, Q3 2023 Earnings Call, Oct 25, 2023",2023-10-25,448,2,0.0044642857142857,2023 Initial GenAI Surge
GD,General Dynamics Corporation,3002534.0,1867425365.0,"General Dynamics Corporation, Q4 2023 Earnings Call, Jan 24, 2024",2024-01-24,421,0,0.0,2024–2025 AI Adoption Period
GD,General Dynamics Corporation,3094846.0,1877228768.0,"General Dynamics Corporation, Q1 2024 Earnings Call, Apr 24, 2024",2024-04-24,434,4,0.0092165898617511,2024–2025 AI Adoption Period
GD,General Dynamics Corporation,3194458.0,1886654044.0,"General Dynamics Corporation, Q2 2024 Earnings Call, Jul 24, 2024",2024-07-24,476,0,0.0,2024–2025 AI Adoption Period
GD,General Dynamics Corporation,3287001.0,1899537277.0,"General Dynamics Corporation, Q3 2024 Earnings Call, Oct 23, 2024",2024-10-23,475,0,0.0,2024–2025 AI Adoption Period
GD,General Dynamics Corporation,3361611.0,1916104923.0,"General Dynamics Corporation, Q4 2024 Earnings Call, Jan 29, 2025",2025-01-29,438,1,0.002283105022831,2024–2025 AI Adoption Period
GD,General Dynamics Corporation,3422887.0,1937792706.0,"General Dynamics Corporation, Q1 2025 Earnings Call, Apr 23, 2025",2025-04-23,473,1,0.0021141649048625,2024–2025 AI Adoption Period
GD,General Dynamics Corporation,3501699.0,1952357584.0,"General Dynamics Corporation, Q2 2025 Earnings Call, Jul 23, 2025",2025-07-23,404,1,0.0024752475247524,2024–2025 AI Adoption Period
GD,General Dynamics Corporation,3567895.0,1962917612.0,"General Dynamics Corporation, Q3 2025 Earnings Call, Oct 24, 2025",2025-10-24,431,1,0.0023201856148491,2024–2025 AI Adoption Period
GE,General Electric Company,2181497.0,701622821.0,"General Electric Company, Q4 2020 Earnings Call, Jan 26, 2021",2021-01-26,560,1,0.0017857142857142,2021–2022 Pre-ChatGPT Transition
GE,General Electric Company,2261099.0,711868956.0,"General Electric Company, Q1 2021 Earnings Call, Apr 27, 2021",2021-04-27,532,2,0.0037593984962406,2021–2022 Pre-ChatGPT Transition
GE,General Electric Company,2352005.0,1674471605.0,"General Electric Company, Q2 2021 Earnings Call, Jul 27, 2021",2021-07-27,553,2,0.0036166365280289,2021–2022 Pre-ChatGPT Transition
GE,General Electric Company,2412909.0,1684891743.0,"General Electric Company, Q3 2021 Earnings Call, Oct 26, 2021",2021-10-26,622,2,0.0032154340836012,2021–2022 Pre-ChatGPT Transition
GE,General Electric Company,2476878.0,1764298711.0,"General Electric Company, Q4 2021 Earnings Call, Jan 25, 2022",2022-01-25,619,2,0.0032310177705977,2021–2022 Pre-ChatGPT Transition
GE,General Electric Company,2543312.0,1775198929.0,"General Electric Company, Q1 2022 Earnings Call, Apr 26, 2022",2022-04-26,558,1,0.0017921146953405,2021–2022 Pre-ChatGPT Transition
GE,General Electric Company,2604296.0,1787731425.0,"General Electric Company, Q2 2022 Earnings Call, Jul 26, 2022",2022-07-26,531,1,0.0018832391713747,2021–2022 Pre-ChatGPT Transition
GE,General Electric Company,2662326.0,1800320410.0,"General Electric Company, Q3 2022 Earnings Call, Oct 25, 2022",2022-10-25,590,1,0.0016949152542372,2021–2022 Pre-ChatGPT Transition
GE,General Electric Company,2720713.0,1819078237.0,"General Electric Company, Q4 2022 Earnings Call, Jan 24, 2023",2023-01-24,462,0,0.0,2023 Initial GenAI Surge
GE,General Electric Company,2784903.0,1830056367.0,"General Electric Company, Q1 2023 Earnings Call, Apr 25, 2023",2023-04-25,445,0,0.0,2023 Initial GenAI Surge
GE,General Electric Company,2872669.0,1842780255.0,"General Electric Company, Q2 2023 Earnings Call, Jul 25, 2023",2023-07-25,419,0,0.0,2023 Initial GenAI Surge
GE,General Electric Company,2924768.0,1854179326.0,"General Electric Company, Q3 2023 Earnings Call, Oct 24, 2023",2023-10-24,438,0,0.0,2023 Initial GenAI Surge
GE,General Electric Company,3001673.0,1861957041.0,"General Electric Company, Q4 2023 Earnings Call, Jan 23, 2024",2024-01-23,419,1,0.0023866348448687,2024–2025 AI Adoption Period
GE,General Electric Company,3093057.0,1873699891.0,"General Electric Company, Q1 2024 Earnings Call, Apr 23, 2024",2024-04-23,429,0,0.0,2024–2025 AI Adoption Period
GE,General Electric Company,3192788.0,1888451193.0,"General Electric Company, Q2 2024 Earnings Call, Jul 23, 2024",2024-07-23,399,0,0.0,2024–2025 AI Adoption Period
GE,General Electric Company,3286115.0,1901008893.0,"General Electric Company, Q3 2024 Earnings Call, Oct 22, 2024",2024-10-22,420,0,0.0,2024–2025 AI Adoption Period
GE,General Electric Company,3415073.0,1917921287.0,"General Electric Company, Q4 2024 Earnings Call, Jan 23, 2025",2025-01-23,428,0,0.0,2024–2025 AI Adoption Period
GE,General Electric Company,3421737.0,1940362616.0,"General Electric Company, Q1 2025 Earnings Call, Apr 22, 2025",2025-04-22,431,0,0.0,2024–2025 AI Adoption Period
GE,General Electric Company,3498719.0,1944119041.0,"General Electric Company, Q2 2025 Earnings Call, Jul 17, 2025",2025-07-17,764,2,0.0026178010471204,2024–2025 AI Adoption Period
GE,General Electric Company,3618541.0,1959140360.0,"General Electric Company, Q3 2025 Earnings Call, Oct 21, 2025",2025-10-21,375,0,0.0,2024–2025 AI Adoption Period
GIS,"General Mills, Inc.",2241792.0,705555356.0,"General Mills, Inc., Q3 2021 Earnings Call, Mar 24, 2021",2021-03-24,370,0,0.0,2021–2022 Pre-ChatGPT Transition
GIS,"General Mills, Inc.",2331105.0,717162423.0,"General Mills, Inc., Q4 2021 Earnings Call, Jun 30, 2021",2021-06-30,433,0,0.0,2021–2022 Pre-ChatGPT Transition
GIS,"General Mills, Inc.",2400155.0,1679929139.0,"General Mills, Inc., Q1 2022 Earnings Call, Sep 22, 2021",2021-09-22,445,0,0.0,2021–2022 Pre-ChatGPT Transition
GIS,"General Mills, Inc.",2470747.0,1760204891.0,"General Mills, Inc., Q2 2022 Earnings Call, Dec 21, 2021",2021-12-21,386,0,0.0,2021–2022 Pre-ChatGPT Transition
GIS,"General Mills, Inc.",2529542.0,1773144779.0,"General Mills, Inc., Q3 2022 Earnings Call, Mar 23, 2022",2022-03-23,358,0,0.0,2021–2022 Pre-ChatGPT Transition
GIS,"General Mills, Inc.",2594158.0,1785257860.0,"General Mills, Inc., Q4 2022 Earnings Call, Jun 29, 2022",2022-06-29,375,0,0.0,2021–2022 Pre-ChatGPT Transition
GIS,"General Mills, Inc.",2649989.0,1798756366.0,"General Mills, Inc., Q1 2023 Earnings Call, Sep 21, 2022",2022-09-21,331,0,0.0,2021–2022 Pre-ChatGPT Transition
GIS,"General Mills, Inc.",2711908.0,1816731153.0,"General Mills, Inc., Q2 2023 Earnings Call, Dec 20, 2022",2022-12-20,366,0,0.0,2023 Initial GenAI Surge
GIS,"General Mills, Inc.",2778144.0,1828180345.0,"General Mills, Inc., Q3 2023 Earnings Call, Mar 23, 2023",2023-03-23,321,0,0.0,2023 Initial GenAI Surge
GIS,"General Mills, Inc.",2844367.0,1840016849.0,"General Mills, Inc., Q4 2023 Earnings Call, Jun 28, 2023",2023-06-28,382,0,0.0,2023 Initial GenAI Surge
GIS,"General Mills, Inc.",2909676.0,1853487412.0,"General Mills, Inc., Q1 2024 Earnings Call, Sep 20, 2023",2023-09-20,327,0,0.0,2023 Initial GenAI Surge
GIS,"General Mills, Inc.",2983890.0,1862568217.0,"General Mills, Inc., Q2 2024 Earnings Call, Dec 20, 2023",2023-12-20,304,1,0.0032894736842105,2023 Initial GenAI Surge
GIS,"General Mills, Inc.",3066216.0,1872903946.0,"General Mills, Inc., Q3 2024 Earnings Call, Mar 20, 2024",2024-03-20,384,0,0.0,2024–2025 AI Adoption Period
GIS,"General Mills, Inc.",3170395.0,1882254638.0,"General Mills, Inc., Q4 2024 Earnings Call, Jun 26, 2024",2024-06-26,388,0,0.0,2024–2025 AI Adoption Period
GIS,"General Mills, Inc.",3268152.0,1892415631.0,"General Mills, Inc., Q1 2025 Earnings Call, Sep 18, 2024",2024-09-18,353,0,0.0,2024–2025 AI Adoption Period
GIS,"General Mills, Inc.",3347529.0,1911357788.0,"General Mills, Inc., Q2 2025 Earnings Call, Dec 18, 2024",2024-12-18,425,0,0.0,2024–2025 AI Adoption Period
GIS,"General Mills, Inc.",3404375.0,1932605838.0,"General Mills, Inc., Q3 2025 Earnings Call, Mar 19, 2025",2025-03-19,349,0,0.0,2024–2025 AI Adoption Period
GIS,"General Mills, Inc.",3491697.0,1946104046.0,"General Mills, Inc., Q4 2025 Earnings Call, Jun 25, 2025",2025-06-25,387,0,0.0,2024–2025 AI Adoption Period
GIS,"General Mills, Inc.",3550403.0,1958377834.0,"General Mills, Inc., Q1 2026 Earnings Call, Sep 17, 2025",2025-09-17,444,1,0.0022522522522522,2024–2025 AI Adoption Period
GIS,"General Mills, Inc.",3622361.0,1971042459.0,"General Mills, Inc., Q2 2026 Earnings Call, Dec 17, 2025",2025-12-17,370,0,0.0,2024–2025 AI Adoption Period
GILD,"Gilead Sciences, Inc.",2192914.0,701922799.0,"Gilead Sciences, Inc., Q4 2020 Earnings Call, Feb 04, 2021",2021-02-04,617,0,0.0,2021–2022 Pre-ChatGPT Transition
GILD,"Gilead Sciences, Inc.",2263918.0,711456557.0,"Gilead Sciences, Inc., Q1 2021 Earnings Call, Apr 29, 2021",2021-04-29,529,0,0.0,2021–2022 Pre-ChatGPT Transition
GILD,"Gilead Sciences, Inc.",2386054.0,1674151580.0,"Gilead Sciences, Inc., Q2 2021 Earnings Call, Jul 29, 2021",2021-07-29,563,0,0.0,2021–2022 Pre-ChatGPT Transition
GILD,"Gilead Sciences, Inc.",2417087.0,1685194658.0,"Gilead Sciences, Inc., Q3 2021 Earnings Call, Oct 28, 2021",2021-10-28,526,0,0.0,2021–2022 Pre-ChatGPT Transition
GILD,"Gilead Sciences, Inc.",2482102.0,1764653424.0,"Gilead Sciences, Inc., Q4 2021 Earnings Call, Feb 01, 2022",2022-02-01,560,0,0.0,2021–2022 Pre-ChatGPT Transition
GILD,"Gilead Sciences, Inc.",2547696.0,1778331029.0,"Gilead Sciences, Inc., Q1 2022 Earnings Call, Apr 28, 2022",2022-04-28,558,0,0.0,2021–2022 Pre-ChatGPT Transition
GILD,"Gilead Sciences, Inc.",2612808.0,1790706725.0,"Gilead Sciences, Inc., Q2 2022 Earnings Call, Aug 02, 2022",2022-08-02,538,0,0.0,2021–2022 Pre-ChatGPT Transition
GILD,"Gilead Sciences, Inc.",2666491.0,1804618003.0,"Gilead Sciences, Inc., Q3 2022 Earnings Call, Oct 27, 2022",2022-10-27,512,0,0.0,2021–2022 Pre-ChatGPT Transition
GILD,"Gilead Sciences, Inc.",2728517.0,1822596953.0,"Gilead Sciences, Inc., Q4 2022 Earnings Call, Feb 02, 2023",2023-02-02,526,0,0.0,2023 Initial GenAI Surge
GILD,"Gilead Sciences, Inc.",2790164.0,1833077109.0,"Gilead Sciences, Inc., Q1 2023 Earnings Call, Apr 27, 2023",2023-04-27,539,0,0.0,2023 Initial GenAI Surge
GILD,"Gilead Sciences, Inc.",2870167.0,1847954826.0,"Gilead Sciences, Inc., Q2 2023 Earnings Call, Aug 03, 2023",2023-08-03,464,0,0.0,2023 Initial GenAI Surge
GILD,"Gilead Sciences, Inc.",2940784.0,1858867426.0,"Gilead Sciences, Inc., Q3 2023 Earnings Call, Nov 07, 2023",2023-11-07,458,0,0.0,2023 Initial GenAI Surge
GILD,"Gilead Sciences, Inc.",3014143.0,1868315585.0,"Gilead Sciences, Inc., Q4 2023 Earnings Call, Feb 06, 2024",2024-02-06,446,0,0.0,2024–2025 AI Adoption Period
GILD,"Gilead Sciences, Inc.",3097908.0,1877534742.0,"Gilead Sciences, Inc., Q1 2024 Earnings Call, Apr 25, 2024",2024-04-25,484,0,0.0,2024–2025 AI Adoption Period
GILD,"Gilead Sciences, Inc.",3220438.0,1879190690.0,"Gilead Sciences, Inc., Q2 2024 Earnings Call, Aug 08, 2024",2024-08-08,484,0,0.0,2024–2025 AI Adoption Period
GILD,"Gilead Sciences, Inc.",3300997.0,1892088226.0,"Gilead Sciences, Inc., Q3 2024 Earnings Call, Nov 06, 2024",2024-11-06,473,1,0.0021141649048625,2024–2025 AI Adoption Period
GILD,"Gilead Sciences, Inc.",3371197.0,1906175399.0,"Gilead Sciences, Inc., Q4 2024 Earnings Call, Feb 11, 2025",2025-02-11,463,0,0.0,2024–2025 AI Adoption Period
GILD,"Gilead Sciences, Inc.",3424904.0,1930956684.0,"Gilead Sciences, Inc., Q1 2025 Earnings Call, Apr 24, 2025",2025-04-24,483,0,0.0,2024–2025 AI Adoption Period
GILD,"Gilead Sciences, Inc.",3557096.0,1954506176.0,"Gilead Sciences, Inc., Q2 2025 Earnings Call, Aug 07, 2025",2025-08-07,457,0,0.0,2024–2025 AI Adoption Period
GILD,"Gilead Sciences, Inc.",3582424.0,1964556530.0,"Gilead Sciences, Inc., Q3 2025 Earnings Call, Oct 30, 2025",2025-10-30,502,0,0.0,2024–2025 AI Adoption Period
GL,Globe Life Inc.,2190010.0,702361844.0,"Globe Life Inc., Q4 2020 Earnings Call, Feb 03, 2021",2021-02-03,360,0,0.0,2021–2022 Pre-ChatGPT Transition
GL,Globe Life Inc.,2255742.0,711222880.0,"Globe Life Inc., Q1 2021 Earnings Call, Apr 22, 2021",2021-04-22,383,0,0.0,2021–2022 Pre-ChatGPT Transition
GL,Globe Life Inc.,2349796.0,1673848833.0,"Globe Life Inc., Q2 2021 Earnings Call, Jul 22, 2021",2021-07-22,375,0,0.0,2021–2022 Pre-ChatGPT Transition
GL,Globe Life Inc.,2409123.0,1685063083.0,"Globe Life Inc., Q3 2021 Earnings Call, Oct 21, 2021",2021-10-21,346,0,0.0,2021–2022 Pre-ChatGPT Transition
GL,Globe Life Inc.,2491119.0,1765498655.0,"Globe Life Inc., Q4 2021 Earnings Call, Feb 03, 2022",2022-02-03,330,0,0.0,2021–2022 Pre-ChatGPT Transition
GL,Globe Life Inc.,2549737.0,1778220855.0,"Globe Life Inc., Q1 2022 Earnings Call, Apr 21, 2022",2022-04-21,376,0,0.0,2021–2022 Pre-ChatGPT Transition
GL,Globe Life Inc.,2607434.0,1792754766.0,"Globe Life Inc., Q2 2022 Earnings Call, Jul 28, 2022",2022-07-28,426,0,0.0,2021–2022 Pre-ChatGPT Transition
GL,Globe Life Inc.,2665822.0,1805294919.0,"Globe Life Inc., Q3 2022 Earnings Call, Oct 27, 2022",2022-10-27,505,0,0.0,2021–2022 Pre-ChatGPT Transition
GL,Globe Life Inc.,2727740.0,1823191737.0,"Globe Life Inc., Q4 2022 Earnings Call, Feb 02, 2023",2023-02-02,394,0,0.0,2023 Initial GenAI Surge
GL,Globe Life Inc.,2794932.0,1833241843.0,"Globe Life Inc., Q1 2023 Earnings Call, May 04, 2023",2023-05-04,419,0,0.0,2023 Initial GenAI Surge
GL,Globe Life Inc.,2860694.0,1848195548.0,"Globe Life Inc., Q2 2023 Earnings Call, Jul 27, 2023",2023-07-27,371,0,0.0,2023 Initial GenAI Surge
GL,Globe Life Inc.,3060991.0,1858651677.0,"Globe Life Inc., Q3 2023 Earnings Call, Oct 26, 2023",2023-10-26,408,0,0.0,2023 Initial GenAI Surge
GL,Globe Life Inc.,3016734.0,1869476100.0,"Globe Life Inc., Q4 2023 Earnings Call, Feb 08, 2024",2024-02-08,390,0,0.0,2024–2025 AI Adoption Period
GL,Globe Life Inc.,3154563.0,1878268453.0,"Globe Life Inc., Q1 2024 Earnings Call, Apr 23, 2024",2024-04-23,527,0,0.0,2024–2025 AI Adoption Period
GL,Globe Life Inc.,3196666.0,1887718572.0,"Globe Life Inc., Q2 2024 Earnings Call, Jul 25, 2024",2024-07-25,425,0,0.0,2024–2025 AI Adoption Period
GL,Globe Life Inc.,3288336.0,1900179858.0,"Globe Life Inc., Q3 2024 Earnings Call, Oct 24, 2024",2024-10-24,450,0,0.0,2024–2025 AI Adoption Period
GL,Globe Life Inc.,3367905.0,1917055655.0,"Globe Life Inc., Q4 2024 Earnings Call, Feb 06, 2025",2025-02-06,465,1,0.0021505376344086,2024–2025 AI Adoption Period
GL,Globe Life Inc.,3493183.0,1939115935.0,"Globe Life Inc., Q1 2025 Earnings Call, May 01, 2025",2025-05-01,454,1,0.0022026431718061,2024–2025 AI Adoption Period
GL,Globe Life Inc.,3547240.0,1952864509.0,"Globe Life Inc., Q2 2025 Earnings Call, Jul 24, 2025",2025-07-24,460,0,0.0,2024–2025 AI Adoption Period
GL,Globe Life Inc.,3619280.0,1964556681.0,"Globe Life Inc., Q3 2025 Earnings Call, Oct 23, 2025",2025-10-23,545,0,0.0,2024–2025 AI Adoption Period
GDDY,GoDaddy Inc.,2207250.0,700834155.0,"GoDaddy Inc., Q4 2020 Earnings Call, Feb 11, 2021",2021-02-11,515,0,0.0,2021–2022 Pre-ChatGPT Transition
GDDY,GoDaddy Inc.,2272018.0,710478329.0,"GoDaddy Inc., Q1 2021 Earnings Call, May 05, 2021",2021-05-05,548,1,0.0018248175182481,2021–2022 Pre-ChatGPT Transition
GDDY,GoDaddy Inc.,2384509.0,1672659553.0,"GoDaddy Inc., Q2 2021 Earnings Call, Aug 04, 2021",2021-08-04,357,0,0.0,2021–2022 Pre-ChatGPT Transition
GDDY,GoDaddy Inc.,2423989.0,1684731984.0,"GoDaddy Inc., Q3 2021 Earnings Call, Nov 03, 2021",2021-11-03,398,1,0.0025125628140703,2021–2022 Pre-ChatGPT Transition
GDDY,GoDaddy Inc.,2491276.0,1763838562.0,"GoDaddy Inc., Q4 2021 Earnings Call, Feb 10, 2022",2022-02-10,435,0,0.0,2021–2022 Pre-ChatGPT Transition
GDDY,GoDaddy Inc.,2553520.0,1776371049.0,"GoDaddy Inc., Q1 2022 Earnings Call, May 04, 2022",2022-05-04,390,0,0.0,2021–2022 Pre-ChatGPT Transition
GDDY,GoDaddy Inc.,2614550.0,1788948305.0,"GoDaddy Inc., Q2 2022 Earnings Call, Aug 03, 2022",2022-08-03,354,1,0.0028248587570621,2021–2022 Pre-ChatGPT Transition
GDDY,GoDaddy Inc.,2674995.0,1803338959.0,"GoDaddy Inc., Q3 2022 Earnings Call, Nov 03, 2022",2022-11-03,431,0,0.0,2021–2022 Pre-ChatGPT Transition
GDDY,GoDaddy Inc.,2738660.0,1821697439.0,"GoDaddy Inc., Q4 2022 Earnings Call, Feb 14, 2023",2023-02-14,452,0,0.0,2023 Initial GenAI Surge
GDDY,GoDaddy Inc.,2795586.0,1832250166.0,"GoDaddy Inc., Q1 2023 Earnings Call, May 04, 2023",2023-05-04,422,22,0.0521327014218009,2023 Initial GenAI Surge
GDDY,GoDaddy Inc.,2870153.0,1847192877.0,"GoDaddy Inc., Q2 2023 Earnings Call, Aug 03, 2023",2023-08-03,509,17,0.0333988212180746,2023 Initial GenAI Surge
GDDY,GoDaddy Inc.,2935460.0,1858856042.0,"GoDaddy Inc., Q3 2023 Earnings Call, Nov 02, 2023",2023-11-02,464,8,0.0172413793103448,2023 Initial GenAI Surge
GDDY,GoDaddy Inc.,3022428.0,1868551856.0,"GoDaddy Inc., Q4 2023 Earnings Call, Feb 13, 2024",2024-02-13,543,1,0.001841620626151,2024–2025 AI Adoption Period
GDDY,GoDaddy Inc.,3108084.0,1877629588.0,"GoDaddy Inc., Q1 2024 Earnings Call, May 02, 2024",2024-05-02,550,7,0.0127272727272727,2024–2025 AI Adoption Period
GDDY,GoDaddy Inc.,3225444.0,1887300701.0,"GoDaddy Inc., Q2 2024 Earnings Call, Aug 01, 2024",2024-08-01,444,7,0.0157657657657657,2024–2025 AI Adoption Period
GDDY,GoDaddy Inc.,3294971.0,1899846196.0,"GoDaddy Inc., Q3 2024 Earnings Call, Oct 30, 2024",2024-10-30,508,11,0.0216535433070866,2024–2025 AI Adoption Period
GDDY,GoDaddy Inc.,3374196.0,1917031739.0,"GoDaddy Inc., Q4 2024 Earnings Call, Feb 13, 2025",2025-02-13,553,23,0.0415913200723327,2024–2025 AI Adoption Period
GDDY,GoDaddy Inc.,3435526.0,1938647369.0,"GoDaddy Inc., Q1 2025 Earnings Call, May 01, 2025",2025-05-01,523,14,0.0267686424474187,2024–2025 AI Adoption Period
GDDY,GoDaddy Inc.,3520321.0,1952699971.0,"GoDaddy Inc., Q2 2025 Earnings Call, Aug 07, 2025",2025-08-07,479,29,0.0605427974947807,2024–2025 AI Adoption Period
GDDY,GoDaddy Inc.,3590096.0,1964532490.0,"GoDaddy Inc., Q3 2025 Earnings Call, Oct 30, 2025",2025-10-30,476,77,0.1617647058823529,2024–2025 AI Adoption Period
MU,"Micron Technology, Inc.",2232450.0,693930895.0,"Micron Technology, Inc., Q1 2021 Earnings Call, Jan 07, 2021",2021-01-07,412,9,0.0218446601941747,2021–2022 Pre-ChatGPT Transition
MU,"Micron Technology, Inc.",2245629.0,702087505.0,"Micron Technology, Inc., Q2 2021 Earnings Call, Mar 31, 2021",2021-03-31,452,4,0.0088495575221238,2021–2022 Pre-ChatGPT Transition
MU,"Micron Technology, Inc.",2594418.0,1788794306.0,"Micron Technology, Inc., Q3 2021 Earnings Call, Jun 30, 2021",2021-06-30,331,3,0.0090634441087613,2021–2022 Pre-ChatGPT Transition
MU,"Micron Technology, Inc.",2594398.0,1788794275.0,"Micron Technology, Inc., Q4 2021 Earnings Call, Sep 28, 2021",2021-09-28,409,0,0.0,2021–2022 Pre-ChatGPT Transition
MU,"Micron Technology, Inc.",2594411.0,1788794230.0,"Micron Technology, Inc., Q1 2022 Earnings Call, Dec 20, 2021",2021-12-20,350,2,0.0057142857142857,2021–2022 Pre-ChatGPT Transition
MU,"Micron Technology, Inc.",2594399.0,1788794207.0,"Micron Technology, Inc., Q2 2022 Earnings Call, Mar 29, 2022",2022-03-29,336,0,0.0,2021–2022 Pre-ChatGPT Transition
MU,"Micron Technology, Inc.",2594741.0,1785263519.0,"Micron Technology, Inc., Q3 2022 Earnings Call, Jun 30, 2022",2022-06-30,371,0,0.0,2021–2022 Pre-ChatGPT Transition
MU,"Micron Technology, Inc.",2659338.0,1802771561.0,"Micron Technology, Inc., Q4 2022 Earnings Call, Sep 29, 2022",2022-09-29,361,1,0.002770083102493,2021–2022 Pre-ChatGPT Transition
MU,"Micron Technology, Inc.",2713313.0,1819409582.0,"Micron Technology, Inc., Q1 2023 Earnings Call, Dec 21, 2022",2022-12-21,295,0,0.0,2023 Initial GenAI Surge
MU,"Micron Technology, Inc.",2773842.0,1826301007.0,"Micron Technology, Inc., Q2 2023 Earnings Call, Mar 28, 2023",2023-03-28,382,9,0.0235602094240837,2023 Initial GenAI Surge
MU,"Micron Technology, Inc.",2844524.0,1840085002.0,"Micron Technology, Inc., Q3 2023 Earnings Call, Jun 28, 2023",2023-06-28,407,34,0.0835380835380835,2023 Initial GenAI Surge
MU,"Micron Technology, Inc.",2912876.0,1854094267.0,"Micron Technology, Inc., Q4 2023 Earnings Call, Sep 27, 2023",2023-09-27,397,19,0.0478589420654911,2023 Initial GenAI Surge
MU,"Micron Technology, Inc.",3027289.0,1862074431.0,"Micron Technology, Inc., Q1 2024 Earnings Call, Dec 20, 2023",2023-12-20,388,27,0.0695876288659793,2023 Initial GenAI Surge
MU,"Micron Technology, Inc.",3066379.0,1872195421.0,"Micron Technology, Inc., Q2 2024 Earnings Call, Mar 20, 2024",2024-03-20,381,24,0.0629921259842519,2024–2025 AI Adoption Period
MU,"Micron Technology, Inc.",3170968.0,1882177857.0,"Micron Technology, Inc., Q3 2024 Earnings Call, Jun 26, 2024",2024-06-26,411,33,0.0802919708029197,2024–2025 AI Adoption Period
MU,"Micron Technology, Inc.",3274570.0,1892709797.0,"Micron Technology, Inc., Q4 2024 Earnings Call, Sep 25, 2024",2024-09-25,377,28,0.0742705570291777,2024–2025 AI Adoption Period
MU,"Micron Technology, Inc.",3349906.0,1904729377.0,"Micron Technology, Inc., Q1 2025 Earnings Call, Dec 18, 2024",2024-12-18,414,22,0.0531400966183574,2024–2025 AI Adoption Period
MU,"Micron Technology, Inc.",3405547.0,1934325177.0,"Micron Technology, Inc., Q2 2025 Earnings Call, Mar 20, 2025",2025-03-20,298,9,0.0302013422818791,2024–2025 AI Adoption Period
MU,"Micron Technology, Inc.",3491707.0,1944666647.0,"Micron Technology, Inc., Q3 2025 Earnings Call, Jun 25, 2025",2025-06-25,282,4,0.0141843971631205,2024–2025 AI Adoption Period
MU,"Micron Technology, Inc.",3552240.0,1958584927.0,"Micron Technology, Inc., Q4 2025 Earnings Call, Sep 23, 2025",2025-09-23,387,28,0.0723514211886304,2024–2025 AI Adoption Period
MU,"Micron Technology, Inc.",3622525.0,1971036965.0,"Micron Technology, Inc., Q1 2026 Earnings Call, Dec 17, 2025",2025-12-17,428,27,0.0630841121495327,2024–2025 AI Adoption Period
PRU,Perseus Mining Limited,2250349.0,701226014.0,"Perseus Mining Limited, Q2 2021 Earnings Call, Jan 20, 2021",2021-01-20,355,0,0.0,2021–2022 Pre-ChatGPT Transition
PRU,Perseus Mining Limited,3504998.0,704434408.0,"Perseus Mining Limited, H1 2021 Earnings Call, Feb 24, 2021",2021-02-23,200,1,0.005,2021–2022 Pre-ChatGPT Transition
PRU,Perseus Mining Limited,2253396.0,711393263.0,"Perseus Mining Limited, Q3 2021 Earnings Call, Apr 19, 2021",2021-04-19,183,1,0.0054644808743169,2021–2022 Pre-ChatGPT Transition
PRU,Perseus Mining Limited,2348362.0,1673851192.0,"Perseus Mining Limited, Q4 2021 Earnings Call, Jul 21, 2021",2021-07-20,181,0,0.0,2021–2022 Pre-ChatGPT Transition
PRU,Perseus Mining Limited,2387343.0,1677871701.0,"Perseus Mining Limited, 2021 Earnings Call, Aug 26, 2021",2021-08-25,170,0,0.0,2021–2022 Pre-ChatGPT Transition
PRU,Perseus Mining Limited,2408369.0,1684910836.0,"Perseus Mining Limited, Q1 2022 Earnings Call, Oct 21, 2021",2021-10-20,197,0,0.0,2021–2022 Pre-ChatGPT Transition
PRU,Perseus Mining Limited,2476517.0,1764490381.0,"Perseus Mining Limited, Q2 2022 Earnings Call, Jan 25, 2022",2022-01-24,122,0,0.0,2021–2022 Pre-ChatGPT Transition
PRU,Perseus Mining Limited,2508536.0,1771429702.0,"Perseus Mining Limited, H1 2022 Earnings Call, Feb 23, 2022",2022-02-22,112,0,0.0,2021–2022 Pre-ChatGPT Transition
PRU,Perseus Mining Limited,2543969.0,1778223441.0,"Perseus Mining Limited, Q3 2022 Earnings Call, Apr 26, 2022",2022-04-25,205,0,0.0,2021–2022 Pre-ChatGPT Transition
PRU,Perseus Mining Limited,2603845.0,1792244536.0,"Perseus Mining Limited, Q4 2022 Earnings Call, Jul 25, 2022",2022-07-25,214,0,0.0,2021–2022 Pre-ChatGPT Transition
PRU,Perseus Mining Limited,2639892.0,1797488082.0,"Perseus Mining Limited, 2022 Earnings Call, Aug 31, 2022",2022-08-30,108,0,0.0,2021–2022 Pre-ChatGPT Transition
PRU,Perseus Mining Limited,2671514.0,1804306054.0,"Perseus Mining Limited, Q1 2023 Earnings Call, Oct 19, 2022",2022-10-19,348,0,0.0,2021–2022 Pre-ChatGPT Transition
PRU,Perseus Mining Limited,2721703.0,1821261195.0,"Perseus Mining Limited, Q2 2023 Earnings Call, Jan 24, 2023",2023-01-23,183,0,0.0,2023 Initial GenAI Surge
PRU,Perseus Mining Limited,2747997.0,1825671394.0,"Perseus Mining Limited, H1 2023 Earnings Call, Feb 23, 2023",2023-02-22,82,0,0.0,2023 Initial GenAI Surge
PRU,Perseus Mining Limited,2781582.0,1833100382.0,"Perseus Mining Limited, Q3 2023 Earnings Call, Apr 19, 2023",2023-04-18,332,0,0.0,2023 Initial GenAI Surge
PRU,Perseus Mining Limited,2858260.0,1848409890.0,"Perseus Mining Limited, Q4 2023 Earnings Call, Jul 25, 2023",2023-07-25,261,0,0.0,2023 Initial GenAI Surge
PRU,Perseus Mining Limited,2899588.0,1853334820.0,"Perseus Mining Limited, 2023 Earnings Call, Aug 31, 2023",2023-08-30,134,0,0.0,2023 Initial GenAI Surge
PRU,Perseus Mining Limited,2924460.0,1858742776.0,"Perseus Mining Limited, Q1 2024 Earnings Call, Oct 24, 2023",2023-10-23,233,0,0.0,2023 Initial GenAI Surge
PRU,Perseus Mining Limited,3002144.0,1868575062.0,"Perseus Mining Limited, Q2 2024 Earnings Call, Jan 23, 2024",2024-01-23,305,0,0.0,2024–2025 AI Adoption Period
PRU,Perseus Mining Limited,3034919.0,1869236862.0,"Perseus Mining Limited, H1 2024 Earnings Call, Feb 23, 2024",2024-02-22,114,0,0.0,2024–2025 AI Adoption Period
PRU,Perseus Mining Limited,3093842.0,1877663681.0,"Perseus Mining Limited, Q3 2024 Earnings Call, Apr 23, 2024",2024-04-23,267,0,0.0,2024–2025 AI Adoption Period
PRU,Perseus Mining Limited,3202879.0,1886901394.0,"Perseus Mining Limited, Q4 2024 Earnings Call, Jul 30, 2024",2024-07-29,228,0,0.0,2024–2025 AI Adoption Period
PRU,Perseus Mining Limited,3243412.0,1891493190.0,"Perseus Mining Limited, 2024 Earnings Call, Aug 28, 2024",2024-08-27,124,0,0.0,2024–2025 AI Adoption Period
PRU,Perseus Mining Limited,3286419.0,1899827303.0,"Perseus Mining Limited, Q1 2025 Earnings Call, Oct 22, 2024",2024-10-22,311,0,0.0,2024–2025 AI Adoption Period
PRU,Perseus Mining Limited,3361020.0,1915689955.0,"Perseus Mining Limited, Q2 2025 Earnings Call, Jan 29, 2025",2025-01-28,339,0,0.0,2024–2025 AI Adoption Period
PRU,Perseus Mining Limited,3382339.0,1928891375.0,"Perseus Mining Limited, H1 2025 Earnings Call, Feb 24, 2025",2025-02-23,207,0,0.0,2024–2025 AI Adoption Period
PRU,Perseus Mining Limited,3428906.0,1938285796.0,"Perseus Mining Limited, Q3 2025 Earnings Call, Apr 30, 2025",2025-04-29,409,0,0.0,2024–2025 AI Adoption Period
PRU,Perseus Mining Limited,3505140.0,1952654271.0,"Perseus Mining Limited, Q4 2025 Earnings Call, Jul 28, 2025",2025-07-27,406,0,0.0,2024–2025 AI Adoption Period
PRU,Perseus Mining Limited,3541163.0,1954787520.0,"Perseus Mining Limited, 2025 Earnings Call, Aug 28, 2025",2025-08-27,191,0,0.0,2024–2025 AI Adoption Period
PRU,Perseus Mining Limited,3629630.0,1963394792.0,"Perseus Mining Limited, Q1 2026 Earnings Call, Oct 27, 2025",2025-10-26,261,1,0.003831417624521,2024–2025 AI Adoption Period
DGX,Quest Diagnostics Incorporated,2251880.0,700244213.0,"Quest Diagnostics Incorporated, Q4 2020 Earnings Call, Feb 04, 2021",2021-02-04,586,0,0.0,2021–2022 Pre-ChatGPT Transition
DGX,Quest Diagnostics Incorporated,2255621.0,709340991.0,"Quest Diagnostics Incorporated, Q1 2021 Earnings Call, Apr 22, 2021",2021-04-22,484,0,0.0,2021–2022 Pre-ChatGPT Transition
DGX,Quest Diagnostics Incorporated,2350565.0,1673162773.0,"Quest Diagnostics Incorporated, Q2 2021 Earnings Call, Jul 22, 2021",2021-07-22,490,0,0.0,2021–2022 Pre-ChatGPT Transition
DGX,Quest Diagnostics Incorporated,2409008.0,1683399369.0,"Quest Diagnostics Incorporated, Q3 2021 Earnings Call, Oct 21, 2021",2021-10-21,478,0,0.0,2021–2022 Pre-ChatGPT Transition
DGX,Quest Diagnostics Incorporated,2484611.0,1763602301.0,"Quest Diagnostics Incorporated, Q4 2021 Earnings Call, Feb 03, 2022",2022-02-03,810,4,0.0049382716049382,2021–2022 Pre-ChatGPT Transition
DGX,Quest Diagnostics Incorporated,2558438.0,1775495144.0,"Quest Diagnostics Incorporated, Q1 2022 Earnings Call, Apr 21, 2022",2022-04-21,620,1,0.0016129032258064,2021–2022 Pre-ChatGPT Transition
DGX,Quest Diagnostics Incorporated,2602225.0,1786055100.0,"Quest Diagnostics Incorporated, Q2 2022 Earnings Call, Jul 21, 2022",2022-07-21,624,1,0.0016025641025641,2021–2022 Pre-ChatGPT Transition
DGX,Quest Diagnostics Incorporated,2659728.0,1802039441.0,"Quest Diagnostics Incorporated, Q3 2022 Earnings Call, Oct 20, 2022",2022-10-20,511,1,0.0019569471624266,2021–2022 Pre-ChatGPT Transition
DGX,Quest Diagnostics Incorporated,2727821.0,1818593606.0,"Quest Diagnostics Incorporated, Q4 2022 Earnings Call, Feb 02, 2023",2023-02-02,449,2,0.0044543429844097,2023 Initial GenAI Surge
DGX,Quest Diagnostics Incorporated,2788662.0,1832120998.0,"Quest Diagnostics Incorporated, Q1 2023 Earnings Call, Apr 27, 2023",2023-04-27,413,0,0.0,2023 Initial GenAI Surge
DGX,Quest Diagnostics Incorporated,2888299.0,1844730716.0,"Quest Diagnostics Incorporated, Q2 2023 Earnings Call, Jul 26, 2023",2023-07-26,435,8,0.0183908045977011,2023 Initial GenAI Surge
DGX,Quest Diagnostics Incorporated,3242266.0,1855363877.0,"Quest Diagnostics Incorporated, Q3 2023 Earnings Call, Oct 24, 2023",2023-10-24,428,3,0.0070093457943925,2023 Initial GenAI Surge
DGX,Quest Diagnostics Incorporated,3009612.0,1868658447.0,"Quest Diagnostics Incorporated, Q4 2023 Earnings Call, Feb 01, 2024",2024-02-01,407,13,0.0319410319410319,2024–2025 AI Adoption Period
DGX,Quest Diagnostics Incorporated,3093121.0,1875135559.0,"Quest Diagnostics Incorporated, Q1 2024 Earnings Call, Apr 23, 2024",2024-04-23,418,5,0.0119617224880382,2024–2025 AI Adoption Period
DGX,Quest Diagnostics Incorporated,3192682.0,1885180331.0,"Quest Diagnostics Incorporated, Q2 2024 Earnings Call, Jul 23, 2024",2024-07-23,511,9,0.0176125244618395,2024–2025 AI Adoption Period
DGX,Quest Diagnostics Incorporated,3286083.0,1897138720.0,"Quest Diagnostics Incorporated, Q3 2024 Earnings Call, Oct 22, 2024",2024-10-22,458,6,0.0131004366812227,2024–2025 AI Adoption Period
DGX,Quest Diagnostics Incorporated,3376101.0,1914759792.0,"Quest Diagnostics Incorporated, Q4 2024 Earnings Call, Jan 30, 2025",2025-01-30,431,4,0.0092807424593967,2024–2025 AI Adoption Period
DGX,Quest Diagnostics Incorporated,3421746.0,1934440280.0,"Quest Diagnostics Incorporated, Q1 2025 Earnings Call, Apr 22, 2025",2025-04-22,434,7,0.0161290322580645,2024–2025 AI Adoption Period
DGX,Quest Diagnostics Incorporated,3500716.0,1949693186.0,"Quest Diagnostics Incorporated, Q2 2025 Earnings Call, Jul 22, 2025",2025-07-22,412,2,0.0048543689320388,2024–2025 AI Adoption Period
DGX,Quest Diagnostics Incorporated,3617753.0,1961966371.0,"Quest Diagnostics Incorporated, Q3 2025 Earnings Call, Oct 21, 2025",2025-10-21,455,2,0.0043956043956043,2024–2025 AI Adoption Period
RSG,Resolute Mining Limited,2255258.0,702376254.0,"Resolute Mining Limited, Q4 2020 Earnings Call, Jan 28, 2021",2021-01-28,200,0,0.0,2021–2022 Pre-ChatGPT Transition
RSG,Resolute Mining Limited,2226643.0,705734560.0,"Resolute Mining Limited, 2020 Earnings Call, Mar 01, 2021",2021-03-01,319,0,0.0,2021–2022 Pre-ChatGPT Transition
RSG,Resolute Mining Limited,2266428.0,713073402.0,"Resolute Mining Limited, Q1 2021 Earnings Call, Apr 29, 2021",2021-04-29,259,0,0.0,2021–2022 Pre-ChatGPT Transition
RSG,Resolute Mining Limited,2493190.0,1675405504.0,"Resolute Mining Limited, H1 2021 Earnings Call, Jul 29, 2021",2021-07-29,275,0,0.0,2021–2022 Pre-ChatGPT Transition
RSG,Resolute Mining Limited,2387419.0,1679368627.0,"Resolute Mining Limited, H1 2021 Earnings Call, Aug 27, 2021",2021-08-27,227,0,0.0,2021–2022 Pre-ChatGPT Transition
RSG,Resolute Mining Limited,2418885.0,1686365878.0,"Resolute Mining Limited, Q3 2021 Earnings Call, Oct 29, 2021",2021-10-28,304,0,0.0,2021–2022 Pre-ChatGPT Transition
RSG,Resolute Mining Limited,2418845.0,1686366021.0,"Resolute Mining Limited, Q3 2021 Earnings Call, Oct 29, 2021",2021-10-29,218,0,0.0,2021–2022 Pre-ChatGPT Transition
RSG,Resolute Mining Limited,2505019.0,1772147619.0,"Resolute Mining Limited, 2021 Earnings Call, Feb 24, 2022",2022-02-24,260,0,0.0,2021–2022 Pre-ChatGPT Transition
RSG,Resolute Mining Limited,2558584.0,1780546722.0,"Resolute Mining Limited, Q1 2022 Earnings Call, Apr 28, 2022",2022-04-28,212,0,0.0,2021–2022 Pre-ChatGPT Transition
RSG,Resolute Mining Limited,2606633.0,1793095295.0,"Resolute Mining Limited, Q2 2022 Earnings Call, Jul 28, 2022",2022-07-28,412,0,0.0,2021–2022 Pre-ChatGPT Transition
RSG,Resolute Mining Limited,2638535.0,1797573251.0,"Resolute Mining Limited, H1 2022 Earnings Call, Aug 25, 2022",2022-08-25,217,0,0.0,2021–2022 Pre-ChatGPT Transition
RSG,Resolute Mining Limited,2665412.0,1806045841.0,"Resolute Mining Limited, Q3 2022 Earnings Call, Oct 27, 2022",2022-10-27,270,0,0.0,2021–2022 Pre-ChatGPT Transition
RSG,Resolute Mining Limited,2725887.0,1823454011.0,"Resolute Mining Limited, Q4 2022 Earnings Call, Jan 31, 2023",2023-01-31,291,0,0.0,2023 Initial GenAI Surge
RSG,Resolute Mining Limited,2753004.0,1826964846.0,"Resolute Mining Limited, 2022 Earnings Call, Feb 24, 2023",2023-02-24,206,0,0.0,2023 Initial GenAI Surge
RSG,Resolute Mining Limited,2787639.0,1833794245.0,"Resolute Mining Limited, Q1 2023 Earnings Call, Apr 27, 2023",2023-04-27,334,0,0.0,2023 Initial GenAI Surge
RSG,Resolute Mining Limited,2860310.0,1848903608.0,"Resolute Mining Limited, Q2 2023 Earnings Call, Jul 27, 2023",2023-07-27,371,0,0.0,2023 Initial GenAI Surge
RSG,Resolute Mining Limited,3010534.0,1869672871.0,"Resolute Mining Limited, Q4 2023 Earnings Call, Jan 31, 2024",2024-01-31,444,0,0.0,2024–2025 AI Adoption Period
RSG,Resolute Mining Limited,3350479.0,1879168485.0,"Resolute Mining Limited, Q1 2024 Earnings Call, Apr 30, 2024",2024-04-30,299,0,0.0,2024–2025 AI Adoption Period
RSG,Resolute Mining Limited,3201831.0,1888500579.0,"Resolute Mining Limited, Q2 2024 Earnings Call, Jul 29, 2024",2024-07-29,380,0,0.0,2024–2025 AI Adoption Period
RSG,Resolute Mining Limited,3293144.0,1901278037.0,"Resolute Mining Limited, Q3 2024 Earnings Call, Oct 29, 2024",2024-10-29,453,0,0.0,2024–2025 AI Adoption Period
RSG,Resolute Mining Limited,3364224.0,1917810754.0,"Resolute Mining Limited, Q4 2024 Earnings Call, Jan 30, 2025",2025-01-30,363,0,0.0,2024–2025 AI Adoption Period
RSG,Resolute Mining Limited,3437597.0,1939926442.0,"Resolute Mining Limited, Q1 2025 Earnings Call, Apr 24, 2025",2025-04-24,184,0,0.0,2024–2025 AI Adoption Period
RSG,Resolute Mining Limited,3506912.0,1954405744.0,"Resolute Mining Limited, Q2 2025 Earnings Call, Jul 29, 2025",2025-07-29,330,0,0.0,2024–2025 AI Adoption Period
RSG,Resolute Mining Limited,3571506.0,1966921197.0,"Resolute Mining Limited, Q3 2025 Earnings Call, Oct 28, 2025",2025-10-28,290,0,0.0,2024–2025 AI Adoption Period
CRM,"Salesforce, Inc.",2224539.0,703287409.0,"salesforce.com, inc., Q4 2021 Earnings Call, Feb 25, 2021",2021-02-25,425,6,0.0141176470588235,2021–2022 Pre-ChatGPT Transition
CRM,"Salesforce, Inc.",2303296.0,713767705.0,"salesforce.com, inc., Q1 2022 Earnings Call, May 27, 2021",2021-05-27,587,0,0.0,2021–2022 Pre-ChatGPT Transition
CRM,"Salesforce, Inc.",2390205.0,1675928842.0,"salesforce.com, inc., Q2 2022 Earnings Call, Aug 25, 2021",2021-08-25,593,1,0.0016863406408094,2021–2022 Pre-ChatGPT Transition
CRM,"Salesforce, Inc.",2466892.0,1757478958.0,"salesforce.com, inc., Q3 2022 Earnings Call, Nov 30, 2021",2021-11-30,627,0,0.0,2021–2022 Pre-ChatGPT Transition
CRM,"Salesforce, Inc.",2513627.0,1769798103.0,"salesforce.com, inc., Q4 2022 Earnings Call, Mar 01, 2022",2022-03-01,572,1,0.0017482517482517,2021–2022 Pre-ChatGPT Transition
CRM,"Salesforce, Inc.",2582570.0,1782129396.0,"Salesforce, Inc., Q1 2023 Earnings Call, May 31, 2022",2022-05-31,510,1,0.0019607843137254,2021–2022 Pre-ChatGPT Transition
CRM,"Salesforce, Inc.",2637675.0,1794262677.0,"Salesforce, Inc., Q2 2023 Earnings Call, Aug 24, 2022",2022-08-24,533,2,0.0037523452157598,2021–2022 Pre-ChatGPT Transition
CRM,"Salesforce, Inc.",2701173.0,1814780856.0,"Salesforce, Inc., Q3 2023 Earnings Call, Nov 30, 2022",2022-11-30,552,1,0.0018115942028985,2023 Initial GenAI Surge
CRM,"Salesforce, Inc.",2755341.0,1824931290.0,"Salesforce, Inc., 2023 Earnings Call, Mar 01, 2023",2023-03-01,554,10,0.0180505415162454,2023 Initial GenAI Surge
CRM,"Salesforce, Inc.",2829184.0,1837438307.0,"Salesforce, Inc., Q1 2024 Earnings Call, May 31, 2023",2023-05-31,552,117,0.2119565217391304,2023 Initial GenAI Surge
CRM,"Salesforce, Inc.",2899766.0,1852214157.0,"Salesforce, Inc., Q2 2024 Earnings Call, Aug 30, 2023",2023-08-30,558,100,0.1792114695340501,2023 Initial GenAI Surge
CRM,"Salesforce, Inc.",2978043.0,1861580645.0,"Salesforce, Inc., Q3 2024 Earnings Call, Nov 29, 2023",2023-11-29,607,68,0.1120263591433278,2023 Initial GenAI Surge
CRM,"Salesforce, Inc.",3272565.0,1871129643.0,"Salesforce, Inc., Q4 2024 Earnings Call, Feb 28, 2024",2024-02-28,735,111,0.1510204081632653,2024–2025 AI Adoption Period
CRM,"Salesforce, Inc.",3259675.0,1880491098.0,"Salesforce, Inc., Q1 2025 Earnings Call, May 29, 2024",2024-05-29,520,67,0.1288461538461538,2024–2025 AI Adoption Period
CRM,"Salesforce, Inc.",3252550.0,1890653769.0,"Salesforce, Inc., Q2 2025 Earnings Call, Aug 28, 2024",2024-08-28,578,52,0.0899653979238754,2024–2025 AI Adoption Period
CRM,"Salesforce, Inc.",3338589.0,1903779416.0,"Salesforce, Inc., Q3 2025 Earnings Call, Dec 03, 2024",2024-12-03,476,35,0.0735294117647058,2024–2025 AI Adoption Period
CRM,"Salesforce, Inc.",3414898.0,1930165343.0,"Salesforce, Inc., Q4 2025 Earnings Call, Feb 26, 2025",2025-02-26,628,27,0.0429936305732484,2024–2025 AI Adoption Period
CRM,"Salesforce, Inc.",3471731.0,1942600543.0,"Salesforce, Inc., Q1 2026 Earnings Call, May 28, 2025",2025-05-28,808,47,0.0581683168316831,2024–2025 AI Adoption Period
CRM,"Salesforce, Inc.",3543464.0,1956042870.0,"Salesforce, Inc., Q2 2026 Earnings Call, Sep 03, 2025",2025-09-03,688,41,0.0595930232558139,2024–2025 AI Adoption Period
CRM,"Salesforce, Inc.",3613323.0,1969075553.0,"Salesforce, Inc., Q3 2026 Earnings Call, Dec 03, 2025",2025-12-03,672,48,0.0714285714285714,2024–2025 AI Adoption Period
STT,State Street Corporation,2175443.0,699258340.0,"State Street Corporation, Q4 2020 Earnings Call, Jan 19, 2021",2021-01-19,476,0,0.0,2021–2022 Pre-ChatGPT Transition
STT,State Street Corporation,2252628.0,707885880.0,"State Street Corporation, Q1 2021 Earnings Call, Apr 16, 2021",2021-04-16,690,0,0.0,2021–2022 Pre-ChatGPT Transition
STT,State Street Corporation,2347311.0,718779759.0,"State Street Corporation, Q2 2021 Earnings Call, Jul 16, 2021",2021-07-16,684,1,0.0014619883040935,2021–2022 Pre-ChatGPT Transition
STT,State Street Corporation,2407090.0,1682227310.0,"State Street Corporation, Q3 2021 Earnings Call, Oct 18, 2021",2021-10-18,718,1,0.0013927576601671,2021–2022 Pre-ChatGPT Transition
STT,State Street Corporation,2482565.0,1763265618.0,"State Street Corporation, Q4 2021 Earnings Call, Jan 19, 2022",2022-01-19,606,0,0.0,2021–2022 Pre-ChatGPT Transition
STT,State Street Corporation,2542138.0,1775311843.0,"State Street Corporation, Q1 2022 Earnings Call, Apr 14, 2022",2022-04-14,550,1,0.0018181818181818,2021–2022 Pre-ChatGPT Transition
STT,State Street Corporation,2600146.0,1788648604.0,"State Street Corporation, Q2 2022 Earnings Call, Jul 15, 2022",2022-07-15,626,0,0.0,2021–2022 Pre-ChatGPT Transition
STT,State Street Corporation,2658384.0,1800100713.0,"State Street Corporation, Q3 2022 Earnings Call, Oct 18, 2022",2022-10-18,644,0,0.0,2021–2022 Pre-ChatGPT Transition
STT,State Street Corporation,2719991.0,1819311061.0,"State Street Corporation, Q4 2022 Earnings Call, Jan 20, 2023",2023-01-20,714,0,0.0,2023 Initial GenAI Surge
STT,State Street Corporation,2781056.0,1828408116.0,"State Street Corporation, Q1 2023 Earnings Call, Apr 17, 2023",2023-04-17,610,0,0.0,2023 Initial GenAI Surge
STT,State Street Corporation,2852290.0,1843252864.0,"State Street Corporation, Q2 2023 Earnings Call, Jul 14, 2023",2023-07-14,474,0,0.0,2023 Initial GenAI Surge
STT,State Street Corporation,2921812.0,1856025148.0,"State Street Corporation, Q3 2023 Earnings Call, Oct 18, 2023",2023-10-18,690,0,0.0,2023 Initial GenAI Surge
STT,State Street Corporation,2998584.0,1864367507.0,"State Street Corporation, Q4 2023 Earnings Call, Jan 19, 2024",2024-01-19,748,1,0.0013368983957219,2024–2025 AI Adoption Period
STT,State Street Corporation,3247191.0,1874194973.0,"State Street Corporation, Q1 2024 Earnings Call, Apr 12, 2024",2024-04-12,486,2,0.0041152263374485,2024–2025 AI Adoption Period
STT,State Street Corporation,3278145.0,1882488236.0,"State Street Corporation, Q2 2024 Earnings Call, Jul 16, 2024",2024-07-16,516,0,0.0,2024–2025 AI Adoption Period
STT,State Street Corporation,3283872.0,1892435318.0,"State Street Corporation, Q3 2024 Earnings Call, Oct 15, 2024",2024-10-15,447,0,0.0,2024–2025 AI Adoption Period
STT,State Street Corporation,3357277.0,1911833860.0,"State Street Corporation, Q4 2024 Earnings Call, Jan 17, 2025",2025-01-17,251,0,0.0,2024–2025 AI Adoption Period
STT,State Street Corporation,3358546.0,1917177241.0,"State Street Corporation, Q4 2024 Earnings Call, Jan 22, 2025",2025-01-22,459,13,0.0283224400871459,2024–2025 AI Adoption Period
STT,State Street Corporation,3420044.0,1936176054.0,"State Street Corporation, Q1 2025 Earnings Call, Apr 17, 2025",2025-04-17,524,0,0.0,2024–2025 AI Adoption Period
STT,State Street Corporation,3497406.0,1941748474.0,"State Street Corporation, Q2 2025 Earnings Call, Jul 15, 2025",2025-07-15,515,1,0.0019417475728155,2024–2025 AI Adoption Period
STT,State Street Corporation,3618947.0,1960750475.0,"State Street Corporation, Q3 2025 Earnings Call, Oct 17, 2025",2025-10-17,462,3,0.0064935064935064,2024–2025 AI Adoption Period
TKO,Taseko Mines Limited,2224634.0,704902647.0,"Taseko Mines Limited, 2020 Earnings Call, Feb 25, 2021",2021-02-25,268,0,0.0,2021–2022 Pre-ChatGPT Transition
TKO,Taseko Mines Limited,2273727.0,712774891.0,"Taseko Mines Limited, Q1 2021 Earnings Call, May 06, 2021",2021-05-06,255,0,0.0,2021–2022 Pre-ChatGPT Transition
TKO,Taseko Mines Limited,2390979.0,1671512713.0,"Taseko Mines Limited, Q2 2021 Earnings Call, Aug 05, 2021",2021-08-05,216,2,0.0092592592592592,2021–2022 Pre-ChatGPT Transition
TKO,Taseko Mines Limited,2426276.0,1685636098.0,"Taseko Mines Limited, Q3 2021 Earnings Call, Nov 04, 2021",2021-11-04,181,0,0.0,2021–2022 Pre-ChatGPT Transition
TKO,Taseko Mines Limited,2456017.0,1687072655.0,"Taseko Mines Limited, Q3 2021 Earnings Call, Nov 08, 2021",2021-11-08,300,0,0.0,2021–2022 Pre-ChatGPT Transition
TKO,Taseko Mines Limited,2514378.0,1767375984.0,"Taseko Mines Limited, Q4 2021 Earnings Call, Feb 23, 2022",2022-02-23,252,0,0.0,2021–2022 Pre-ChatGPT Transition
TKO,Taseko Mines Limited,2556826.0,1778096550.0,"Taseko Mines Limited, Q1 2022 Earnings Call, May 05, 2022",2022-05-05,230,0,0.0,2021–2022 Pre-ChatGPT Transition
TKO,Taseko Mines Limited,2652269.0,1794022940.0,"Taseko Mines Limited, Q2 2022 Earnings Call, Aug 09, 2022",2022-08-09,299,0,0.0,2021–2022 Pre-ChatGPT Transition
TKO,Taseko Mines Limited,2676091.0,1805442306.0,"Taseko Mines Limited, Q3 2022 Earnings Call, Nov 04, 2022",2022-11-04,286,0,0.0,2021–2022 Pre-ChatGPT Transition
TKO,Taseko Mines Limited,2751152.0,1827161801.0,"Taseko Mines Limited, Q4 2022 Earnings Call, Feb 24, 2023",2023-02-24,201,0,0.0,2023 Initial GenAI Surge
TKO,Taseko Mines Limited,2796698.0,1836841333.0,"Taseko Mines Limited, Q1 2023 Earnings Call, May 04, 2023",2023-05-04,158,0,0.0,2023 Initial GenAI Surge
TKO,Taseko Mines Limited,3119408.0,1849124434.0,"Taseko Mines Limited, Q2 2023 Earnings Call, Aug 03, 2023",2023-08-03,255,0,0.0,2023 Initial GenAI Surge
TKO,Taseko Mines Limited,2986203.0,1860197279.0,"Taseko Mines Limited, Q3 2023 Earnings Call, Nov 02, 2023",2023-11-02,151,0,0.0,2023 Initial GenAI Surge
TKO,Taseko Mines Limited,3075369.0,1871647484.0,"Taseko Mines Limited, Q4 2023 Earnings Call, Mar 08, 2024",2024-03-08,173,0,0.0,2024–2025 AI Adoption Period
TKO,Taseko Mines Limited,3107374.0,1879670592.0,"Taseko Mines Limited, Q1 2024 Earnings Call, May 02, 2024",2024-05-02,194,0,0.0,2024–2025 AI Adoption Period
TKO,Taseko Mines Limited,3209093.0,1888439306.0,"Taseko Mines Limited, Q2 2024 Earnings Call, Aug 01, 2024",2024-08-01,228,0,0.0,2024–2025 AI Adoption Period
TKO,Taseko Mines Limited,3302209.0,1902148464.0,"Taseko Mines Limited, Q3 2024 Earnings Call, Nov 07, 2024",2024-11-07,180,0,0.0,2024–2025 AI Adoption Period
TKO,Taseko Mines Limited,3379287.0,1931164229.0,"Taseko Mines Limited, Q4 2024 Earnings Call, Feb 20, 2025",2025-02-20,185,0,0.0,2024–2025 AI Adoption Period
TKO,Taseko Mines Limited,3437396.0,1940383219.0,"Taseko Mines Limited, Q1 2025 Earnings Call, May 02, 2025",2025-05-02,142,0,0.0,2024–2025 AI Adoption Period
TKO,Taseko Mines Limited,3519184.0,1954679210.0,"Taseko Mines Limited, Q2 2025 Earnings Call, Aug 07, 2025",2025-08-07,199,1,0.0050251256281407,2024–2025 AI Adoption Period
TKO,Taseko Mines Limited,3591870.0,1969556188.0,"Taseko Mines Limited, Q3 2025 Earnings Call, Nov 13, 2025",2025-11-13,173,0,0.0,2024–2025 AI Adoption Period
AES,The AES Corporation,2223874.0,702197660.0,"The AES Corporation, Q4 2020 Earnings Call, Feb 25, 2021",2021-02-25,319,2,0.006269592476489,2021–2022 Pre-ChatGPT Transition
AES,The AES Corporation,2272534.0,710503723.0,"The AES Corporation, Q1 2021 Earnings Call, May 06, 2021",2021-05-06,349,2,0.0057306590257879,2021–2022 Pre-ChatGPT Transition
AES,The AES Corporation,2364770.0,1673159829.0,"The AES Corporation, Q2 2021 Earnings Call, Aug 05, 2021",2021-08-05,276,0,0.0,2021–2022 Pre-ChatGPT Transition
AES,The AES Corporation,2455857.0,1684281081.0,"The AES Corporation, Q3 2021 Earnings Call, Nov 04, 2021",2021-11-04,403,0,0.0,2021–2022 Pre-ChatGPT Transition
AES,The AES Corporation,2508269.0,1765361058.0,"The AES Corporation, Q4 2021 Earnings Call, Feb 25, 2022",2022-02-25,514,0,0.0,2021–2022 Pre-ChatGPT Transition
AES,The AES Corporation,2557668.0,1777252071.0,"The AES Corporation, Q1 2022 Earnings Call, May 06, 2022",2022-05-06,614,0,0.0,2021–2022 Pre-ChatGPT Transition
AES,The AES Corporation,2620968.0,1789739035.0,"The AES Corporation, Q2 2022 Earnings Call, Aug 05, 2022",2022-08-05,478,0,0.0,2021–2022 Pre-ChatGPT Transition
AES,The AES Corporation,2676531.0,1803036181.0,"The AES Corporation, Q3 2022 Earnings Call, Nov 04, 2022",2022-11-04,466,0,0.0,2021–2022 Pre-ChatGPT Transition
AES,The AES Corporation,2752068.0,1823280569.0,"The AES Corporation, Q4 2022 Earnings Call, Feb 27, 2023",2023-02-27,522,0,0.0,2023 Initial GenAI Surge
AES,The AES Corporation,2796234.0,1832254569.0,"The AES Corporation, Q1 2023 Earnings Call, May 05, 2023",2023-05-05,432,0,0.0,2023 Initial GenAI Surge
AES,The AES Corporation,2871009.0,1846948482.0,"The AES Corporation, Q2 2023 Earnings Call, Aug 04, 2023",2023-08-04,523,5,0.0095602294455066,2023 Initial GenAI Surge
AES,The AES Corporation,2935838.0,1857975066.0,"The AES Corporation, Q3 2023 Earnings Call, Nov 03, 2023",2023-11-03,521,4,0.0076775431861804,2023 Initial GenAI Surge
AES,The AES Corporation,3041180.0,1869584034.0,"The AES Corporation, Q4 2023 Earnings Call, Feb 27, 2024",2024-02-27,463,3,0.0064794816414686,2024–2025 AI Adoption Period
AES,The AES Corporation,3109365.0,1877111472.0,"The AES Corporation, Q1 2024 Earnings Call, May 03, 2024",2024-05-03,499,3,0.0060120240480961,2024–2025 AI Adoption Period
AES,The AES Corporation,3211095.0,1886474352.0,"The AES Corporation, Q2 2024 Earnings Call, Aug 02, 2024",2024-08-02,544,9,0.0165441176470588,2024–2025 AI Adoption Period
AES,The AES Corporation,3296889.0,1899173173.0,"The AES Corporation, Q3 2024 Earnings Call, Nov 01, 2024",2024-11-01,564,2,0.0035460992907801,2024–2025 AI Adoption Period
AES,The AES Corporation,3388750.0,1928887207.0,"The AES Corporation, Q4 2024 Earnings Call, Feb 28, 2025",2025-02-28,476,2,0.0042016806722689,2024–2025 AI Adoption Period
AES,The AES Corporation,3437474.0,1937716591.0,"The AES Corporation, Q1 2025 Earnings Call, May 02, 2025",2025-05-02,451,1,0.0022172949002217,2024–2025 AI Adoption Period
AES,The AES Corporation,3512452.0,1951481624.0,"The AES Corporation, Q2 2025 Earnings Call, Aug 01, 2025",2025-08-01,452,3,0.0066371681415929,2024–2025 AI Adoption Period
AES,The AES Corporation,3597351.0,1963784347.0,"The AES Corporation, Q3 2025 Earnings Call, Nov 05, 2025",2025-11-05,389,0,0.0,2024–2025 AI Adoption Period
ALL,The Allstate Corporation,2192029.0,642897835.0,"The Allstate Corporation, Q4 2020 Earnings Call, Feb 04, 2021",2021-02-04,529,0,0.0,2021–2022 Pre-ChatGPT Transition
ALL,The Allstate Corporation,2273416.0,710027102.0,"The Allstate Corporation, Q1 2021 Earnings Call, May 06, 2021",2021-05-06,527,0,0.0,2021–2022 Pre-ChatGPT Transition
ALL,The Allstate Corporation,2364923.0,711316608.0,"The Allstate Corporation, Q2 2021 Earnings Call, Aug 05, 2021",2021-08-05,506,0,0.0,2021–2022 Pre-ChatGPT Transition
ALL,The Allstate Corporation,2425695.0,711316754.0,"The Allstate Corporation, Q3 2021 Earnings Call, Nov 04, 2021",2021-11-04,453,0,0.0,2021–2022 Pre-ChatGPT Transition
ALL,The Allstate Corporation,2489662.0,711316672.0,"The Allstate Corporation, Q4 2021 Earnings Call, Feb 03, 2022",2022-02-03,470,0,0.0,2021–2022 Pre-ChatGPT Transition
ALL,The Allstate Corporation,2555368.0,1683350780.0,"The Allstate Corporation, Q1 2022 Earnings Call, May 05, 2022",2022-05-05,436,0,0.0,2021–2022 Pre-ChatGPT Transition
ALL,The Allstate Corporation,2615764.0,1683350975.0,"The Allstate Corporation, Q2 2022 Earnings Call, Aug 04, 2022",2022-08-04,490,1,0.0020408163265306,2021–2022 Pre-ChatGPT Transition
ALL,The Allstate Corporation,3055319.0,1683351117.0,"The Allstate Corporation, Q3 2022 Earnings Call, Nov 03, 2022",2022-11-03,494,0,0.0,2021–2022 Pre-ChatGPT Transition
ALL,The Allstate Corporation,3056729.0,1683351158.0,"The Allstate Corporation, Q4 2022 Earnings Call, Feb 02, 2023",2023-02-02,516,0,0.0,2023 Initial GenAI Surge
ALL,The Allstate Corporation,2794995.0,1813066038.0,"The Allstate Corporation, Q1 2023 Earnings Call, May 04, 2023",2023-05-04,503,0,0.0,2023 Initial GenAI Surge
ALL,The Allstate Corporation,2866200.0,1813066065.0,"The Allstate Corporation, Q2 2023 Earnings Call, Aug 02, 2023",2023-08-02,473,1,0.0021141649048625,2023 Initial GenAI Surge
ALL,The Allstate Corporation,3221458.0,1813066095.0,"The Allstate Corporation, Q3 2023 Earnings Call, Nov 02, 2023",2023-11-02,542,1,0.0018450184501845,2023 Initial GenAI Surge
ALL,The Allstate Corporation,3016831.0,1857064713.0,"The Allstate Corporation, Q4 2023 Earnings Call, Feb 08, 2024",2024-02-08,521,0,0.0,2024–2025 AI Adoption Period
ALL,The Allstate Corporation,3107974.0,1857064787.0,"The Allstate Corporation, Q1 2024 Earnings Call, May 02, 2024",2024-05-02,512,1,0.001953125,2024–2025 AI Adoption Period
ALL,The Allstate Corporation,3208254.0,1857064761.0,"The Allstate Corporation, Q2 2024 Earnings Call, Aug 01, 2024",2024-08-01,550,1,0.0018181818181818,2024–2025 AI Adoption Period
ALL,The Allstate Corporation,3295549.0,1857064741.0,"The Allstate Corporation, Q3 2024 Earnings Call, Oct 31, 2024",2024-10-31,573,1,0.0017452006980802,2024–2025 AI Adoption Period
ALL,The Allstate Corporation,3367588.0,1857063888.0,"The Allstate Corporation, Q4 2024 Earnings Call, Feb 06, 2025",2025-02-06,534,0,0.0,2024–2025 AI Adoption Period
ALL,The Allstate Corporation,3432753.0,1937002105.0,"The Allstate Corporation, Q1 2025 Earnings Call, May 01, 2025",2025-05-01,565,0,0.0,2024–2025 AI Adoption Period
ALL,The Allstate Corporation,3560372.0,1951307752.0,"The Allstate Corporation, Q2 2025 Earnings Call, Jul 31, 2025",2025-07-31,557,1,0.0017953321364452,2024–2025 AI Adoption Period
ALL,The Allstate Corporation,3603865.0,1963847290.0,"The Allstate Corporation, Q3 2025 Earnings Call, Nov 06, 2025",2025-11-06,581,11,0.0189328743545611,2024–2025 AI Adoption Period
BK,The Bank of New York Mellon Corporation,2251558.0,694064705.0,"The Bank of New York Mellon Corporation, Q4 2020 Earnings Call, Jan 20, 2021",2021-01-20,545,0,0.0,2021–2022 Pre-ChatGPT Transition
BK,The Bank of New York Mellon Corporation,2253830.0,703282267.0,"The Bank of New York Mellon Corporation, Q1 2021 Earnings Call, Apr 16, 2021",2021-04-16,642,0,0.0,2021–2022 Pre-ChatGPT Transition
BK,The Bank of New York Mellon Corporation,2346773.0,703282625.0,"The Bank of New York Mellon Corporation, Q2 2021 Earnings Call, Jul 15, 2021",2021-07-15,492,0,0.0,2021–2022 Pre-ChatGPT Transition
BK,The Bank of New York Mellon Corporation,2408569.0,717243775.0,"The Bank of New York Mellon Corporation, Q3 2021 Earnings Call, Oct 19, 2021",2021-10-19,559,0,0.0,2021–2022 Pre-ChatGPT Transition
BK,The Bank of New York Mellon Corporation,2474296.0,1758249984.0,"The Bank of New York Mellon Corporation, Q4 2021 Earnings Call, Jan 18, 2022",2022-01-18,611,0,0.0,2021–2022 Pre-ChatGPT Transition
BK,The Bank of New York Mellon Corporation,2548405.0,1774648712.0,"The Bank of New York Mellon Corporation, Q1 2022 Earnings Call, Apr 18, 2022",2022-04-18,537,0,0.0,2021–2022 Pre-ChatGPT Transition
BK,The Bank of New York Mellon Corporation,2601049.0,1783548993.0,"The Bank of New York Mellon Corporation, Q2 2022 Earnings Call, Jul 15, 2022",2022-07-15,523,0,0.0,2021–2022 Pre-ChatGPT Transition
BK,The Bank of New York Mellon Corporation,2660296.0,1797751591.0,"The Bank of New York Mellon Corporation, Q3 2022 Earnings Call, Oct 17, 2022",2022-10-17,550,1,0.0018181818181818,2021–2022 Pre-ChatGPT Transition
BK,The Bank of New York Mellon Corporation,2719332.0,1815103005.0,"The Bank of New York Mellon Corporation, Q4 2022 Earnings Call, Jan 13, 2023",2023-01-13,536,0,0.0,2023 Initial GenAI Surge
BK,The Bank of New York Mellon Corporation,2782677.0,1827260114.0,"The Bank of New York Mellon Corporation, Q1 2023 Earnings Call, Apr 18, 2023",2023-04-18,683,0,0.0,2023 Initial GenAI Surge
BK,The Bank of New York Mellon Corporation,2855778.0,1837606294.0,"The Bank of New York Mellon Corporation, Q2 2023 Earnings Call, Jul 18, 2023",2023-07-18,622,0,0.0,2023 Initial GenAI Surge
BK,The Bank of New York Mellon Corporation,3064396.0,1851038053.0,"The Bank of New York Mellon Corporation, Q3 2023 Earnings Call, Oct 17, 2023",2023-10-17,707,1,0.0014144271570014,2023 Initial GenAI Surge
BK,The Bank of New York Mellon Corporation,2998690.0,1861762449.0,"The Bank of New York Mellon Corporation, Q4 2023 Earnings Call, Jan 12, 2024",2024-01-12,622,9,0.0144694533762057,2024–2025 AI Adoption Period
BK,The Bank of New York Mellon Corporation,3090918.0,1870355158.0,"The Bank of New York Mellon Corporation, Q1 2024 Earnings Call, Apr 16, 2024",2024-04-16,698,14,0.0200573065902578,2024–2025 AI Adoption Period
BK,The Bank of New York Mellon Corporation,3186958.0,1881347181.0,"The Bank of New York Mellon Corporation, Q2 2024 Earnings Call, Jul 12, 2024",2024-07-12,586,1,0.0017064846416382,2024–2025 AI Adoption Period
BK,The Bank of New York Mellon Corporation,3285299.0,1891353289.0,"The Bank of New York Mellon Corporation, Q3 2024 Earnings Call, Oct 11, 2024",2024-10-11,554,9,0.0162454873646209,2024–2025 AI Adoption Period
BK,The Bank of New York Mellon Corporation,3361471.0,1904101936.0,"The Bank of New York Mellon Corporation, Q4 2024 Earnings Call, Jan 15, 2025",2025-01-15,561,8,0.0142602495543672,2024–2025 AI Adoption Period
BK,The Bank of New York Mellon Corporation,3418751.0,1932091611.0,"The Bank of New York Mellon Corporation, Q1 2025 Earnings Call, Apr 11, 2025",2025-04-11,586,12,0.0204778156996587,2024–2025 AI Adoption Period
BK,The Bank of New York Mellon Corporation,3498175.0,1942981408.0,"The Bank of New York Mellon Corporation, Q2 2025 Earnings Call, Jul 15, 2025",2025-07-15,567,15,0.0264550264550264,2024–2025 AI Adoption Period
BK,The Bank of New York Mellon Corporation,3622393.0,1956512290.0,"The Bank of New York Mellon Corporation, Q3 2025 Earnings Call, Oct 16, 2025",2025-10-16,578,15,0.0259515570934256,2024–2025 AI Adoption Period
BA,The Boeing Company,2182400.0,700364866.0,"The Boeing Company, Q4 2020 Earnings Call, Jan 27, 2021",2021-01-27,614,0,0.0,2021–2022 Pre-ChatGPT Transition
BA,The Boeing Company,2260997.0,710567395.0,"The Boeing Company, Q1 2021 Earnings Call, Apr 28, 2021",2021-04-28,626,0,0.0,2021–2022 Pre-ChatGPT Transition
BA,The Boeing Company,2353071.0,1673275055.0,"The Boeing Company, Q2 2021 Earnings Call, Jul 28, 2021",2021-07-28,684,0,0.0,2021–2022 Pre-ChatGPT Transition
BA,The Boeing Company,2414339.0,1684508536.0,"The Boeing Company, Q3 2021 Earnings Call, Oct 27, 2021",2021-10-27,525,0,0.0,2021–2022 Pre-ChatGPT Transition
BA,The Boeing Company,2477775.0,1763359977.0,"The Boeing Company, Q4 2021 Earnings Call, Jan 26, 2022",2022-01-26,554,0,0.0,2021–2022 Pre-ChatGPT Transition
BA,The Boeing Company,2544975.0,1777260361.0,"The Boeing Company, Q1 2022 Earnings Call, Apr 27, 2022",2022-04-27,587,0,0.0,2021–2022 Pre-ChatGPT Transition
BA,The Boeing Company,2640862.0,1789869410.0,"The Boeing Company, Q2 2022 Earnings Call, Jul 27, 2022",2022-07-27,533,0,0.0,2021–2022 Pre-ChatGPT Transition
BA,The Boeing Company,2663948.0,1803452671.0,"The Boeing Company, Q3 2022 Earnings Call, Oct 26, 2022",2022-10-26,521,0,0.0,2021–2022 Pre-ChatGPT Transition
BA,The Boeing Company,2721421.0,1820693024.0,"The Boeing Company, Q4 2022 Earnings Call, Jan 25, 2023",2023-01-25,522,0,0.0,2023 Initial GenAI Surge
BA,The Boeing Company,2786434.0,1832233279.0,"The Boeing Company, Q1 2023 Earnings Call, Apr 26, 2023",2023-04-26,478,0,0.0,2023 Initial GenAI Surge
BA,The Boeing Company,2887878.0,1846935348.0,"The Boeing Company, Q2 2023 Earnings Call, Jul 26, 2023",2023-07-26,514,0,0.0,2023 Initial GenAI Surge
BA,The Boeing Company,2926040.0,1858075467.0,"The Boeing Company, Q3 2023 Earnings Call, Oct 25, 2023",2023-10-25,518,0,0.0,2023 Initial GenAI Surge
BA,The Boeing Company,3093081.0,1867425347.0,"The Boeing Company, Q4 2023 Earnings Call, Jan 31, 2024",2024-01-31,488,0,0.0,2024–2025 AI Adoption Period
BA,The Boeing Company,3095241.0,1877117752.0,"The Boeing Company, Q1 2024 Earnings Call, Apr 24, 2024",2024-04-24,459,0,0.0,2024–2025 AI Adoption Period
BA,The Boeing Company,3206263.0,1886654037.0,"The Boeing Company, Q2 2024 Earnings Call, Jul 31, 2024",2024-07-31,415,0,0.0,2024–2025 AI Adoption Period
BA,The Boeing Company,3287047.0,1899329181.0,"The Boeing Company, Q3 2024 Earnings Call, Oct 23, 2024",2024-10-23,509,0,0.0,2024–2025 AI Adoption Period
BA,The Boeing Company,3371155.0,1915496783.0,"The Boeing Company, Q4 2024 Earnings Call, Jan 28, 2025",2025-01-28,529,0,0.0,2024–2025 AI Adoption Period
BA,The Boeing Company,3422980.0,1937724617.0,"The Boeing Company, Q1 2025 Earnings Call, Apr 23, 2025",2025-04-23,487,0,0.0,2024–2025 AI Adoption Period
BA,The Boeing Company,3506951.0,1951594370.0,"The Boeing Company, Q2 2025 Earnings Call, Jul 29, 2025",2025-07-29,448,0,0.0,2024–2025 AI Adoption Period
BA,The Boeing Company,3574129.0,1962754854.0,"The Boeing Company, Q3 2025 Earnings Call, Oct 29, 2025",2025-10-29,493,0,0.0,2024–2025 AI Adoption Period
CPB,The Campbell's Company,2233987.0,705513187.0,"Campbell Soup Company, Q2 2021 Earnings Call, Mar 10, 2021",2021-03-10,418,0,0.0,2021–2022 Pre-ChatGPT Transition
CPB,The Campbell's Company,2314438.0,716401026.0,"Campbell Soup Company, Q3 2021 Earnings Call, Jun 09, 2021",2021-06-09,495,0,0.0,2021–2022 Pre-ChatGPT Transition
CPB,The Campbell's Company,2390364.0,1677947171.0,"Campbell Soup Company, Q4 2021 Earnings Call, Sep 01, 2021",2021-09-01,413,0,0.0,2021–2022 Pre-ChatGPT Transition
CPB,The Campbell's Company,2457029.0,1758822299.0,"Campbell Soup Company, Q1 2022 Earnings Call, Dec 08, 2021",2021-12-08,467,0,0.0,2021–2022 Pre-ChatGPT Transition
CPB,The Campbell's Company,2520666.0,1772279528.0,"Campbell Soup Company, Q2 2022 Earnings Call, Mar 09, 2022",2022-03-09,424,0,0.0,2021–2022 Pre-ChatGPT Transition
CPB,The Campbell's Company,2586178.0,1784626755.0,"Campbell Soup Company, Q3 2022 Earnings Call, Jun 08, 2022",2022-06-08,438,0,0.0,2021–2022 Pre-ChatGPT Transition
CPB,The Campbell's Company,2640703.0,1797187911.0,"Campbell Soup Company, Q4 2022 Earnings Call, Sep 01, 2022",2022-09-01,445,0,0.0,2021–2022 Pre-ChatGPT Transition
CPB,The Campbell's Company,2705043.0,1816125112.0,"Campbell Soup Company, Q1 2023 Earnings Call, Dec 07, 2022",2022-12-07,417,0,0.0,2023 Initial GenAI Surge
CPB,The Campbell's Company,2760363.0,1826901192.0,"Campbell Soup Company, Q2 2023 Earnings Call, Mar 08, 2023",2023-03-08,437,0,0.0,2023 Initial GenAI Surge
CPB,The Campbell's Company,2832749.0,1838504321.0,"Campbell Soup Company, Q3 2023 Earnings Call, Jun 07, 2023",2023-06-07,417,0,0.0,2023 Initial GenAI Surge
CPB,The Campbell's Company,3079528.0,1852956859.0,"Campbell Soup Company, Q4 2023 Earnings Call, Aug 31, 2023",2023-08-31,387,0,0.0,2023 Initial GenAI Surge
CPB,The Campbell's Company,2977283.0,1862468033.0,"Campbell Soup Company, Q1 2024 Earnings Call, Dec 06, 2023",2023-12-06,399,0,0.0,2023 Initial GenAI Surge
CPB,The Campbell's Company,3052762.0,1872295854.0,"Campbell Soup Company, Q2 2024 Earnings Call, Mar 06, 2024",2024-03-06,377,0,0.0,2024–2025 AI Adoption Period
CPB,The Campbell's Company,3152722.0,1881245800.0,"Campbell Soup Company, Q3 2024 Earnings Call, Jun 05, 2024",2024-06-05,402,0,0.0,2024–2025 AI Adoption Period
CPB,The Campbell's Company,3246005.0,1891296413.0,"Campbell Soup Company, Q4 2024 Earnings Call, Aug 29, 2024",2024-08-29,447,0,0.0,2024–2025 AI Adoption Period
CPB,The Campbell's Company,3330553.0,1904584527.0,"Campbell Soup Company, Q1 2025 Earnings Call, Dec 04, 2024",2024-12-04,451,0,0.0,2024–2025 AI Adoption Period
CPB,The Campbell's Company,3393262.0,1931765748.0,"The Campbell's Company, Q2 2025 Earnings Call, Mar 05, 2025",2025-03-05,415,0,0.0,2024–2025 AI Adoption Period
CPB,The Campbell's Company,3473099.0,1944076230.0,"The Campbell's Company, Q3 2025 Earnings Call, Jun 02, 2025",2025-06-02,420,0,0.0,2024–2025 AI Adoption Period
CPB,The Campbell's Company,3540769.0,1957581818.0,"The Campbell's Company, Q4 2025 Earnings Call, Sep 03, 2025",2025-09-03,439,0,0.0,2024–2025 AI Adoption Period
CPB,The Campbell's Company,3616779.0,1971148147.0,"The Campbell's Company, Q1 2026 Earnings Call, Dec 09, 2025",2025-12-09,422,0,0.0,2024–2025 AI Adoption Period
CI,The Cigna Group,2191948.0,700987896.0,"Cigna Corporation, Q4 2020 Earnings Call, Feb 04, 2021",2021-02-04,492,0,0.0,2021–2022 Pre-ChatGPT Transition
CI,The Cigna Group,2275856.0,711423707.0,"Cigna Corporation, Q1 2021 Earnings Call, May 07, 2021",2021-05-07,559,0,0.0,2021–2022 Pre-ChatGPT Transition
CI,The Cigna Group,2364820.0,1674100824.0,"Cigna Corporation, Q2 2021 Earnings Call, Aug 05, 2021",2021-08-05,561,0,0.0,2021–2022 Pre-ChatGPT Transition
CI,The Cigna Group,2428039.0,1685137099.0,"Cigna Corporation, Q3 2021 Earnings Call, Nov 04, 2021",2021-11-04,481,0,0.0,2021–2022 Pre-ChatGPT Transition
CI,The Cigna Group,2489086.0,1764187966.0,"Cigna Corporation, Q4 2021 Earnings Call, Feb 03, 2022",2022-02-03,617,0,0.0,2021–2022 Pre-ChatGPT Transition
CI,The Cigna Group,2559476.0,1778313441.0,"Cigna Corporation, Q1 2022 Earnings Call, May 06, 2022",2022-05-06,478,0,0.0,2021–2022 Pre-ChatGPT Transition
CI,The Cigna Group,2615899.0,1791194658.0,"Cigna Corporation, Q2 2022 Earnings Call, Aug 04, 2022",2022-08-04,514,0,0.0,2021–2022 Pre-ChatGPT Transition
CI,The Cigna Group,2673586.0,1804596691.0,"Cigna Corporation, Q3 2022 Earnings Call, Nov 03, 2022",2022-11-03,479,0,0.0,2021–2022 Pre-ChatGPT Transition
CI,The Cigna Group,2729191.0,1821553021.0,"Cigna Corporation, Q4 2022 Earnings Call, Feb 03, 2023",2023-02-03,484,0,0.0,2023 Initial GenAI Surge
CI,The Cigna Group,2796080.0,1833456477.0,"The Cigna Group, Q1 2023 Earnings Call, May 05, 2023",2023-05-05,508,0,0.0,2023 Initial GenAI Surge
CI,The Cigna Group,3125639.0,1847829966.0,"The Cigna Group, Q2 2023 Earnings Call, Aug 03, 2023",2023-08-03,454,1,0.0022026431718061,2023 Initial GenAI Surge
CI,The Cigna Group,2934023.0,1858856332.0,"The Cigna Group, Q3 2023 Earnings Call, Nov 02, 2023",2023-11-02,457,0,0.0,2023 Initial GenAI Surge
CI,The Cigna Group,3010681.0,1868088375.0,"The Cigna Group, Q4 2023 Earnings Call, Feb 02, 2024",2024-02-02,518,1,0.0019305019305019,2024–2025 AI Adoption Period
CI,The Cigna Group,3107007.0,1877832301.0,"The Cigna Group, Q1 2024 Earnings Call, May 02, 2024",2024-05-02,529,4,0.0075614366729678,2024–2025 AI Adoption Period
CI,The Cigna Group,3208374.0,1886650116.0,"The Cigna Group, Q2 2024 Earnings Call, Aug 01, 2024",2024-08-01,472,0,0.0,2024–2025 AI Adoption Period
CI,The Cigna Group,3295225.0,1886733632.0,"The Cigna Group, Q3 2024 Earnings Call, Oct 31, 2024",2024-10-31,517,1,0.0019342359767891,2024–2025 AI Adoption Period
CI,The Cigna Group,3362744.0,1916608175.0,"The Cigna Group, Q4 2024 Earnings Call, Jan 30, 2025",2025-01-30,473,0,0.0,2024–2025 AI Adoption Period
CI,The Cigna Group,3437119.0,1938090108.0,"The Cigna Group, Q1 2025 Earnings Call, May 02, 2025",2025-05-02,503,0,0.0,2024–2025 AI Adoption Period
CI,The Cigna Group,3509969.0,1949973981.0,"The Cigna Group, Q2 2025 Earnings Call, Jul 31, 2025",2025-07-31,481,6,0.0124740124740124,2024–2025 AI Adoption Period
CI,The Cigna Group,3576338.0,1962900714.0,"The Cigna Group, Q3 2025 Earnings Call, Oct 30, 2025",2025-10-30,497,0,0.0,2024–2025 AI Adoption Period
CLX,The Clorox Company,2192415.0,700178901.0,"The Clorox Company, Q2 2021 Earnings Call, Feb 04, 2021",2021-02-04,587,0,0.0,2021–2022 Pre-ChatGPT Transition
CLX,The Clorox Company,2265864.0,709670568.0,"The Clorox Company, Q3 2021 Earnings Call, Apr 30, 2021",2021-04-30,735,0,0.0,2021–2022 Pre-ChatGPT Transition
CLX,The Clorox Company,2361468.0,1672644685.0,"The Clorox Company, Q4 2021 Earnings Call, Aug 03, 2021",2021-08-03,683,0,0.0,2021–2022 Pre-ChatGPT Transition
CLX,The Clorox Company,2420731.0,1683344097.0,"The Clorox Company, Q1 2022 Earnings Call, Nov 01, 2021",2021-11-01,541,0,0.0,2021–2022 Pre-ChatGPT Transition
CLX,The Clorox Company,2484806.0,1763149831.0,"The Clorox Company, Q2 2022 Earnings Call, Feb 03, 2022",2022-02-03,420,0,0.0,2021–2022 Pre-ChatGPT Transition
CLX,The Clorox Company,2550449.0,1776953182.0,"The Clorox Company, Q3 2022 Earnings Call, May 02, 2022",2022-05-02,378,0,0.0,2021–2022 Pre-ChatGPT Transition
CLX,The Clorox Company,2614634.0,1789848893.0,"The Clorox Company, Q4 2022 Earnings Call, Aug 03, 2022",2022-08-03,506,0,0.0,2021–2022 Pre-ChatGPT Transition
CLX,The Clorox Company,2671026.0,1803032077.0,"The Clorox Company, Q1 2023 Earnings Call, Nov 01, 2022",2022-11-01,469,0,0.0,2021–2022 Pre-ChatGPT Transition
CLX,The Clorox Company,2728364.0,1820681772.0,"The Clorox Company, Q2 2023 Earnings Call, Feb 02, 2023",2023-02-02,603,0,0.0,2023 Initial GenAI Surge
CLX,The Clorox Company,2792017.0,1832914719.0,"The Clorox Company, Q3 2023 Earnings Call, May 02, 2023",2023-05-02,594,0,0.0,2023 Initial GenAI Surge
CLX,The Clorox Company,2867809.0,1847087354.0,"The Clorox Company, Q4 2023 Earnings Call, Aug 02, 2023",2023-08-02,584,0,0.0,2023 Initial GenAI Surge
CLX,The Clorox Company,2933080.0,1860155240.0,"The Clorox Company, Q1 2024 Earnings Call, Nov 01, 2023",2023-11-01,411,0,0.0,2023 Initial GenAI Surge
CLX,The Clorox Company,3040136.0,1867989221.0,"The Clorox Company, Q2 2024 Earnings Call, Feb 01, 2024",2024-02-01,628,0,0.0,2024–2025 AI Adoption Period
CLX,The Clorox Company,3103527.0,1877763628.0,"The Clorox Company, Q3 2024 Earnings Call, Apr 30, 2024",2024-04-30,447,0,0.0,2024–2025 AI Adoption Period
CLX,The Clorox Company,3211176.0,1887717587.0,"The Clorox Company, Q4 2024 Earnings Call, Aug 01, 2024",2024-08-01,679,0,0.0,2024–2025 AI Adoption Period
CLX,The Clorox Company,3295244.0,1900288777.0,"The Clorox Company, Q1 2025 Earnings Call, Oct 30, 2024",2024-10-30,559,0,0.0,2024–2025 AI Adoption Period
CLX,The Clorox Company,3364731.0,1916503604.0,"The Clorox Company, Q2 2025 Earnings Call, Feb 04, 2025",2025-02-03,669,1,0.0014947683109118,2024–2025 AI Adoption Period
CLX,The Clorox Company,3495740.0,1938677626.0,"The Clorox Company, Q3 2025 Earnings Call, May 05, 2025",2025-05-05,574,0,0.0,2024–2025 AI Adoption Period
CLX,The Clorox Company,3511453.0,1953010545.0,"The Clorox Company, Q4 2025 Earnings Call, Jul 31, 2025",2025-07-31,669,6,0.0089686098654708,2024–2025 AI Adoption Period
CLX,The Clorox Company,3588589.0,1965906276.0,"The Clorox Company, Q1 2026 Earnings Call, Nov 03, 2025",2025-11-03,456,0,0.0,2024–2025 AI Adoption Period
COO,"The Cooper Companies, Inc.",2231250.0,703368159.0,"The Cooper Companies, Inc., Q1 2021 Earnings Call, Mar 04, 2021",2021-03-04,632,0,0.0,2021–2022 Pre-ChatGPT Transition
COO,"The Cooper Companies, Inc.",2309692.0,713140998.0,"The Cooper Companies, Inc., Q2 2021 Earnings Call, Jun 03, 2021",2021-06-03,631,1,0.0015847860538827,2021–2022 Pre-ChatGPT Transition
COO,"The Cooper Companies, Inc.",2400274.0,1675611847.0,"The Cooper Companies, Inc., Q3 2021 Earnings Call, Sep 02, 2021",2021-09-02,620,1,0.0016129032258064,2021–2022 Pre-ChatGPT Transition
COO,"The Cooper Companies, Inc.",2454786.0,1686892014.0,"The Cooper Companies, Inc., Q4 2021 Earnings Call, Dec 02, 2021",2021-12-02,610,0,0.0,2021–2022 Pre-ChatGPT Transition
COO,"The Cooper Companies, Inc.",2516367.0,1765634506.0,"The Cooper Companies, Inc., Q1 2022 Earnings Call, Mar 03, 2022",2022-03-03,460,0,0.0,2021–2022 Pre-ChatGPT Transition
COO,"The Cooper Companies, Inc.",2584169.0,1781083893.0,"The Cooper Companies, Inc., Q2 2022 Earnings Call, Jun 02, 2022",2022-06-02,587,1,0.0017035775127768,2021–2022 Pre-ChatGPT Transition
COO,"The Cooper Companies, Inc.",2640461.0,1793408190.0,"The Cooper Companies, Inc., Q3 2022 Earnings Call, Aug 31, 2022",2022-08-31,474,0,0.0,2021–2022 Pre-ChatGPT Transition
COO,"The Cooper Companies, Inc.",2707713.0,1814060323.0,"The Cooper Companies, Inc., Q4 2022 Earnings Call, Dec 08, 2022",2022-12-08,481,0,0.0,2023 Initial GenAI Surge
COO,"The Cooper Companies, Inc.",2756936.0,1822408154.0,"The Cooper Companies, Inc., Q1 2023 Earnings Call, Mar 02, 2023",2023-03-02,550,0,0.0,2023 Initial GenAI Surge
COO,"The Cooper Companies, Inc.",2830273.0,1828327476.0,"The Cooper Companies, Inc., Q2 2023 Earnings Call, Jun 01, 2023",2023-06-01,557,0,0.0,2023 Initial GenAI Surge
COO,"The Cooper Companies, Inc.",2899503.0,1840899606.0,"The Cooper Companies, Inc., Q3 2023 Earnings Call, Aug 30, 2023",2023-08-30,486,0,0.0,2023 Initial GenAI Surge
COO,"The Cooper Companies, Inc.",3027813.0,1854629160.0,"The Cooper Companies, Inc., Q4 2023 Earnings Call, Dec 07, 2023",2023-12-07,487,0,0.0,2023 Initial GenAI Surge
COO,"The Cooper Companies, Inc.",3045883.0,1864916978.0,"The Cooper Companies, Inc., Q1 2024 Earnings Call, Feb 29, 2024",2024-02-29,555,1,0.0018018018018018,2024–2025 AI Adoption Period
COO,"The Cooper Companies, Inc.",3237852.0,1873346622.0,"The Cooper Companies, Inc., Q2 2024 Earnings Call, May 30, 2024",2024-05-30,554,0,0.0,2024–2025 AI Adoption Period
COO,"The Cooper Companies, Inc.",3245052.0,1885021417.0,"The Cooper Companies, Inc., Q3 2024 Earnings Call, Aug 28, 2024",2024-08-28,516,0,0.0,2024–2025 AI Adoption Period
COO,"The Cooper Companies, Inc.",3333149.0,1892862622.0,"The Cooper Companies, Inc., Q4 2024 Earnings Call, Dec 05, 2024",2024-12-05,593,1,0.0016863406408094,2024–2025 AI Adoption Period
COO,"The Cooper Companies, Inc.",3394952.0,1912034171.0,"The Cooper Companies, Inc., Q1 2025 Earnings Call, Mar 06, 2025",2025-03-06,615,1,0.0016260162601626,2024–2025 AI Adoption Period
COO,"The Cooper Companies, Inc.",3489946.0,1934354869.0,"The Cooper Companies, Inc., Q2 2025 Earnings Call, May 29, 2025",2025-05-29,617,0,0.0,2024–2025 AI Adoption Period
COO,"The Cooper Companies, Inc.",3536212.0,1945708642.0,"The Cooper Companies, Inc., Q3 2025 Earnings Call, Aug 27, 2025",2025-08-27,604,1,0.0016556291390728,2024–2025 AI Adoption Period
COO,"The Cooper Companies, Inc.",3614233.0,1959040470.0,"The Cooper Companies, Inc., Q4 2025 Earnings Call, Dec 04, 2025",2025-12-04,605,5,0.0082644628099173,2024–2025 AI Adoption Period
EL,The Estée Lauder Companies Inc.,2240490.0,659845728.0,"The Estée Lauder Companies Inc., Q2 2021 Earnings Call, Feb 05, 2021",2021-02-05,466,1,0.0021459227467811,2021–2022 Pre-ChatGPT Transition
EL,The Estée Lauder Companies Inc.,2267268.0,654664824.0,"The Estée Lauder Companies Inc., Q3 2021 Earnings Call, May 03, 2021",2021-05-03,413,0,0.0,2021–2022 Pre-ChatGPT Transition
EL,The Estée Lauder Companies Inc.,2473957.0,654661808.0,"The Estée Lauder Companies Inc., Q4 2021 Earnings Call, Aug 19, 2021",2021-08-19,453,0,0.0,2021–2022 Pre-ChatGPT Transition
EL,The Estée Lauder Companies Inc.,2421396.0,685664866.0,"The Estée Lauder Companies Inc., Q1 2022 Earnings Call, Nov 02, 2021",2021-11-02,465,0,0.0,2021–2022 Pre-ChatGPT Transition
EL,The Estée Lauder Companies Inc.,2484187.0,685665475.0,"The Estée Lauder Companies Inc., Q2 2022 Earnings Call, Feb 03, 2022",2022-02-03,440,0,0.0,2021–2022 Pre-ChatGPT Transition
EL,The Estée Lauder Companies Inc.,2551168.0,717175440.0,"The Estée Lauder Companies Inc., Q3 2022 Earnings Call, May 03, 2022",2022-05-03,409,0,0.0,2021–2022 Pre-ChatGPT Transition
EL,The Estée Lauder Companies Inc.,2634649.0,717175452.0,"The Estée Lauder Companies Inc., Q4 2022 Earnings Call, Aug 18, 2022",2022-08-18,520,0,0.0,2021–2022 Pre-ChatGPT Transition
EL,The Estée Lauder Companies Inc.,2672039.0,1771403522.0,"The Estée Lauder Companies Inc., Q1 2023 Earnings Call, Nov 02, 2022",2022-11-02,402,0,0.0,2021–2022 Pre-ChatGPT Transition
EL,The Estée Lauder Companies Inc.,2727579.0,1771403584.0,"The Estée Lauder Companies Inc., Q2 2023 Earnings Call, Feb 02, 2023",2023-02-02,423,0,0.0,2023 Initial GenAI Surge
EL,The Estée Lauder Companies Inc.,2792751.0,1771403559.0,"The Estée Lauder Companies Inc., Q3 2023 Earnings Call, May 03, 2023",2023-05-03,389,0,0.0,2023 Initial GenAI Surge
EL,The Estée Lauder Companies Inc.,2888320.0,1771403466.0,"The Estée Lauder Companies Inc., Q4 2023 Earnings Call, Aug 18, 2023",2023-08-18,441,2,0.0045351473922902,2023 Initial GenAI Surge
EL,The Estée Lauder Companies Inc.,2932365.0,1824782132.0,"The Estée Lauder Companies Inc., Q1 2024 Earnings Call, Nov 01, 2023",2023-11-01,422,1,0.0023696682464454,2023 Initial GenAI Surge
EL,The Estée Lauder Companies Inc.,3011750.0,1824782144.0,"The Estée Lauder Companies Inc., Q2 2024 Earnings Call, Feb 05, 2024",2024-02-05,391,0,0.0,2024–2025 AI Adoption Period
EL,The Estée Lauder Companies Inc.,3105013.0,1824782152.0,"The Estée Lauder Companies Inc., Q3 2024 Earnings Call, May 01, 2024",2024-05-01,405,3,0.0074074074074074,2024–2025 AI Adoption Period
EL,The Estée Lauder Companies Inc.,3235346.0,1824782188.0,"The Estée Lauder Companies Inc., Q4 2024 Earnings Call, Aug 19, 2024",2024-08-19,410,2,0.0048780487804878,2024–2025 AI Adoption Period
EL,The Estée Lauder Companies Inc.,3295237.0,1879940218.0,"The Estée Lauder Companies Inc., Q1 2025 Earnings Call, Oct 31, 2024",2024-10-31,365,1,0.0027397260273972,2024–2025 AI Adoption Period
EL,The Estée Lauder Companies Inc.,3365272.0,1879940256.0,"The Estée Lauder Companies Inc., Q2 2025 Earnings Call, Feb 04, 2025",2025-02-04,419,7,0.0167064439140811,2024–2025 AI Adoption Period
EL,The Estée Lauder Companies Inc.,3432695.0,1879940436.0,"The Estée Lauder Companies Inc., Q3 2025 Earnings Call, May 01, 2025",2025-05-01,504,1,0.0019841269841269,2024–2025 AI Adoption Period
EL,The Estée Lauder Companies Inc.,3531867.0,1891831104.0,"The Estée Lauder Companies Inc., Q4 2025 Earnings Call, Aug 20, 2025",2025-08-20,537,3,0.0055865921787709,2024–2025 AI Adoption Period
EL,The Estée Lauder Companies Inc.,3576715.0,1904530106.0,"The Estée Lauder Companies Inc., Q1 2026 Earnings Call, Oct 30, 2025",2025-10-30,433,1,0.0023094688221709,2024–2025 AI Adoption Period
DIS,The Walt Disney Company,2207284.0,700385068.0,"The Walt Disney Company, Q1 2021 Earnings Call, Feb 11, 2021",2021-02-11,432,0,0.0,2021–2022 Pre-ChatGPT Transition
DIS,The Walt Disney Company,2639152.0,707695573.0,"The Walt Disney Company, Q2 2021 Earnings Call, May 13, 2021",2021-05-13,436,0,0.0,2021–2022 Pre-ChatGPT Transition
DIS,The Walt Disney Company,2377637.0,1672548011.0,"The Walt Disney Company, Q3 2021 Earnings Call, Aug 12, 2021",2021-08-12,436,0,0.0,2021–2022 Pre-ChatGPT Transition
DIS,The Walt Disney Company,2434628.0,1684524962.0,"The Walt Disney Company, Q4 2021 Earnings Call, Nov 10, 2021",2021-11-10,390,0,0.0,2021–2022 Pre-ChatGPT Transition
DIS,The Walt Disney Company,2489700.0,1763490359.0,"The Walt Disney Company, Q1 2022 Earnings Call, Feb 09, 2022",2022-02-09,386,0,0.0,2021–2022 Pre-ChatGPT Transition
DIS,The Walt Disney Company,2563986.0,1777422486.0,"The Walt Disney Company, Q2 2022 Earnings Call, May 11, 2022",2022-05-11,406,0,0.0,2021–2022 Pre-ChatGPT Transition
DIS,The Walt Disney Company,2626681.0,1789888310.0,"The Walt Disney Company, Q3 2022 Earnings Call, Aug 10, 2022",2022-08-10,377,0,0.0,2021–2022 Pre-ChatGPT Transition
DIS,The Walt Disney Company,2680133.0,1803335642.0,"The Walt Disney Company, Q4 2022 Earnings Call, Nov 08, 2022",2022-11-08,374,0,0.0,2021–2022 Pre-ChatGPT Transition
DIS,The Walt Disney Company,2732280.0,1820849694.0,"The Walt Disney Company, Q1 2023 Earnings Call, Feb 08, 2023",2023-02-08,418,0,0.0,2023 Initial GenAI Surge
DIS,The Walt Disney Company,2820421.0,1832238359.0,"The Walt Disney Company, Q2 2023 Earnings Call, May 10, 2023",2023-05-10,392,7,0.0178571428571428,2023 Initial GenAI Surge
DIS,The Walt Disney Company,3083675.0,1846939742.0,"The Walt Disney Company, Q3 2023 Earnings Call, Aug 09, 2023",2023-08-09,332,0,0.0,2023 Initial GenAI Surge
DIS,The Walt Disney Company,2943459.0,1857960588.0,"The Walt Disney Company, Q4 2023 Earnings Call, Nov 08, 2023",2023-11-08,381,0,0.0,2023 Initial GenAI Surge
DIS,The Walt Disney Company,3092773.0,1867186659.0,"The Walt Disney Company, Q1 2024 Earnings Call, Feb 07, 2024",2024-02-07,408,0,0.0,2024–2025 AI Adoption Period
DIS,The Walt Disney Company,3112805.0,1877647451.0,"The Walt Disney Company, Q2 2024 Earnings Call, May 07, 2024",2024-05-07,360,0,0.0,2024–2025 AI Adoption Period
DIS,The Walt Disney Company,3216228.0,1888346800.0,"The Walt Disney Company, Q3 2024 Earnings Call, Aug 07, 2024",2024-08-07,259,0,0.0,2024–2025 AI Adoption Period
DIS,The Walt Disney Company,3346026.0,1899332206.0,"The Walt Disney Company, Q4 2024 Earnings Call, Nov 14, 2024",2024-11-14,317,1,0.0031545741324921,2024–2025 AI Adoption Period
DIS,The Walt Disney Company,3366145.0,1914766162.0,"The Walt Disney Company, Q1 2025 Earnings Call, Feb 05, 2025",2025-02-05,252,1,0.0039682539682539,2024–2025 AI Adoption Period
DIS,The Walt Disney Company,3478514.0,1937790684.0,"The Walt Disney Company, Q2 2025 Earnings Call, May 07, 2025",2025-05-07,317,0,0.0,2024–2025 AI Adoption Period
DIS,The Walt Disney Company,3533827.0,1951603355.0,"The Walt Disney Company, Q3 2025 Earnings Call, Aug 06, 2025",2025-08-06,297,0,0.0,2024–2025 AI Adoption Period
DIS,The Walt Disney Company,3592405.0,1962760717.0,"The Walt Disney Company, Q4 2025 Earnings Call, Nov 13, 2025",2025-11-13,304,7,0.0230263157894736,2024–2025 AI Adoption Period
